lake,date,air_temp_c,specific_humidity,surface_pressure_pa,wind_speed_ms,shortwave_wm2,longwave_wm2,cape_jkg,precip_kg_m2,hours
Atsion Lake,2015-06-03,14.75333175659182,0.009377216765036186,102006.04036458333,5.941977330728341,83.00137903292973,380.63248952229816,0.0,3.6935999803245068,24
Atsion Lake,2015-06-04,15.221248881022158,0.009658004234855374,102117.2900390625,6.118155045746405,94.83108846346538,375.3512420654297,0.0,0.00039999998989515007,24
Atsion Lake,2015-06-05,15.896665191650413,0.01021944172680378,101734.87109375,4.8700045411370025,126.58975480000178,387.3399887084961,0.0,4.1587999076000415,24
Atsion Lake,2015-06-06,19.4712476094564,0.011984904413111508,101147.61490885417,2.5475771194653545,251.07717760403952,382.05166244506836,460.91736300786334,0.6251999689266086,24
Atsion Lake,2015-06-07,18.294165547688824,0.01025815432270368,101868.5673828125,2.9831262683758433,332.13860058784485,324.0129089355469,57.79467070102692,0.0,24
Atsion Lake,2015-06-08,19.883340454101585,0.011971633532084525,101471.76171875,5.886517621577242,300.1921812693278,349.5529098510742,98.58400694529216,0.03280000016093254,24
Atsion Lake,2015-06-09,23.715005493164085,0.014583466807380319,100615.26529947917,6.766533839711318,261.5736417770386,405.3187446594238,652.3520228068033,13.215199563885108,24
Atsion Lake,2016-07-07,27.262083943684917,0.017756529462834198,100765.39225260417,2.724516852892108,274.1446005503337,410.4570681254069,1183.288070678711,0.4891999824321829,24
Atsion Lake,2016-07-08,28.42374699910484,0.01843434611024956,100703.02473958333,2.5526126838837446,300.658931016922,432.1516583760579,1256.3493957519531,4.9983999049291015,24
Atsion Lake,2016-07-09,24.34415969848635,0.016839187902708847,100845.27278645833,3.911595963704547,187.20842703183493,419.5662422180176,361.1413489977519,19.649599035008578,24
Atsion Lake,2016-07-10,24.04249725341799,0.014187304341855148,100987.99479166667,3.495020782873018,316.6455541451772,390.73374048868817,255.68534663319588,0.25279999570921063,24
Atsion Lake,2016-07-11,23.767912801106792,0.012415979367991289,101610.087890625,3.158718169714646,326.2255579630534,376.268741607666,2.3386668084810176,0.0,24
Atsion Lake,2016-07-12,23.63124872843427,0.01247172934624056,101784.7802734375,2.266926211214878,331.6602625846863,352.6949882507324,4.37066677523156,0.0,24
Atsion Lake,2016-07-13,24.242086029052757,0.015241421099441746,101657.46061197917,3.8063724696516057,193.72459451357523,406.5074882507324,143.40267242987952,0.47439997777109966,24
Atsion Lake,2016-09-21,23.725414530436222,0.014293958471777538,101888.3154296875,2.5177909223138486,208.98925956090292,376.9987386067708,94.67733783274889,0.0,24
Atsion Lake,2016-09-22,21.995835876464866,0.011877666809596121,101880.15071614583,3.4248791620319268,220.83871746063232,343.18374252319336,0.0,0.0,24
Atsion Lake,2016-09-23,22.022500610351585,0.01210987102240324,101572.705078125,2.1647686824162515,220.89576331774393,348.3133265177409,29.9920015335083,0.0,24
Atsion Lake,2016-09-24,20.10708389282229,0.012324546036931375,101591.75358072917,3.5963844792009336,103.46296342213948,379.153325398763,11.91466702365627,0.6939999598253053,24
Atsion Lake,2016-09-25,17.113753255208355,0.007537641775949548,102003.09440104167,2.9654095131145035,221.7588835954666,329.5249900817871,6.840000308739643,0.0023999998811632395,24
Atsion Lake,2016-09-26,17.092501576741558,0.007127554252898942,101979.34147135417,3.5976722585811705,180.61309186617532,332.32915623982746,0.0,0.0,24
Atsion Lake,2016-09-27,21.062917327880882,0.012438562621052066,101287.07454427083,4.9834279276515145,165.09313535690308,389.0233217875163,3.7400001529604197,3.083599914534716,24
Atsion Lake,2017-04-20,15.109998321533226,0.008661566845451793,101865.83854166667,3.481291970355915,215.45684734980264,357.3904088338216,1.240000069141388,0.0,24
Atsion Lake,2017-04-21,16.06541722615562,0.009673437608095506,101199.75846354167,3.272073889015033,228.10913244883218,357.41832605997723,54.04933568338553,2.1719998984772246,24
Atsion Lake,2017-04-22,13.44833653767906,0.008823587636773786,101165.94563802083,2.994734162195567,57.06725231806437,362.68957392374676,0.3360000181322296,4.498799927270738,24
Atsion Lake,2017-04-23,11.15042902628583,0.006199808422631274,101655.74381510417,4.053204325634215,277.8677209218343,296.0395800272624,0.5440000295639038,0.420999986861716,24
Atsion Lake,2017-04-24,9.784583028157575,0.0063875542643169565,101845.9384765625,4.610610735863097,79.75129588445027,320.4466603597005,0.0,0.053599998354911804,24
Atsion Lake,2017-04-25,11.842081960042341,0.007946508470922709,101284.98828125,8.909531154345569,113.91187953948975,363.13540776570636,4.954666882753372,19.19959931448102,24
Atsion Lake,2017-04-26,15.37582677205406,0.009808712677719692,100549.51041666667,3.006128677356164,158.90467341740927,377.76958084106445,4.600000224386652,9.255199797451496,24
Atsion Lake,2017-05-24,15.267085011800154,0.009471845929510891,100646.25227864583,5.040685891471926,166.0595089395841,367.7524871826172,0.0,3.489799916744232,24
Atsion Lake,2017-05-25,16.148754374186222,0.010596491862088442,100206.63411458333,5.155286742119296,190.61604940891266,378.3108215332031,152.33067409197488,16.104399577714503,24
Atsion Lake,2017-05-26,18.702910359700542,0.010926420994413396,100120.18424479167,5.776809499289647,276.9678863286972,361.4399871826172,118.57867169380188,12.352199532761006,24
Atsion Lake,2017-05-27,18.765414174397808,0.010372208508973321,100982.22005208333,3.823761940963108,224.4365903933843,368.71583048502606,4.805333544810613,0.10999999567866325,24
Atsion Lake,2017-05-28,18.533330535888695,0.011386775178834796,101130.25,3.329128402772035,186.7497994105021,375.4745737711589,0.5440000295639038,0.01119999960064888,24
Atsion Lake,2017-05-29,16.72874730428062,0.010760608439644178,101075.91178385417,4.09699237013842,164.36300693949065,384.81874084472656,3.0000001589457193,4.7279999139136635,24
Atsion Lake,2017-05-30,15.625835673014345,0.010091141914017498,101808.96809895833,4.210852741451146,135.35354761282602,361.3012466430664,3.384000197673837,1.704800014384091,24
Atsion Lake,2017-05-31,19.667915598551456,0.012200062745250762,101510.70572916667,2.9270513031657313,310.64130687713623,366.6966616312663,679.0106937885284,0.9511999785900116,24
Atsion Lake,2017-06-01,20.665415700276714,0.011233554338105023,101289.58203125,4.055008984027981,330.0976432959239,338.5604057312012,305.312016805013,0.0,24
Atsion Lake,2017-06-02,19.724585469563824,0.00896320006965349,101337.1865234375,2.9235007340025856,323.992059191068,328.34249750773114,125.30934033791225,0.0,24
Atsion Lake,2017-06-03,17.82416687011721,0.007986300120440623,101416.78743489583,3.90218996345447,306.7055953343709,317.84166463216144,70.98667011223733,0.0,24
Atsion Lake,2017-06-04,18.095413462320987,0.009448745947641632,101398.12825520833,2.8666802802965683,239.90038665135702,328.6229070027669,52.97333533565203,0.0,24
Atsion Lake,2017-06-05,21.612922922770206,0.013812362604464093,100624.72395833333,3.2612246560905405,230.3879272143046,376.8854103088379,672.8560301462809,5.785199820995331,24
Atsion Lake,2017-06-06,18.331248219807964,0.011859995972675582,100534.841796875,3.3471007318700376,219.36005198955536,369.9537467956543,81.0293373465538,6.005599781870842,24
Atsion Lake,2017-06-07,14.048332468668642,0.008404000118995706,101242.25651041667,4.181882070923738,225.97238783041635,341.2574920654297,6.658667027950287,0.6103999670594931,24
Atsion Lake,2017-06-08,15.470000203450544,0.008611150085926056,101370.9833984375,2.8744127152295604,316.23534870147705,306.6729100545247,0.0,0.0,24
Atsion Lake,2017-06-09,17.392502085367862,0.00914343351420636,100844.0615234375,3.2668008161691553,333.8754731814067,314.7958297729492,104.18133799235027,0.0,24
Atsion Lake,2017-06-10,21.306659952799503,0.010766587646988532,101369.97395833333,4.084901524976639,321.2270555496216,346.1466585795085,101.67467179894447,0.0,24
Atsion Lake,2017-06-11,24.057914988199894,0.013961800296480456,101716.66178385417,4.504386882480173,332.89343333244324,363.52790959676105,320.3253484964371,0.0,24
Atsion Lake,2017-06-12,25.757915751139347,0.015671796010186274,101546.54166666667,3.7977569350660763,331.0264763037364,380.54332733154297,848.67471853892,0.0,24
Atsion Lake,2017-07-05,24.417918141682964,0.014468487662573656,101859.51334635417,3.143560287133319,295.6523072719574,392.3349838256836,184.72267548243204,0.036799998430069536,24
Atsion Lake,2017-07-06,22.039997355143253,0.014022850121061007,101793.7412109375,4.228720675007797,172.29163440068564,383.17831802368164,41.6586691516762,2.5015999916940928,24
Atsion Lake,2017-07-07,23.034164683024112,0.015648291873124737,100899.24381510417,2.7154529284844955,189.78501145044962,410.0487403869629,105.91733926534653,3.5223998359579127,24
Atsion Lake,2017-07-08,25.876667277018253,0.015055771024587253,100675.65266927083,4.0638431865810185,320.03488969802856,388.2587407430013,500.7546896934509,11.201599755062489,24
Atsion Lake,2017-07-09,23.370420074462913,0.011776379309594631,101298.46126302083,3.108229384346053,338.77859989802045,356.42540740966797,85.64267094930013,0.0,24
Atsion Lake,2017-07-10,23.93041508992515,0.012884750108545026,101637.8251953125,3.4437101767579823,319.21380201975506,364.7737503051758,148.25067323446274,0.2255999967455864,24
Atsion Lake,2017-07-11,26.740834808349632,0.01582538759491096,101325.75325520833,5.171389897469138,321.8254346847534,392.00457763671875,815.6986935933431,0.5991999739781022,24
Atsion Lake,2017-07-12,27.860411580403667,0.01666743781728049,101390.51399739583,4.789681941720524,291.35434738794964,410.08457946777344,1180.4507242838542,0.0,24
Atsion Lake,2017-07-13,28.845416005452496,0.0175028001734366,101476.05501302083,4.391373186092663,284.1483461856842,417.5391553243001,1547.613395690918,0.01679999940097332,24
Atsion Lake,2017-07-14,26.350000000000023,0.01783690438605845,101512.53548177083,3.4180492369996283,190.09663542111716,423.18665440877277,758.2186991373698,33.068798737134784,24
Atsion Lake,2017-07-15,25.55666249593101,0.016332916799001396,101294.4453125,1.9024087265392213,248.35176165898642,408.7666524251302,507.70135498046875,6.2791998711181805,24
Atsion Lake,2017-07-16,25.610832468668644,0.014765979295286039,101288.13118489583,1.647380265121699,329.3375600973765,391.182071685791,257.90667706448585,0.0,24
Atsion Lake,2017-07-17,25.361670430501324,0.016219662696433563,101498.76888020833,3.5316621685523213,312.15030296643573,381.08249282836914,1285.4320551554363,0.0,24
Atsion Lake,2017-08-04,25.339584604899112,0.016376512746016186,101554.11263020833,4.450869572405283,305.1656397680442,392.4029057820638,1088.8080596923828,0.006399999838322401,24
Atsion Lake,2017-08-05,24.55500691731773,0.015311154498097798,101134.728515625,4.861642189042336,256.588344424963,392.3766555786133,777.6160343488058,4.678399883210659,24
Atsion Lake,2017-08-06,20.755830383300804,0.010500229390648505,101662.75618489583,4.470265991031715,262.98559897874173,340.84207407633465,2.056000034014384,0.0,24
Atsion Lake,2017-08-07,20.664998626709007,0.013317104312591255,101615.45475260417,3.086572069052899,140.9578395856855,388.05915451049805,32.65066805481911,32.56159951584414,24
Atsion Lake,2017-08-08,21.685833231608097,0.013325433518427113,101251.52897135417,2.6817980852165992,215.22567399342856,395.1741549173991,31.677335282166798,2.03319994173944,24
Atsion Lake,2017-08-09,22.5812444051107,0.0123916210529084,101934.36263020833,1.8735855368410783,308.0583486557007,348.1016553243001,16.389334162076313,0.0,24
Atsion Lake,2017-08-10,21.98750203450523,0.012659291892002026,102179.99967447917,2.109526718719992,305.4768063227336,343.5399932861328,14.624000688393911,0.0,24
Atsion Lake,2017-09-21,23.576250966389996,0.013690741849131882,101436.93619791667,3.449521397908221,210.0394295056661,380.0762405395508,98.1653378981476,0.0,24
Atsion Lake,2017-09-22,22.10749969482424,0.011681700202946862,101499.96614583333,5.135655968473128,185.62792444229126,367.353323618571,3.429333448410034,0.0,24
Atsion Lake,2017-09-23,23.07249730428062,0.01228422112762928,101467.158203125,4.110912530209259,216.4955092271169,386.783743540446,0.0,0.0,24
Atsion Lake,2017-09-24,23.175831095377628,0.012465391773730516,101630.18522135417,2.396383814765924,216.99459437529245,364.18582280476886,0.0,0.0,24
Atsion Lake,2017-09-25,22.831670379638695,0.013557904322321216,101566.6552734375,2.701847096714254,212.5568434794744,371.40748596191406,11.581333468357721,0.0,24
Atsion Lake,2017-09-26,22.050828552246116,0.013806245910624662,101536.68815104167,4.050987620730219,199.68405242760977,374.5624885559082,10.797333796819052,0.0,24
Atsion Lake,2017-09-27,23.411668395996116,0.015240929283512136,101016.45084635417,6.287045515693684,190.1560923655828,389.85040791829425,183.40000875790915,0.0,24
Atsion Lake,2017-09-28,22.366250610351585,0.012706612702459097,100674.9140625,5.730304715204628,213.04380432764688,358.3662414550781,17.994667609532673,0.0,24
Atsion Lake,2017-09-29,14.607915496826195,0.006993883483422299,101537.64453125,3.968964162386254,201.98292646805444,305.12665430704754,0.0,0.0,24
Atsion Lake,2017-09-30,15.813747660319033,0.007520391761014859,101829.8369140625,4.564047559934905,200.48722030719122,323.21790822347003,5.800000220537186,0.012000000104308128,24
Atsion Lake,2017-10-01,14.913752492268904,0.007540445891208947,102558.45149739583,4.45821894949089,193.35767515500388,340.5399907430013,0.4000000059604645,0.0,24
Atsion Lake,2017-10-02,14.926666514078798,0.006836316761715959,102672.28483072917,2.5100644672600234,218.2554287413756,293.40582911173504,0.0,0.0,24
Atsion Lake,2017-10-03,15.416666920979841,0.007921445920752982,103263.95442708333,3.1979837934198545,196.37017614394426,310.7379086812337,2.9173334731409946,0.0,24
Atsion Lake,2017-10-04,16.29041951497398,0.008765541734949997,102921.2255859375,3.086133854620721,212.2433875401815,305.17457326253253,0.0,0.0,24
Atsion Lake,2018-06-26,19.99457702636721,0.010647479289521774,102100.80045572917,3.135210517483681,337.26105936368305,331.2108217875163,11.725333829720816,0.0,24
Atsion Lake,2018-06-27,21.15791473388674,0.013563708518631756,101708.015625,5.390664301687118,219.67575685183206,362.7779134114583,49.232002938476704,0.0,24
Atsion Lake,2018-06-28,24.695830281575542,0.016122929325016837,100882.05045572917,5.5320348080974355,239.80213705698648,407.6129086812337,913.4667123158773,2.5263998564332724,24
Atsion Lake,2018-06-29,26.149996693929058,0.015781829327655334,101150.22526041667,2.791941557862303,330.8452242215474,394.32207107543945,605.5813665390015,0.003999999724328518,24
Atsion Lake,2018-06-30,26.66624730428062,0.015689658583141863,101536.3017578125,2.4975700057994823,330.8216807047526,383.79748789469403,422.2640175394093,0.0,24
Atsion Lake,2018-07-01,27.29958241780601,0.01660865863474707,101535.111328125,2.8830069270293763,331.20051590601605,388.9091567993164,1299.1014022827148,0.0,24
Atsion Lake,2018-07-02,27.711667633056663,0.01783560437615961,101620.73046875,2.4613481439709504,334.38093344370526,395.07874298095703,1875.7387619018555,0.0,24
Atsion Lake,2018-07-05,26.39416910807294,0.01786322519183159,102342.08235677083,3.6042297520893,279.1285141309102,410.4904073079427,1419.402712504069,0.12039999291300774,24
Atsion Lake,2018-07-06,26.724167124430362,0.017795625142753124,101744.97200520833,5.047894454968299,187.10879723230997,426.5874938964844,1175.1787185668945,15.799999870767351,24
Atsion Lake,2018-07-07,21.377913411458355,0.011365758526759842,102224.0126953125,5.95694672482956,335.3803512255351,337.9987449645996,42.46933573484421,0.0,24
Atsion Lake,2018-07-08,19.687913513183616,0.009906375082209706,102555.80403645833,4.160782632508989,344.92476868629456,318.0808245340983,0.0,0.0,24
Atsion Lake,2018-07-09,21.388744608561222,0.010075466823764145,102169.857421875,2.0891453295661706,344.0565576553345,322.97999318440753,0.0,0.0,24
Atsion Lake,2018-07-10,22.990834808349632,0.01214554599331071,101410.36848958333,3.677099448116872,337.04347523053485,350.62832768758136,51.53866946697235,0.0,24
Atsion Lake,2018-07-11,25.58916880289716,0.014412733454567691,101147.59114583333,3.022166388119397,311.7735565503438,387.0912399291992,633.2346909840902,0.0,24
Atsion Lake,2018-09-12,24.5649976094564,0.01677378771516184,102024.458984375,2.666347865197873,159.90562876065573,417.907906850179,568.1973641713461,12.286799542838708,24
Atsion Lake,2018-09-13,23.163332875569683,0.0157946376906087,102179.35416666667,5.573877842150801,183.55113252003989,397.88623809814453,165.85600566864014,0.00039999998989515007,24
Atsion Lake,2018-09-14,22.868755594889347,0.015224775183014572,102092.29557291667,5.696207492529397,185.58426026503244,396.5062370300293,86.05066932241122,1.0251999609172344,24
Atsion Lake,2018-09-15,22.081255849202496,0.015036708442494273,102027.140625,3.625811400886653,130.95684083302817,397.9199905395508,15.805334031581879,2.202399954199791,24
Atsion Lake,2018-09-16,22.126663462320987,0.013916283457850417,102085.2578125,2.280547508739712,234.2099288304647,362.44082768758136,27.79733455181122,0.0,24
Atsion Lake,2018-09-17,23.082498168945335,0.015225596182669202,101852.890625,3.351862380429815,169.5736357072989,382.3416570027669,196.15734167614332,0.11479999765288085,24
Atsion Lake,2018-09-18,23.930003102620464,0.016623050207272172,100883.70703125,4.424650525016925,133.89513187358776,419.90040334065753,225.50134523709616,22.226399987004697,24
Atsion Lake,2018-10-12,19.120830790201847,0.01210147091963639,100143.71647135417,6.278864441716327,197.08480517069498,353.95457458496094,155.81067579984665,84.48019753530389,24
Atsion Lake,2018-10-13,10.345835622151716,0.006390729278791696,101009.92154947917,4.1092950854853365,108.96983949343364,305.96999740600586,3.33866677681605,0.6795999770984054,24
Atsion Lake,2018-10-14,9.916246032714866,0.005841912604713191,102061.82356770833,2.9703087843564795,130.29037968317667,295.14832560221356,0.0,0.11259999463800341,24
Atsion Lake,2018-10-15,15.982911682128929,0.010264783476789793,101803.54915364583,5.240628748664394,72.23229630788167,375.48916244506836,26.136001745859783,4.800800047814846,24
Atsion Lake,2018-10-16,15.236667887369814,0.008110379218123853,101658.43684895833,5.562164039191326,182.1738026936849,335.3787422180176,66.91200256347656,6.753999845532235,24
Atsion Lake,2018-10-17,12.227915700276716,0.006465725038045396,101530.26236979167,6.109988465532776,186.71784392992654,294.8599967956543,5.837333639462789,0.0,24
Atsion Lake,2018-10-18,7.717092132568382,0.0043316792192248,102413.8798828125,7.41532515274837,131.46646428108215,304.7249946594238,14.94933400551478,0.0,24
Atsion Lake,2019-09-11,24.101256306966167,0.01472023754225423,102149.3203125,4.557907179716486,239.9460555712382,382.03915150960285,533.1973531246185,0.0,24
Atsion Lake,2019-09-12,26.39624938964846,0.01640297519043088,101659.67024739583,3.9269221749030474,186.21059211095175,419.4624888102214,1186.4427242279053,0.0,24
Atsion Lake,2019-09-13,20.073330179850284,0.011341166798956692,102581.38509114583,7.714549288106352,161.72188127040863,390.3424949645996,6.554667015870412,0.0,24
Atsion Lake,2019-09-14,19.55999908447268,0.011600741844934722,102465.20475260417,4.043933956982538,110.00817060470581,373.87040456136066,0.0,0.0,24
Atsion Lake,2019-09-15,24.186664835612003,0.014682420917476216,101972.00651041667,2.792124681225419,216.64979922771454,400.9429105122884,245.49867828687033,0.0,24
Atsion Lake,2019-09-16,22.194168345133487,0.011515666847117245,101595.859375,1.500178148127934,188.60734341541925,366.9554087320964,1.9120001246531804,0.0,24
Atsion Lake,2019-09-17,21.216247812906925,0.011129704265234372,101701.15006510417,4.113073916574874,217.05476160844168,369.1108283996582,2.544000117108226,0.0,24
Atsion Lake,2019-09-20,16.067918395996116,0.006694870942737907,102386.0087890625,3.7600212914242506,234.46817922592163,294.34874471028644,0.0,0.0,24
Atsion Lake,2019-09-21,18.842502848307316,0.008710829230646292,102186.564453125,3.769740191529925,229.86875732739767,323.7245788574219,0.0,0.0,24
Atsion Lake,2019-09-22,21.976256306966167,0.011887550082368156,101956.30143229167,3.544881999854139,211.51226019859314,363.69540786743164,3.312000274658203,0.0,24
Atsion Lake,2019-09-23,24.75041478474937,0.0128583541760842,101219.61588541667,5.991810560084815,215.49142718315125,379.75290298461914,8.317333698272705,0.0,24
Atsion Lake,2019-09-24,22.460833485921246,0.011014758454014858,100796.80989583333,5.243904877984322,223.10151370366415,357.68374252319336,32.053334613641105,0.0,24
Atsion Lake,2019-09-25,19.76291681925458,0.00872153346426785,101106.09440104167,3.1206188243736617,221.56438732147217,347.4270782470703,0.0,0.0,24
Atsion Lake,2019-09-26,21.37916463216148,0.01098857936449349,100861.720703125,4.535311370301526,196.42155035336813,356.5541521708171,12.328000664710999,0.0,24
Atsion Lake,2019-09-27,18.623745218912784,0.00818455422995612,101647.61393229167,3.8166999140326108,219.26147043704987,315.05082575480145,1.1173333525657654,0.0,24
Atsion Lake,2019-09-28,21.38916422526044,0.012238062646550437,101812.80045572917,3.789652284912225,179.87038473288217,370.99457422892254,490.62935024499893,0.0,24
Atsion Lake,2019-09-29,24.115828450520855,0.013780279473091165,101985.3056640625,3.8889860466876995,201.24571802218756,394.9858233133952,505.93602689603966,0.0,24
Atsion Lake,2019-09-30,19.52958450317385,0.010806400057238838,102361.9912109375,4.10033807839113,85.48029519120853,380.7895762125651,0.0,0.0,24
Atsion Lake,2019-10-01,21.761257425944034,0.010858050237099329,101866.60514322917,4.232352369233385,178.71954895059267,398.566655476888,0.8160000443458557,0.0,24
Atsion Lake,2019-10-04,19.565413411458355,0.010495225200429559,101564.322265625,5.468453750172714,209.82434304555258,356.66332244873047,12.749334052205086,0.0,24
Atsion Lake,2019-10-05,11.543331400553408,0.005624004212828974,102692.9326171875,5.247459257484378,214.72246646881104,275.31832631429035,0.0,0.0,24
Atsion Lake,2019-10-06,16.02917124430341,0.009112525052235773,102522.29720052083,5.901269604442182,79.21771279970805,357.3283233642578,4.530666931842764,0.0,24
Atsion Lake,2019-10-07,22.597079213460308,0.012360550191563865,102013.9365234375,6.830965692308754,134.39858961105347,410.60873794555664,53.92800233761469,0.0,24
Atsion Lake,2019-10-08,17.491250610351585,0.010624345935260257,102047.94303385417,6.315728286100609,45.92758536338806,385.6770718892415,54.08266909917196,0.0,24
Atsion Lake,2019-10-09,14.734586334228538,0.008714887662790716,102110.31640625,8.291881292588611,35.44321012496948,374.27331797281903,0.0,0.0,24
Atsion Lake,2019-10-10,14.638749694824241,0.0075761292440195875,102172.98665364583,8.592781712852751,78.8311284383138,371.57873916625977,0.0,0.0,24
Atsion Lake,2019-10-11,14.37707417805992,0.007234841740379731,101829.29134114583,8.14395308582037,88.92008598645528,360.61665471394855,0.0,0.0,24
Atsion Lake,2019-10-12,16.164170837402366,0.007920841764037808,101455.29361979167,4.227703023173037,179.51984119415283,358.0558230082194,0.0,0.0,24
Atsion Lake,2019-10-13,15.581252034505232,0.007105383439920843,101651.85579427083,2.6356429239060644,121.45163043340047,347.3366635640462,0.0,0.0,24
Atsion Lake,2019-10-14,16.25458170572919,0.008016650060502192,101436.1103515625,2.6511421271454405,184.66879844665527,351.23082478841144,0.0,0.0,24
Atsion Lake,2019-10-15,13.00375645955406,0.005447470912865053,101844.73046875,2.591372247302906,190.7318409283956,284.6241594950358,0.0,0.0,24
Atsion Lake,2019-10-16,15.210000610351585,0.008899579329105714,100923.724609375,5.958450789277545,121.24508825937907,329.69749450683594,84.49333731209238,0.0,24
Atsion Lake,2019-10-17,13.112922922770204,0.006646500085480511,99609.1435546875,11.6475681152863,125.71058956782024,318.3916600545247,8.808000385761261,0.0,24
Atsion Lake,2019-10-18,11.905836995442732,0.005537029239349067,100847.8798828125,7.300524852225503,183.31892410914102,300.266663869222,0.0,0.0,24
Atsion Lake,2019-10-19,9.284165954589866,0.004950979239462565,101629.6669921875,3.575987653382567,186.03201214472452,266.8074957529704,0.0,0.0,24
Atsion Lake,2019-10-20,11.789590454101585,0.007402704252551,101453.99772135417,3.588045013733543,39.807251830895744,330.1720771789551,0.0,0.0,24
Atsion Lake,2019-10-21,15.599165852864607,0.00880014174617827,101460.91861979167,6.668593118509453,170.7894655863444,352.3399963378906,0.0,0.0,24
Atsion Lake,2019-10-22,15.14457728068036,0.009440400113817304,101486.36002604167,4.151109115163069,97.76254630088806,349.9241600036621,0.0,1.4207999042409938,24
Atsion Lake,2020-07-07,24.740825907389347,0.016244216977308195,101716.58268229167,3.2682597295909477,262.91288805007935,404.77832412719727,718.9146944681803,0.9135999735444784,24
Atsion Lake,2020-07-08,25.840413665771507,0.016956437573147316,101514.00911458333,3.780807598361229,313.98251334826153,396.51207224527997,830.6773719787598,0.0,24
Atsion Lake,2020-07-09,26.10041198730471,0.0170254959181572,101353.38606770833,2.923295455963295,328.1483457883199,392.7237370808919,777.9733638763428,0.0,24
Atsion Lake,2020-07-10,24.20208384195966,0.01718349599589904,100993.0029296875,4.596036067905705,154.40804966290793,413.3866551717122,286.81334590911865,74.72439806722105,24
Atsion Lake,2020-07-11,25.90999501546226,0.0179302793306609,100500.60872395833,5.0531270048804116,253.45426110426584,416.12457275390625,1094.8027266661327,1.5951999798417091,24
Atsion Lake,2020-07-12,26.149580891927105,0.01514405442867428,100602.29166666667,4.134348712768028,331.2649708588918,386.2333272298177,334.73868322372437,0.006399999838322401,24
Atsion Lake,2020-07-13,25.825838979085308,0.015112579450942576,100745.3154296875,3.3089432143379347,315.0814700126648,389.43290583292645,585.0080273946127,0.10520000010728836,24
Atsion Lake,2020-07-14,24.233749643961612,0.012832670899418494,101224.51139322917,3.0133981513337464,330.99368381500244,364.60999298095703,155.0746749242147,0.0,24
Atsion Lake,2020-07-15,25.207505798339866,0.014513566818398735,101867.60970052083,3.066145737664449,296.85451674461365,402.4824905395508,71.91733635465305,0.0,24
Atsion Lake,2020-07-16,22.58500188191734,0.013582629423278073,102291.5634765625,4.1876311099419405,298.6350562572479,366.38582102457684,7.552000363667806,0.0,24
Atsion Lake,2020-07-17,23.88000005086265,0.015787871088832617,101957.91373697917,4.785334356154302,199.6447632908821,412.90957005818683,583.7920314073563,0.019399999524466693,24
Atsion Lake,2020-07-18,27.81874745686851,0.0188593667310973,101595.7412109375,2.5839515166438844,303.7817636728287,428.447073618571,2184.6480967203775,1.304800006444566,24
Atsion Lake,2020-07-19,27.3120793660482,0.01747023337520659,101343.9619140625,3.5941165379893234,325.6160583098729,385.6308288574219,1061.5467173258464,0.0,24
Atsion Lake,2020-07-20,29.39166412353518,0.018447208761548,101026.12923177083,4.299853686860762,310.42801602681476,423.08541107177734,1552.7680765787761,0.0,24
Atsion Lake,2020-07-21,28.705831146240257,0.016521125100553036,101359.14453125,2.3382934861882165,313.67693293094635,408.8766606648763,717.7253635724386,0.03359999926760793,24
Atsion Lake,2020-07-22,29.049167887369816,0.01852314593270421,101481.60807291667,2.703703253746074,305.0206017096837,428.42040888468426,1752.293421427409,4.11959982838016,24
Atsion Lake,2020-07-23,28.77583465576174,0.0191682626803716,101539.60123697917,3.641403189793463,239.4021791021029,435.7437400817871,2012.877421061198,16.115999300032854,24
Atsion Lake,2020-07-24,27.36374944051109,0.018066812539473176,101618.55533854167,1.994131402231709,173.9516316552957,430.77415466308594,1557.4187444051106,13.85379946231842,24
Atsion Lake,2020-07-25,26.34625396728518,0.01670130024043222,101752.11751302083,1.9468170471891975,310.11901591221493,402.1816571553548,876.5200462341309,0.0,24
Atsion Lake,2020-07-26,27.517498270670597,0.017506791821991403,101566.318359375,4.598727191382999,289.52105481425923,408.4983266194661,623.5413653055826,0.892799973487854,24
Atsion Lake,2020-07-27,27.912918345133487,0.016680662869475782,101022.49674479167,4.570459458356171,319.49626411994296,389.76915740966797,315.5893494685491,0.0,24
Atsion Lake,2020-07-31,26.40000178019208,0.0178637170077612,100790.06510416667,2.3544957180772825,166.6615078051885,426.69957605997723,851.4347127278646,11.631199798779562,24
Atsion Lake,2020-08-01,26.30500183105471,0.01645717928962161,101114.10611979167,1.7600441054074667,279.81125888228416,418.7045783996582,194.36534023284912,0.0,24
Atsion Lake,2020-08-02,26.93208211263023,0.018068229391550023,101176.28515625,5.189171843578731,248.23784605662027,411.9987449645996,1298.349400838216,0.0,24
Atsion Lake,2020-08-03,27.72208429972333,0.016976925156389672,101390.26497395833,4.369020041761415,274.836847414573,418.09290822347003,900.4480368296305,6.269999839365482,24
Atsion Lake,2020-08-04,25.4649965922038,0.01751876676765581,101061.22135416667,7.793898660606508,163.91230044762293,418.04291280110675,618.4160311911255,36.91359981056303,24
Atsion Lake,2020-08-05,26.003327941894554,0.015809483399304252,101422.392578125,3.245507558244809,305.24105216066044,397.22082138061523,540.6266930898031,0.301999993622303,24
Atsion Lake,2020-08-06,25.39376093546552,0.01647669612430036,101658.21614583333,2.613943878852483,225.73050921891505,414.6162414550781,677.157366434733,13.460799545049667,24
Atsion Lake,2020-08-07,24.017082468668644,0.015511621061402062,101754.69075520833,2.7157870104921624,264.8876381887433,394.2970720926921,482.58668835957843,0.1887999939499423,24
Atsion Lake,2020-08-08,24.014578755696636,0.015808800313000877,101898.80533854167,2.1939367906425398,236.25155099232992,405.4966557820638,637.4613726933798,19.943599477410316,24
Atsion Lake,2020-08-09,24.66625493367515,0.016018016845919192,101835.4951171875,2.4015580346819543,294.69863986968994,384.4699897766113,874.5253779093424,0.0,24
Atsion Lake,2020-08-10,26.722913360595726,0.017890062648802996,101608.3896484375,3.7025412044240418,293.3795102437337,410.1012420654297,1853.2267659505208,0.0,24
Atsion Lake,2020-08-11,26.512924448649112,0.017959620881204803,101368.41178385417,4.162689671007806,273.1722634633382,401.6904118855794,1438.4827295939128,0.0031999999191612005,24
Atsion Lake,2020-08-12,26.97333170572919,0.018683016998693347,101465.47526041667,3.2942773389689695,166.19996547698975,432.3137435913086,1767.8640899658203,10.039999932050705,24
Atsion Lake,2020-08-13,26.144995625813824,0.017385704598079126,101677.17350260417,1.8597577895013446,223.4768444697062,409.5995737711589,1091.7147267659504,5.2623997600749135,24
Atsion Lake,2020-09-05,22.190001424153667,0.010982470974947015,101857.0986328125,2.890293362374227,260.5115548769633,346.9816525777181,0.8266667121400436,0.0,24
Atsion Lake,2020-09-06,21.107503509521507,0.010259104349340001,102092.21061197917,1.8104567257055704,255.43838739395142,337.316655476888,19.690667748451233,0.0,24
Atsion Lake,2020-09-07,21.68416493733726,0.012916183603617052,101773.16796875,3.299607535524157,251.85547320048013,347.3949902852376,54.618669191996254,0.0,24
Atsion Lake,2020-09-08,22.971672312418644,0.01441861669688175,101823.40104166667,3.179850534843093,247.42547114690146,365.36999257405597,240.89068126678467,0.0,24
Atsion Lake,2020-09-09,23.449170684814476,0.015458679641596973,102205.84440104167,3.8918213182017776,173.7733392715454,391.4545707702637,262.8853443463643,1.1883999570272863,24
Atsion Lake,2020-09-10,24.73832982381187,0.016908337672551472,102207.541015625,2.8843701025656503,112.85883959134419,428.91832605997723,251.59734312693277,60.55999725844595,24
Atsion Lake,2020-09-11,23.777911122639996,0.01587448358380546,101871.71516927083,3.3969978892053607,167.19030038515726,414.0674934387207,44.89066869020462,18.298599251545966,24
Atsion Lake,2020-10-16,16.329579925537132,0.010814666786851982,101529.20149739583,5.024364844513454,56.350794196128845,370.62749099731445,22.954667886098225,32.92579962313175,24
Atsion Lake,2020-10-17,11.142908986409529,0.005755795922596008,102273.49576822917,5.9022011911842975,189.09209410349527,300.5841598510742,0.0,0.6317999996244907,24
Atsion Lake,2020-10-18,11.453326161702497,0.005705979245249182,102851.05403645833,3.494310335988144,164.1761740843455,281.5770804087321,0.5440000295639038,0.0,24
Atsion Lake,2020-10-19,15.909173583984398,0.00957457507805278,102489.95670572917,3.325829530957723,153.9047555923462,330.600824991862,18.43466751774152,0.0,24
Atsion Lake,2020-10-20,19.021660105387394,0.012075579259544611,102227.68684895833,2.4931975256872545,139.69621713956198,371.9720751444499,66.12800331910451,3.637599878013134,24
Atsion Lake,2020-10-21,19.18624903361005,0.012234833440743387,102299.04069010417,2.8918073585079447,159.29504676659903,350.27374267578125,216.86667386690775,0.0,24
Atsion Lake,2020-10-22,19.680825805664085,0.01267743770343562,102208.74153645833,2.361177362571353,167.54796560605368,350.35999298095703,247.62667894363403,0.6005999743938446,24
Atsion Lake,2024-10-15,8.246664937337263,0.0038723499649980417,101124.38802083333,5.850047481341356,153.17962519327799,280.5070807139079,1.6666666666666667,0.0,24
Atsion Lake,2024-10-16,8.167915598551454,0.003744491667021066,101494.98372395833,5.443497581898896,182.94662674268088,272.55249977111816,0.8333333333333334,0.0,24
Atsion Lake,2024-10-17,10.864998118082704,0.004652258357964456,102069.82942708333,4.809140720128675,126.87308502197266,323.92416127522785,1.25,0.0,24
Atsion Lake,2024-10-18,10.498747762044294,0.004022479115519673,102625.30013020833,4.020100460971048,184.6602483590444,269.70916684468585,0.0,0.0,24
Atsion Lake,2024-10-19,12.929166412353538,0.005087774984228115,103089.5087890625,1.896729215241332,180.87937688827515,283.03916931152344,0.0,0.0,24
Atsion Lake,2024-10-20,13.22375386555992,0.005287404133317371,102610.16276041667,2.6380442340675763,180.01703890164694,282.90458552042645,0.0,0.0,24
Atsion Lake,2024-10-21,14.87375157674156,0.005045799965349336,102154.212890625,3.4185008507412213,176.34975453217825,293.37583033243817,0.0,0.0,24
Atsion Lake,2024-10-24,16.464584604899112,0.007408633343099306,101118.19661458333,4.769269285346841,165.07858337958655,321.34083302815753,9.632916576927528,0.0,24
Atsion Lake,2024-10-25,9.983753458658876,0.004428087500855327,101798.97884114583,4.206071446290938,171.94145640730858,268.3241723378499,0.0,0.0,24
Atsion Lake,2024-10-26,13.629165903727236,0.005332758281535159,101765.21647135417,5.317379951190518,161.11387469246984,316.1095822652181,0.0,0.0,24
Atsion Lake,2024-10-27,8.166670735677107,0.003103462494133661,102631.23307291667,3.664251192323612,167.07720470428467,252.87583287556967,0.0,0.0,24
Atsion Lake,2024-10-28,8.63458150227867,0.0034172500018030405,102781.71256510417,2.5094170404261877,149.3233331044515,272.4370803833008,0.0,0.0,24
Atsion Lake,2024-10-29,12.828332519531273,0.006613799991707007,102854.21223958333,3.0654332998986096,154.47854042053223,303.2437515258789,6.863749980926514,0.0,24
Atsion Lake,2024-10-30,16.42999674479169,0.008333766638922194,102601.533203125,3.8956554579789717,153.11233266194662,340.87208557128906,0.0,0.0,24
Budd Lake,2015-06-03,13.959995524088564,0.00889343343442306,99432.25423177083,2.9750125736769917,279.91205620765686,335.82665888468426,0.0,2.339199960231781,24
Budd Lake,2015-06-04,12.916249847412132,0.008336420888857296,99575.423828125,3.3865147790314722,145.6234254837036,329.81666310628253,0.0,0.0,24
Budd Lake,2015-06-05,14.052082316080751,0.009449841765065988,99199.74934895833,1.7467258850762157,122.26025615135829,374.1558265686035,0.41600000858306885,4.234799951314926,24
Budd Lake,2015-06-06,18.655413564046246,0.011433137580752373,98610.14876302083,2.9000382888805483,259.33817688624066,372.06207275390625,390.61601972579956,7.318399868905544,24
Budd Lake,2015-06-07,16.557083384195987,0.009114254324231297,99266.24739583333,3.349744248229672,272.14659293492633,320.65790939331055,15.712000687917074,0.0,24
Budd Lake,2015-06-08,18.457503255208355,0.011721366783604026,98775.8427734375,6.034686386833767,277.57118129730225,354.32415771484375,278.77601591746014,2.6559998989105225,24
Budd Lake,2015-06-09,22.412923431396507,0.014177883587156733,97955.05240885417,6.016526642490089,260.01905783017475,396.0320676167806,483.4000237782796,14.694799514487386,24
Budd Lake,2016-07-07,26.404587046305362,0.0170942626039808,98230.08561197917,2.6928302090316425,262.25676290194195,402.04082743326825,1268.2960586547852,0.041599998250603676,24
Budd Lake,2016-07-08,25.998743947347027,0.01616836265505602,98237.4501953125,2.25547023025309,265.2007619539897,402.4479064941406,677.741366704305,18.98199910670519,24
Budd Lake,2016-07-09,22.591661071777366,0.015469754347577691,98340.953125,3.7598010341567494,180.77425813674927,399.6941604614258,390.02402051289874,0.3019999973475933,24
Budd Lake,2016-07-10,21.381665802001976,0.012704670972501239,98440.28873697917,3.3025669590168323,267.8995532989502,382.3583246866862,119.00000548362732,6.367599852383137,24
Budd Lake,2016-07-11,20.8845776875814,0.011349012648376325,99055.84765625,2.806220983001964,323.8685550689697,353.13332494099933,9.197333812713623,0.0,24
Budd Lake,2016-07-12,21.917499796549503,0.010812579304911196,99191.9013671875,3.17142612088132,323.74276264508563,341.25915654500324,1.0453333655993144,0.0,24
Budd Lake,2016-07-13,22.898754374186222,0.01401040431422492,99065.72688802083,4.0326055238415615,211.63109350204468,401.2008247375488,189.86667569478354,1.9383999928832054,24
Budd Lake,2016-09-21,22.842085774739605,0.011104241906044384,99373.40787760417,2.9661998646345675,214.76642425855002,344.7474886576335,76.1946707169215,0.0,24
Budd Lake,2016-09-22,21.698335266113304,0.008086983424921831,99351.61751302083,1.9226332997917763,220.4135558605194,325.6991589864095,0.0,0.0,24
Budd Lake,2016-09-23,21.187083180745464,0.009519120949941376,99020.14518229167,2.3560397229788532,185.9680891831716,338.8491554260254,23.853334466616314,0.0,24
Budd Lake,2016-09-24,18.66208419799807,0.01020504596332709,99076.81966145833,3.0570881246934687,124.61046501000722,371.5416552225749,10.82133363187313,1.2431999882683158,24
Budd Lake,2016-09-25,13.405830637613954,0.005302341790714611,99417.2001953125,3.2823862447376757,220.23013607660928,288.4637451171875,0.2773333390553792,0.012000000104308128,24
Budd Lake,2016-09-26,14.628753916422548,0.0054984875993492706,99318.06087239583,3.3125384381080063,190.31509097417197,300.93249384562176,0.0,0.0,24
Budd Lake,2016-09-27,18.769582366943382,0.009794796040902535,98673.82096354167,4.105638834344418,198.31713261206946,357.3566589355469,1.0146666963895161,7.0143996889237314,24
Budd Lake,2017-04-20,11.864583587646507,0.007864583458285779,99221.73079427083,2.784682876498303,174.84667285283408,352.50498962402344,0.8640000422795614,0.054799998411908746,24
Budd Lake,2017-04-21,13.137080128987654,0.008759387613584598,98644.66536458333,4.056760909109516,213.05429967244467,349.42832438151044,3.3760002156098685,9.659999743103981,24
Budd Lake,2017-04-22,11.316252644856794,0.007736970845144242,98616.47981770833,3.064652924132218,77.57308642069499,343.22415924072266,2.9626668194929757,0.5767999850213528,24
Budd Lake,2017-04-23,9.222503916422548,0.005479675038562466,99015.98372395833,3.1459821470007747,291.8638874689738,271.8095811208089,2.661333496371905,0.0,24
Budd Lake,2017-04-24,10.564583079020204,0.0062118709514228,99198.099609375,3.4369982157038343,185.6746350924174,293.55540974934894,0.0,0.16479999956209213,24
Budd Lake,2017-04-25,10.609581247965517,0.007255308465876927,98927.65559895833,7.322978708520236,89.15337880452473,357.7970682779948,2.298666775226593,6.061399955302477,24
Budd Lake,2017-04-26,14.795407867431663,0.010054095997475088,98096.79036458333,4.819953102716528,126.01742204030354,379.2366574605306,12.750667234261831,5.599599989363924,24
Budd Lake,2017-05-24,14.612915293375673,0.009118579250449935,98065.58528645833,3.649958780900475,186.57617481549582,344.87499109903973,3.3386667470137277,0.86119997035712,24
Budd Lake,2017-05-25,13.155419921875023,0.008988608450939259,97765.99446614583,5.830124004250077,173.46721442540488,358.9658266703288,13.95733400185903,16.382199816405773,24
Budd Lake,2017-05-26,16.06124649047854,0.009893154298576215,97508.2373046875,4.590633210263343,243.97621794541678,355.6237398783366,24.98666811486085,13.949599562212825,24
Budd Lake,2017-05-27,16.879165903727237,0.009960058378055692,98354.56673177083,2.6488787840396957,210.81776249408722,365.3641535441081,18.32800070444743,0.0,24
Budd Lake,2017-05-28,17.423329925537132,0.011352758466576537,98505.98307291667,3.444129374892054,182.7256337006887,377.785405476888,18.784000893433888,0.0,24
Budd Lake,2017-05-29,14.081248219807966,0.009662191732786596,98580.4189453125,3.951589770577033,120.9060070514679,369.05291112263996,0.7013333613673846,9.938199738040566,24
Budd Lake,2017-05-30,13.706253306070986,0.009350708375374476,99211.76953125,3.8976571869835834,164.52488287289938,342.56082407633465,1.1413333813349407,1.4799999818205833,24
Budd Lake,2017-05-31,17.262915547688824,0.010827562655322254,98901.37239583333,3.0644803100364846,275.7841392358144,354.74707158406574,550.8133599360784,1.6537999734282494,24
Budd Lake,2017-06-01,18.21875152587893,0.009614304231945425,98681.58170572917,4.086265911029545,321.544974565506,321.34665807088214,244.18401368459067,0.37879999936558306,24
Budd Lake,2017-06-02,17.066256459554058,0.008240550057962537,98721.134765625,4.436143693616175,281.44605565071106,326.61957422892254,149.35734101136526,0.0,24
Budd Lake,2017-06-03,14.346668497721376,0.00686000008136034,98816.439453125,4.364950157099935,297.88792808850604,299.45249303181964,63.58666869004568,2.39559999643825,24
Budd Lake,2017-06-04,14.709163920084658,0.00776252926637729,98826.822265625,2.108109832061169,168.7967160542806,319.15124130249023,1.621333400408427,2.880799926817417,24
Budd Lake,2017-06-05,19.291677093505882,0.012349296011961997,98085.95182291667,2.074582676948919,234.8630952835083,375.3399950663249,523.1146959265074,3.165599978296086,24
Budd Lake,2017-06-06,15.806250508626325,0.01042196259368211,98059.001953125,2.7969530294113074,198.13455136617026,358.95832443237305,52.736002345879875,9.070399895543233,24
Budd Lake,2017-06-07,12.449581400553408,0.007769716767749439,98659.083984375,3.054011427368351,252.4547172387441,334.8645769755046,14.453334093093872,0.0,24
Budd Lake,2017-06-08,16.040004984537784,0.008456683387824645,98779.46354166667,2.884043597241547,324.12884974479675,314.81165822347003,2.802666780849298,0.0,24
Budd Lake,2017-06-09,16.35458399454755,0.008627950039226562,98232.40852864583,3.2103184300696745,310.06713819503784,311.1245752970378,223.34401035308838,0.0,24
Budd Lake,2017-06-10,19.684997812906925,0.01014448762483274,98722.080078125,4.896900973968397,281.42505645751953,340.24374262491864,187.17334326108298,0.0,24
Budd Lake,2017-06-11,23.427500661214214,0.01335808343719691,99075.916015625,4.999075774209261,328.1634359359741,357.57540639241535,307.6800141433875,0.00839999970048666,24
Budd Lake,2017-06-12,24.755418395996116,0.015339879396681985,98948.7548828125,3.5949579779202328,327.8088055451711,364.3224932352702,1009.0053842862447,0.0,24
Budd Lake,2017-07-05,22.982498423258487,0.01295340433716774,99335.77897135417,3.12206200418643,326.0531409581502,359.76374435424805,128.44800770282745,0.030799999833106995,24
Budd Lake,2017-07-06,21.098752593994163,0.012504816870205104,99284.1416015625,3.385903765912453,200.97880578041077,374.55124282836914,12.280000386138758,1.0695999525487423,24
Budd Lake,2017-07-07,20.502910868326847,0.013905308519800505,98402.81673177083,2.22621592427941,185.39484270413718,397.4879086812337,118.73067154486974,55.86639788001776,24
Budd Lake,2017-07-08,23.395003255208355,0.014221521016831199,98124.958984375,3.829211885665748,294.77488899230957,377.1587422688802,486.7280174891154,4.669599909335375,24
Budd Lake,2017-07-09,19.85500361124677,0.010340895930615565,98736.2216796875,3.6790064973159073,332.01459153493244,327.92040888468426,22.829334259033203,0.0,24
Budd Lake,2017-07-10,21.337080891927105,0.01133315016825994,99007.50390625,4.1513471630881025,321.34980750083923,345.25665791829425,137.0213394165039,0.7903999984264374,24
Budd Lake,2017-07-11,24.354995981852237,0.015234887561139962,98715.7001953125,4.369944496584557,288.38426272074383,391.10082753499347,821.7573738098145,1.2467999886721373,24
Budd Lake,2017-07-12,25.347500101725284,0.015183921010854343,98830.38053385417,4.0086757159141335,276.4353497823079,392.7612419128418,725.0320390065511,0.00559999980032444,24
Budd Lake,2017-07-13,26.24833196004234,0.016132733435370028,98910.80143229167,3.1370717686167375,248.07717943191528,400.08165486653644,1040.2507247924805,8.020799877704121,24
Budd Lake,2017-07-14,23.164168294270855,0.01578120425498734,99039.38899739583,2.7864252203838675,169.42613224188486,409.3183237711589,255.86934916178384,12.562799424631521,24
Budd Lake,2017-07-15,22.70124715169273,0.01423245012604942,98773.64583333333,2.8101857556920566,286.0989320278168,384.97956975301105,176.89067316055298,0.6605999786406755,24
Budd Lake,2017-07-16,22.231668090820335,0.012641662692961594,98776.50390625,2.3172254966210324,321.76422150929767,351.69749450683594,295.09868546326953,0.0,24
Budd Lake,2017-07-17,23.974170939127628,0.01484939584042877,98944.6884765625,2.9928655233673904,288.52863987286884,375.2079111735026,1342.7520573933919,3.2528000338352285,24
Budd Lake,2017-08-04,23.543752288818382,0.01536864589434117,98980.96549479167,3.830798897197156,226.63663338621458,400.51332600911456,1217.0640614827473,6.563399817794561,24
Budd Lake,2017-08-05,22.151256815592472,0.01376518770121038,98582.03678385417,4.147164342753372,255.60667898257574,379.5920753479004,540.7866932551066,18.307199721923098,24
Budd Lake,2017-08-06,18.258748626709007,0.009666829311754555,99024.22233072917,4.1055454375999,249.6190916200479,324.77374267578125,7.6560003360112505,0.0,24
Budd Lake,2017-08-07,16.96749903361005,0.010630454208391408,99065.40266927083,3.141084292164347,111.03383829196294,363.424991607666,9.59466709693273,20.238399338384625,24
Budd Lake,2017-08-08,18.88041203816734,0.011419716795595983,98747.39453125,2.5557818115843784,262.2695122510195,368.8362401326497,82.29600427548091,0.0,24
Budd Lake,2017-08-09,20.70874430338544,0.010511337546631694,99373.3505859375,1.827403767419549,304.2355155944824,332.0199902852376,22.160001277923584,0.0,24
Budd Lake,2017-08-10,21.127915954589866,0.011081541772000492,99590.5859375,2.027969820422969,299.9178075790405,337.40041097005206,29.27733463048935,0.0,24
Budd Lake,2017-09-21,21.873755391438824,0.012709191883914173,98946.2431640625,4.000761263243013,206.25309332211813,361.0724919637044,39.74133515357971,0.0,24
Budd Lake,2017-09-22,19.863753255208355,0.010329283541068435,99088.39290364583,4.236788099706897,195.74075754483542,342.47291056315106,0.0,0.0,24
Budd Lake,2017-09-23,21.60041198730471,0.011237820998455087,99014.810546875,3.6607570113038626,216.50409515698752,369.4337412516276,0.0,0.0,24
Budd Lake,2017-09-24,22.860412851969425,0.011639225102650622,99114.61197916667,1.9975826879793688,210.70634480317435,357.0258204142253,67.26133624712627,0.0,24
Budd Lake,2017-09-25,23.783755238850933,0.013774921031047901,99067.24186197917,2.1226444662629262,208.28276058038077,374.1554094950358,314.64534791310626,0.0,24
Budd Lake,2017-09-26,22.319998677571636,0.013635412673465908,99028.79557291667,2.270906629175471,203.21421798070273,366.1299883524577,103.66933904588223,0.0,24
Budd Lake,2017-09-27,22.717083231608097,0.014071695933428904,98626.42513020833,2.673838624907591,183.60600984096527,375.9808286031087,241.38134664297104,0.0,24
Budd Lake,2017-09-28,20.302501932779972,0.011391596053726971,98242.72721354167,5.428543065756062,210.99255232016245,337.42582575480145,72.18400268753369,0.0,24
Budd Lake,2017-09-29,12.257084147135439,0.006177933401583384,98926.41861979167,3.66719787580257,175.95359194278717,298.87958399454754,0.6480000118414561,0.0,24
Budd Lake,2017-09-30,13.090828196207704,0.006769908417481929,99199.544921875,4.727897915116686,145.81579889853796,317.5349922180176,10.09866718451182,0.013799999782349914,24
Budd Lake,2017-10-01,12.225000000000023,0.00643281260272488,99972.77115885417,2.683181995391172,209.53451004624367,304.5054117838542,0.0,0.0,24
Budd Lake,2017-10-02,13.029585774739607,0.005672783358022571,100043.93912760417,2.226625217612708,210.52317929267883,274.3333269755046,0.0,0.0,24
Budd Lake,2017-10-03,14.10416946411135,0.00693224595549206,100617.84830729167,2.6425304452676097,194.3810075124105,295.4699897766113,1.2800000409285228,0.0,24
Budd Lake,2017-10-04,14.906669871012392,0.008271908348736664,100203.81282552083,4.404932328399313,201.92121664683023,301.17582448323566,0.0,0.0,24
Budd Lake,2018-06-26,17.08249689737958,0.008670212623352805,99504.720703125,3.046168981783403,312.77022282282513,315.75124231974286,0.2773333489894867,0.0,24
Budd Lake,2018-06-27,18.896665191650413,0.012250125175341964,99078.17643229167,4.866138079994745,150.03859027226767,361.2899920145671,40.29866823554039,0.16799999866634607,24
Budd Lake,2018-06-28,21.84916458129885,0.014318612675803402,98302.02311197917,4.369877305815553,220.16846903165182,399.4391606648763,451.7546891570091,15.887999702244997,24
Budd Lake,2018-06-29,23.923748270670597,0.014530312735587358,98642.75911458333,3.33724433105529,327.7298885186513,368.59707768758136,516.0906970500946,0.0,24
Budd Lake,2018-06-30,24.740830993652366,0.014404508556860188,99006.78190104167,3.041413470176515,326.4878438313802,363.08916091918945,461.0800171295802,0.0,24
Budd Lake,2018-07-01,26.39916636149091,0.016385108310108382,98978.31087239583,3.059574084345298,313.63651752471924,378.4954121907552,1513.1494064331055,0.0,24
Budd Lake,2018-07-02,27.119170125325542,0.017116954511341948,99083.61002604167,2.7068636640106156,326.3612659772237,384.4108200073242,1890.552096048991,0.0,24
Budd Lake,2018-07-05,26.308334604899112,0.01794342518163224,99752.72233072917,3.264720186069336,275.81884479522705,415.09832255045575,1836.3680903116863,0.0,24
Budd Lake,2018-07-06,25.278750356038433,0.016679958479168516,99107.87890625,4.926869986315162,228.6511382261912,413.06040318806964,1022.864048798879,6.535600032657385,24
Budd Lake,2018-07-07,17.58666508992515,0.008938708284404129,99709.3193359375,3.958582081384858,338.67352024714154,302.4295768737793,0.0,0.0,24
Budd Lake,2018-07-08,18.658333079020206,0.008838308412426462,99980.5234375,1.048665604383946,335.04860258102417,312.1508318583171,0.0,0.0,24
Budd Lake,2018-07-09,20.13082911173505,0.010218516671253989,99546.44368489583,3.276580342768358,332.4093918800354,323.86791102091473,0.0,0.0,24
Budd Lake,2018-07-10,22.480837758382183,0.012571412604302168,98777.48860677083,3.5231314407642276,326.83414165178937,347.0541585286458,242.25867823759714,0.0,24
Budd Lake,2018-07-11,23.99625167846682,0.013521416772467395,98679.37760416667,3.6002544181825207,285.0912251472473,373.12665939331055,599.7466974258423,0.0,24
Budd Lake,2018-09-12,22.00708160400393,0.014684554344664017,99538.83170572917,2.3475312767612784,153.82130082448325,405.23373794555664,260.96001354853314,9.69959961809218,24
Budd Lake,2018-09-13,20.508335367838566,0.013913337723352015,99733.78157552083,3.333046718555124,156.64079880714417,393.04249318440753,130.30667328834534,5.978199878707528,24
Budd Lake,2018-09-14,21.036257680257183,0.014202475159739455,99622.08203125,3.4963867625854377,178.1955939133962,386.7566604614258,81.86667017638683,0.8815999552607536,24
Budd Lake,2018-09-15,20.923337554931663,0.013956841935093204,99545.9130859375,1.967199213906558,194.69825808207193,378.6983235677083,79.35467028617859,0.0,24
Budd Lake,2018-09-16,22.055835978190128,0.013826833455823362,99520.29654947917,1.9374249746799883,228.80417704582214,356.85915756225586,125.44000452756882,0.0,24
Budd Lake,2018-09-17,21.83083241780601,0.014083679299801588,99302.54296875,3.166576887344643,169.20313500364622,370.63373947143555,116.03733836611111,7.15039979055291,24
Budd Lake,2018-09-18,20.87041880289716,0.014525000161180893,98359.9208984375,3.2624703742200896,110.01179887354374,403.47415415445965,58.25066940983137,16.407999517396092,24
Budd Lake,2018-10-12,15.678745524088564,0.009921171042757729,97683.15657552083,5.979391939655831,187.44480021794638,325.76416269938153,9.33066705862681,7.069399717147462,24
Budd Lake,2018-10-13,7.571249898274762,0.00557216254916663,98313.46809895833,3.5986383543273543,91.53000473976135,295.15624237060547,9.952000404397646,4.985999904572964,24
Budd Lake,2018-10-14,7.500412241617862,0.0052212791827817755,99340.46354166667,3.0730158242407946,120.15738089879353,280.77790959676105,0.0,0.0037999998312443495,24
Budd Lake,2018-10-15,11.45041427612307,0.008025916758924723,99078.48177083333,4.984796882102679,68.82946316401164,341.5412457784017,3.5440001487731934,0.9011999890208244,24
Budd Lake,2018-10-16,11.052083587646507,0.006451579218264669,98964.62467447917,5.769258997384179,179.08996804555258,292.6266606648763,11.669334053993225,2.037999927997589,24
Budd Lake,2018-10-17,7.626246388753278,0.004984041772938023,98747.6494140625,5.869857331260833,161.09984095891318,267.6179084777832,14.71466734011968,0.0,24
Budd Lake,2018-10-18,4.836255645751976,0.003694245853694156,99568.5458984375,6.891631267691679,137.94229658444723,292.0495745340983,19.117334405581158,0.0,24
Budd Lake,2019-09-11,22.43167648315432,0.014687870900767544,99512.84114583333,4.792996752771554,233.3402206103007,376.8999900817871,833.0373659133911,0.0,24
Budd Lake,2019-09-12,24.10999959309898,0.015397925162687898,99114.12337239583,2.9933101358841494,157.34233951568604,398.70373916625977,919.6506977081299,0.0,24
Budd Lake,2019-09-13,16.754580434163433,0.009998716802025834,100088.98502604167,5.329595228846861,186.37638330459595,363.5091616312663,2.1893334090709686,0.0,24
Budd Lake,2019-09-14,16.547083791097027,0.010622208511146406,99874.29817708333,4.01504500918863,96.20367070039113,369.915823618571,0.0,0.0,24
Budd Lake,2019-09-15,20.92499694824221,0.012344587671880921,99400.7255859375,3.3984614739926493,234.19305316607156,357.3641586303711,55.941335598627724,0.0,24
Budd Lake,2019-09-16,19.09124908447268,0.01074201671872288,99050.09993489583,2.027327100941662,128.10750502347946,363.26374435424805,25.709334552288055,0.0,24
Budd Lake,2019-09-17,17.611658986409527,0.009104737565697482,99198.5087890625,3.2496955032954893,233.83942768971124,321.7695732116699,1.3840000828107197,0.0,24
Budd Lake,2019-09-20,14.573332722981794,0.0070150709167743725,99724.59505208333,3.718703310438789,227.7080097993215,285.85123952229816,0.0,0.0,24
Budd Lake,2019-09-21,17.822918192545597,0.008881462640905132,99576.56315104167,3.2152467073805577,225.53734628359476,311.48499425252277,0.0,0.0,24
Budd Lake,2019-09-22,20.36500701904299,0.011357366883506378,99352.99446614583,3.0934443033410197,215.81550765037537,343.3170750935872,62.45600234468778,0.0,24
Budd Lake,2019-09-23,23.073751068115257,0.013199120953989526,98598.14876302083,5.2468025285804325,210.85717463493347,367.85832595825195,25.933334747950237,0.0,24
Budd Lake,2019-09-24,19.803753153483097,0.0104986085013176,98197.6357421875,4.662140839887329,213.86359477043152,343.2524948120117,72.91200322906177,0.0,24
Budd Lake,2019-09-25,17.49208857218427,0.008952316692254195,98496.38736979167,3.2797240798459444,216.27322252591452,327.60624440511066,2.1866668115059533,0.0,24
Budd Lake,2019-09-26,18.842083231608097,0.00981107932360222,98282.97493489583,4.341224825781202,178.62671927611032,336.46207936604816,22.482668081919353,0.0,24
Budd Lake,2019-09-27,15.809163665771507,0.007507520844228566,99059.58723958333,3.1637850699426693,213.9240526755651,294.05374399820965,0.0,0.0,24
Budd Lake,2019-09-28,18.472498830159527,0.010879229346755892,99194.32063802083,4.111424430234121,197.06430117289224,344.94040552775067,439.2106876174609,0.0,24
Budd Lake,2019-09-29,21.194580332438175,0.011965295959574481,99497.359375,3.5718528096296893,198.09671678145727,358.23790613810223,353.7440158526103,0.0,24
Budd Lake,2019-09-30,15.36500193277997,0.008756566831531623,99790.392578125,3.38460376254427,83.04587996999423,354.30957794189453,0.0,0.0,24
Budd Lake,2019-10-01,18.813338216145855,0.01152191668127974,99213.6708984375,4.709463229968898,196.10330308477083,377.6808280944824,73.88000363111496,0.0,24
Budd Lake,2019-10-04,14.67166417439781,0.008554575111096105,99004.66829427083,4.946760187905032,188.80767663319907,326.41540654500324,3.536000137527784,0.0,24
Budd Lake,2019-10-05,7.660413360595726,0.00459290422926036,100085.0126953125,3.4462304587331736,207.07563622792563,248.344996770223,0.0,0.0,24
Budd Lake,2019-10-06,11.713750457763695,0.007920141758707663,99836.91015625,4.733333665421785,66.06287781397502,333.292906443278,2.2960001031557717,0.0,24
Budd Lake,2019-10-07,18.86416397094729,0.012047966864580909,99336.17545572917,6.5030673113238215,81.87708632151286,392.87415568033856,47.898668686548866,0.0,24
Budd Lake,2019-10-08,14.854582722981794,0.008340845874045044,99568.82259114583,4.8817738410284575,142.06158908208212,354.12624486287433,4.610666990280151,0.0,24
Budd Lake,2019-10-09,11.39875183105471,0.007042320910841227,99672.98274739583,5.848213033774272,65.24221165974934,335.74957784016925,0.0,0.0,24
Budd Lake,2019-10-10,12.51749954223635,0.006737062591128051,99698.7734375,6.283341178582698,131.01063108444214,341.10999298095703,0.0,0.0,24
Budd Lake,2019-10-11,12.476246134440126,0.0062096417920353515,99334.224609375,6.178770552307317,125.6430896917979,334.8358217875163,0.0,0.0,24
Budd Lake,2019-10-12,13.37708689371747,0.007766091769250731,98857.18587239583,3.147507772525843,158.8505080540975,343.0583216349284,0.0,0.0,24
Budd Lake,2019-10-13,13.049581146240257,0.0068736000879046815,98984.89583333333,2.8091438009660408,179.55830415089926,299.0054117838542,0.0,0.0,24
Budd Lake,2019-10-14,13.222497558593773,0.006831950061799337,98769.6044921875,3.731654713458287,183.0637995402018,305.23666127522785,0.0,0.0,24
Budd Lake,2019-10-15,10.272092437744163,0.004936370940413326,99195.10384114583,3.029582502755021,180.81567033131918,267.0283266703288,0.0,0.0,24
Budd Lake,2019-10-16,11.31500142415367,0.007142312572492908,98385.59114583333,5.80448757314561,118.22075613339742,306.78624725341797,42.12000207106272,0.0,24
Budd Lake,2019-10-17,10.49792378743492,0.006619266777609785,96720.6103515625,9.937003413757251,90.22308723131816,316.6358273824056,1.424000047147274,0.0,24
Budd Lake,2019-10-18,9.266667938232445,0.005452545883599669,98087.2392578125,7.3126014989482115,170.8210914929708,290.261661529541,0.0,0.0,24
Budd Lake,2019-10-19,6.816247558593773,0.004743212562364836,98941.7470703125,3.082957543415086,175.7108396689097,252.71707598368326,0.0,0.0,24
Budd Lake,2019-10-20,9.265006001790388,0.005991754277298848,98869.91796875,2.4981220960153174,53.62391952673594,311.58332443237305,0.0,0.0,24
Budd Lake,2019-10-21,12.429586029052757,0.007762208406347781,98947.1591796875,3.606133989661322,166.89979938666025,316.1954065958659,0.0,0.0,24
Budd Lake,2019-10-22,12.4995793660482,0.00835833343444392,98897.1875,4.416798066241624,68.96021218101184,334.26833089192706,0.06133333593606949,5.358799789100885,24
Budd Lake,2020-07-07,23.383743540445987,0.015622850274667144,99163.08919270833,3.7454284268227362,292.70355741182965,385.48124440511066,1058.0480553309123,0.0,24
Budd Lake,2020-07-08,24.60291442871096,0.016409054476146896,98946.59602864583,3.2948627535980166,246.9270090262095,402.2937418619792,1009.8640480041504,3.1431999541819096,24
Budd Lake,2020-07-09,25.296245829264347,0.016128912723312776,98816.29231770833,2.8043493072346704,312.6668504079183,391.4795773824056,823.0960330963135,0.09600000083446503,24
Budd Lake,2020-07-10,22.97750116984052,0.016090929275378585,98614.39029947917,4.495443688081638,174.35704962412515,391.6324920654297,338.5946839650472,58.41799959540367,24
Budd Lake,2020-07-11,22.54166183471682,0.015143712827314934,97917.32942708333,3.747425776680909,243.1417638460795,405.5129102071126,613.3360240807136,9.355199636891484,24
Budd Lake,2020-07-12,23.527497863769554,0.014091204386204481,97985.9970703125,4.79400884751271,315.748721520106,374.2191569010417,315.3440154393514,0.003999999898951501,24
Budd Lake,2020-07-13,23.977085367838566,0.013799346052110195,98212.24934895833,3.502661499200897,313.84864528973895,379.91124471028644,501.98669179280597,2.986399982124567,24
Budd Lake,2020-07-14,22.447080230712913,0.012354404393893978,98656.35123697917,3.4628746952892864,321.87018179893494,359.53123982747394,357.6773476675153,0.0,24
Budd Lake,2020-07-15,22.55458730061851,0.012978600182880958,99323.55729166667,3.0704729425109214,307.4196792443593,365.4712422688802,115.90400473276775,0.0,24
Budd Lake,2020-07-16,21.44458160400393,0.013325762663347026,99699.75065104167,4.30126771121325,248.79938546816507,374.3270734151204,17.002667377392452,0.0,24
Budd Lake,2020-07-17,21.786248779296898,0.014582221008216342,99323.939453125,3.7699012437071313,229.85576315720877,401.3566614786784,618.1813638210297,0.18400000035762787,24
Budd Lake,2020-07-18,26.39666392008466,0.016611616709269583,99089.6611328125,1.901165115019495,314.9940966765086,394.086238861084,1413.0453923543294,0.0,24
Budd Lake,2020-07-19,26.2354192097982,0.0156851001859953,98786.92122395833,4.421836938889139,313.59705567359924,380.31624603271484,849.8533719380697,0.0,24
Budd Lake,2020-07-20,27.745416259765648,0.017938341790189345,98454.2890625,4.528229442774475,308.47950951258343,410.1929054260254,1637.4214096069336,0.0,24
Budd Lake,2020-07-21,25.85416692097984,0.014718441991135478,98853.3046875,2.7652887284976138,313.0225995381673,379.0370750427246,387.3920183579127,0.0,24
Budd Lake,2020-07-22,27.47250391642255,0.016386912669986486,98926.1162109375,1.9659953543030697,269.756098429362,415.2937418619792,989.7787164052328,24.831599184311926,24
Budd Lake,2020-07-23,26.187085723876976,0.016955412575043738,98972.93522135417,3.7507402499054403,246.0701775153478,412.8158213297526,1234.0667266845703,10.849599769338965,24
Budd Lake,2020-07-24,25.573745981852237,0.015960745979100466,99112.68880208333,2.2300725065997726,245.87463359038034,409.0904032389323,886.6293780008951,18.850999504327774,24
Budd Lake,2020-07-25,24.84958419799807,0.015129500185139477,99178.3857421875,2.6689308801682983,303.4986803531647,382.2920735677083,658.1520315806071,0.0,24
Budd Lake,2020-07-26,26.4450024922689,0.016366758345005412,98953.357421875,4.437651394345643,309.91938745975494,393.4133237202962,375.3680229187012,0.0,24
Budd Lake,2020-07-27,26.161665852864605,0.01572487937907378,98440.04329427083,4.615693542359199,311.9785979986191,377.0474967956543,446.5386906862259,0.0,24
Budd Lake,2020-07-31,24.034171040852886,0.014372750301845372,98334.14453125,2.737073200956939,159.21667528152466,403.24999237060547,248.95468258857727,16.47519969753921,24
Budd Lake,2020-08-01,24.561669921875023,0.013809862663038075,98569.46451822917,1.7141112689937765,301.6429286003113,384.67082595825195,80.97867033878963,0.0,24
Budd Lake,2020-08-02,24.82624715169273,0.01668421276068936,98622.8447265625,4.058929961653811,177.1428415377935,421.3724886576335,934.3093818028768,8.800399742613081,24
Budd Lake,2020-08-03,25.079995727539085,0.01445265847723931,98784.79752604167,4.450686081796105,301.80367666482925,380.720406850179,498.6320132811864,0.11239999439567327,24
Budd Lake,2020-08-04,22.816247558593773,0.015341133461333811,98526.15494791667,5.146958024299076,132.0992973446846,408.5054105122884,403.66935349504155,87.56559844315052,24
Budd Lake,2020-08-05,22.707493082682316,0.013456183446881672,98825.458984375,3.308510472384219,303.1517228583495,373.4854024251302,133.14667280515036,0.739599974360317,24
Budd Lake,2020-08-06,21.913343048095726,0.011942945925208429,99156.69563802083,2.94655172050256,241.02251280347505,369.8058255513509,26.469334721565247,0.274399995803833,24
Budd Lake,2020-08-07,20.492080942789737,0.012588887747066716,99289.40983072917,3.354256715015259,180.72130075097084,380.1337407430013,122.3866740167141,11.885999727994204,24
Budd Lake,2020-08-08,21.686663564046246,0.014215716859325767,99376.80436197917,2.528653624922736,216.10005290806293,391.91832224527997,678.9760363101959,2.1967999935150146,24
Budd Lake,2020-08-09,23.4350041707357,0.014976800186559558,99245.14876302083,3.1064989868719715,269.3932994206746,378.170405069987,865.4027077356974,0.0,24
Budd Lake,2020-08-10,25.55541508992515,0.016192296131824453,99002.55013020833,3.3116408572409957,285.6648476918538,395.6024920145671,1363.2427457173665,0.0,24
Budd Lake,2020-08-11,26.35375620524091,0.01760627096518874,98768.54557291667,3.989686151060638,263.28709665934247,406.3237368265788,1723.3894348144531,1.2976000173366629,24
Budd Lake,2020-08-12,26.60791422526044,0.017482550349086523,98898.99576822917,2.616620454263355,252.7906370162964,422.3204040527344,1567.3547541300456,0.0,24
Budd Lake,2020-08-13,25.093748982747417,0.016205137711949646,99141.65266927083,2.008662798869626,206.82701015472412,398.5216547648112,1255.2720591227214,15.309599086642265,24
Budd Lake,2020-09-05,18.676670328776066,0.008560887654311955,99281.33854166667,3.4109255055493244,257.0733874638875,314.4854100545247,0.0,0.0,24
Budd Lake,2020-09-06,18.893336232503277,0.008869704188934216,99452.13118489583,3.2402993407352287,243.48288424809775,330.6479072570801,28.3413344224294,0.0,24
Budd Lake,2020-09-07,19.671665445963566,0.011201383429579437,99159.77994791667,4.141312891963016,243.64671913782755,338.10207239786786,14.309334029754003,0.0,24
Budd Lake,2020-09-08,21.523753102620464,0.012284733510265747,99302.041015625,2.484028258467467,243.92663844426474,351.66582743326825,45.17600181698799,0.0,24
Budd Lake,2020-09-09,21.883337910970074,0.012702279297324518,99724.21809895833,2.856526373908059,218.59526189168295,359.62415568033856,71.02933659156163,0.0,24
Budd Lake,2020-09-10,21.209579722086612,0.01460843769988666,99722.3935546875,1.8104511356137056,72.51050289471944,404.11415608723956,57.44266931215922,36.59359984495677,24
Budd Lake,2020-09-11,21.408330535888695,0.013313133541184166,99388.24934895833,2.9217359314875906,220.5243864854177,383.0245717366536,14.00266702969869,1.031999945640564,24
Budd Lake,2020-10-16,13.693329111735048,0.009337316752256205,98901.89388020833,4.302853920642121,47.2769610285759,353.0470720926921,4.565333515405655,14.408199562691152,24
Budd Lake,2020-10-17,9.069576517740908,0.005100229231175035,99577.78938802083,3.9128036204868106,179.569925626119,285.17124430338544,0.0,0.7617999836802483,24
Budd Lake,2020-10-18,9.585825856526716,0.004493612563237548,100165.453125,3.2393153138766624,165.73700348536173,267.7508290608724,0.41600000858306885,0.0,24
Budd Lake,2020-10-19,12.768337504069033,0.008411658403929323,99859.93196614583,3.4549752522628925,97.07042300701141,326.4749895731608,12.576000531514486,0.0,24
Budd Lake,2020-10-20,16.998747762044292,0.010682929307222366,99580.30045572917,3.259532332034015,132.6198801199595,367.02416102091473,27.298667669296265,0.032600000500679016,24
Budd Lake,2020-10-21,17.669998423258487,0.011181583550448218,99660.93359375,3.601997325261891,146.08104828993478,344.4237467447917,208.55467669169107,0.004799999762326479,24
Budd Lake,2020-10-22,18.727910614013695,0.011865820929718515,99588.794921875,2.7657480083754087,148.92479872703552,345.69499079386395,240.00534423192343,0.0,24
Budd Lake,2024-10-15,6.07041447957359,0.004071862485337381,98385.9208984375,4.721475810716018,121.34466409683228,277.92583592732746,11.874583492676416,0.0,24
Budd Lake,2024-10-16,7.225415802001976,0.0042065083495496465,98777.69205729167,4.828147201819404,149.98308420181274,286.45958201090497,3.3854166666666665,0.0,24
Budd Lake,2024-10-17,7.599167124430362,0.004187541664578021,99495.96647135417,3.314827409546034,178.5326657295227,263.66250292460126,0.0,0.0,24
Budd Lake,2024-10-18,9.597500101725283,0.004097716679098085,100004.2255859375,3.416966275799687,174.7602105140686,260.97083409627277,0.0,0.0,24
Budd Lake,2024-10-19,12.144166564941429,0.0045568250255504,100427.42545572917,1.5139947606983475,172.5821272532145,270.14208285013837,0.0,0.0,24
Budd Lake,2024-10-20,12.829583740234398,0.004986333350340526,99923.90852864583,3.033974438567766,171.79437804222107,270.433749516805,0.0,0.0,24
Budd Lake,2024-10-21,15.285417175292991,0.005390166654251516,99471.78287760417,3.5048379603633175,163.89758276939392,297.117914835612,0.0,0.0,24
Budd Lake,2024-10-24,15.482081349690779,0.007038812482884775,98593.69205729167,4.872122380189799,159.7264573276043,309.5783348083496,7.033750077088674,0.051100000739097595,24
Budd Lake,2024-10-25,8.578748321533226,0.0044106583421428995,99124.2255859375,3.6582452497523925,162.3432528177897,255.42999776204428,0.0,0.0,24
Budd Lake,2024-10-26,11.91208165486656,0.00465163752475443,99091.35026041667,5.492676018308429,143.3620023727417,312.9887530008952,1.4862499833106995,0.0,24
Budd Lake,2024-10-27,7.40583190917971,0.002957774995593354,99925.02115885417,3.526824807397945,160.5881258646647,241.65041478474936,0.0,0.0,24
Budd Lake,2024-10-28,8.18958180745445,0.0030939166608732194,100082.84537760417,2.417615870810575,143.95733229319254,276.3737500508626,0.0,0.0,24
Budd Lake,2024-10-29,10.390415445963564,0.006031495771215607,100236.1083984375,4.05036845056302,134.63912677764893,299.06041781107587,7.462083280086517,0.0,24
Budd Lake,2024-10-30,15.507499949137392,0.008228275071208676,99884.96223958333,3.665061416429374,145.6378730138143,334.4499969482422,0.3000000019868215,0.0,24
Carnegie Lake,2015-06-03,14.989582316080751,0.009306100158331295,101772.30729166667,3.6368297974008446,161.6518823901812,370.8512433369954,0.0,3.686799937975593,24
Carnegie Lake,2015-06-04,13.664581553141298,0.008663837623316795,101927.18391927083,4.095248539795823,98.77592062950134,348.4695765177409,0.0,0.0,24
Carnegie Lake,2015-06-05,14.953332519531273,0.009654875107419988,101494.71028645833,3.1522640309249517,117.16108878453572,380.3395716349284,0.0,7.050599907524884,24
Carnegie Lake,2015-06-06,19.39166666666669,0.01171258771015952,100892.04166666667,2.685611403925535,266.75534470876056,380.77415974934894,497.28268424669903,0.15999999840278178,24
Carnegie Lake,2015-06-07,18.168751017252628,0.010179937661935886,101568.59440104167,2.752359361213933,295.233097076416,335.0441551208496,60.28800187508265,0.0,24
Carnegie Lake,2015-06-08,18.998337046305362,0.011525566767280301,101116.1630859375,5.118935546563643,304.3393505414327,352.7091573079427,208.2080101966858,0.0023999998811632395,24
Carnegie Lake,2015-06-09,23.05333989461265,0.014274533449982604,100237.4521484375,5.586844267200817,259.0586380163829,403.08791097005206,594.4240315755209,18.828399651218206,24
Carnegie Lake,2016-07-07,27.133752441406273,0.017538062452028196,100460.37923177083,2.2977385705848987,272.80009603500366,411.0833257039388,1298.506721496582,5.4203998781740665,24
Carnegie Lake,2016-07-08,28.09415969848635,0.018099912830318015,100447.93033854167,2.1057815098611403,278.1314335664113,424.1895751953125,1090.4640528361003,13.16599991498515,24
Carnegie Lake,2016-07-09,24.06374384562177,0.016552037714670103,100601.75227864583,3.9756937370469885,185.34109242757162,411.5899937947591,465.250689248244,0.43479998875409365,24
Carnegie Lake,2016-07-10,23.308747863769554,0.013817970990203321,100700.927734375,3.0872144085534825,295.74905371665955,389.29832712809247,160.38134213288626,16.861599951982498,24
Carnegie Lake,2016-07-11,22.912493642171246,0.012088546024945876,101347.50130208333,2.592641507870713,308.86038939158124,369.85248947143555,3.7520001170535884,0.0,24
Carnegie Lake,2016-07-12,23.21708450317385,0.01139489592363437,101492.40755208333,2.227546389139929,321.6875970363617,353.29206975301105,1.0213333728412788,0.5144000053405762,24
Carnegie Lake,2016-07-13,23.170418039957706,0.014583987649530172,101352.5263671875,3.185992098956056,155.19875633716583,409.7033208211263,173.61600807805857,11.46199981495738,24
Carnegie Lake,2016-09-21,23.500417327880882,0.012731208427188298,101614.12890625,2.3678874304808866,212.24434073766074,363.6195780436198,93.34133740266164,0.0,24
Carnegie Lake,2016-09-22,21.84875005086265,0.01005288353189826,101616.09700520833,2.130762211400014,220.79021978378296,334.9316596984863,0.0,0.0,24
Carnegie Lake,2016-09-23,21.262082672119163,0.010872837660523752,101296.8388671875,1.9696788342831082,218.13009595870972,341.7337392171224,25.229334950447083,0.0,24
Carnegie Lake,2016-09-24,19.289997355143253,0.011247512651607394,101343.27376302083,2.902444893255234,121.89138142267863,374.45332590738934,9.91733389099439,0.574400007724762,24
Carnegie Lake,2016-09-25,15.45041681925458,0.006521825057764848,101741.12109375,2.8101516168016545,222.42421766122183,303.1862449645996,1.7573334413270156,1.2007999438792467,24
Carnegie Lake,2016-09-26,15.587085978190126,0.006347704213112593,101688.4609375,2.895672204963575,188.63784551620483,312.8345781962077,0.0,2.033599853515625,24
Carnegie Lake,2016-09-27,20.103749847412132,0.011106545959288875,100974.16764322917,3.540222537290034,173.26171480615935,380.5299898783366,1.237333389930427,7.577199786901474,24
Carnegie Lake,2017-04-20,12.938333129882835,0.008148716820869595,101569.17122395833,2.5441085918270354,157.84434127807617,353.9829037984212,1.8133334188411634,0.5815999805927277,24
Carnegie Lake,2017-04-21,14.182085927327497,0.008996504378349831,100954.02473958333,4.114643976433571,203.34863630930582,358.09374237060547,24.20400134722392,1.1329999947629403,24
Carnegie Lake,2017-04-22,12.376250203450544,0.008276637624173114,100934.02604166667,2.523725295649407,62.79425319035848,354.97707239786786,0.8320000171661377,1.6465999651700258,24
Carnegie Lake,2017-04-23,10.609173075358095,0.005963658409503599,101377.2900390625,2.960101390389776,283.0025513966878,287.306245803833,4.169333537419637,0.0,24
Carnegie Lake,2017-04-24,9.489582316080751,0.00624040423038726,101574.55208333333,3.152991486909313,117.80379676818848,305.82749621073407,0.0,0.5375999733805656,24
Carnegie Lake,2017-04-25,11.426245625813825,0.007746875111479312,101184.98828125,7.91077379343277,107.29504529635112,363.5841598510742,4.688000241915385,8.776399657828733,24
Carnegie Lake,2017-04-26,15.221242523193382,0.010071312659420073,100344.41666666667,4.431008298114942,121.822256565094,382.3045717875163,11.418667127688726,3.4119999073445797,24
Carnegie Lake,2017-05-24,15.610832468668642,0.009758895883957544,100387.98567708333,3.84699022120738,181.04217692216238,360.54206975301105,3.2026668457935252,0.25939999846741557,24
Carnegie Lake,2017-05-25,14.836671447753929,0.009870925064509114,100033.27473958333,5.848784405827142,159.91138027111688,371.69499079386395,38.43200136348605,14.300999687053263,24
Carnegie Lake,2017-05-26,17.52540740966799,0.010336570984994372,99782.05110677083,4.906109127505268,248.68372225761414,364.0983301798503,34.336001793543495,13.240599607524928,24
Carnegie Lake,2017-05-27,18.421665445963566,0.010506808447341124,100667.60807291667,2.947741918014627,225.27025858561197,374.88832600911456,16.76266743739446,0.005200000014156103,24
Carnegie Lake,2017-05-28,18.495412445068382,0.011738858418539166,100806.30403645833,3.5209336745266255,172.7823009888331,385.88373947143555,13.58400076876084,0.0,24
Carnegie Lake,2017-05-29,15.466247812906923,0.010238691737564901,100865.80501302083,4.4681757161151,116.77317345142365,380.93374252319336,0.8640000093728304,5.6419998308992945,24
Carnegie Lake,2017-05-30,14.816669718424501,0.009580108375909427,101574.8623046875,3.9284907539603555,149.01388355096182,356.90832265218097,4.029333386570215,0.43079998914618045,24
Carnegie Lake,2017-05-31,18.690001424153667,0.011476729336815575,101229.77278645833,2.522006210847234,281.7124759356181,369.5512390136719,601.7386955817541,0.21359999908600003,24
Carnegie Lake,2017-06-01,19.675000762939476,0.010786287719383836,100968.86197916667,3.846529758816349,332.98430705070496,332.17665990193683,326.70667966206867,0.06479999772273004,24
Carnegie Lake,2017-06-02,18.75333684285484,0.008760966865035394,101026.78841145833,4.047194269015563,301.06838806470233,327.09165954589844,144.149341493845,0.0,24
Carnegie Lake,2017-06-03,16.242917633056663,0.007647366786841303,101119.8798828125,4.046663928805991,298.74242901802063,314.0791613260905,73.66667008399963,2.609999932348728,24
Carnegie Lake,2017-06-04,16.665416971842472,0.008437895933942249,101122.50227864583,2.1783337744015037,202.06488498051962,323.8712450663249,19.19200082619985,0.0,24
Carnegie Lake,2017-06-05,20.400427754720074,0.013111062658329805,100353.7646484375,2.038677804012765,226.011590162913,382.9258270263672,594.2720265388489,1.2631999705918133,24
Carnegie Lake,2017-06-06,17.760418192545597,0.011384062663031122,100309.7490234375,3.030062713157441,244.3940501610438,365.7687454223633,74.12533772985141,9.689199723652564,24
Carnegie Lake,2017-06-07,13.797082519531273,0.008149933535605669,100983.53645833333,2.864126453877544,236.39338596661887,339.02665456136066,10.130667130152384,0.0031999998609535396,24
Carnegie Lake,2017-06-08,15.975417073567732,0.008684166804111252,101085.88997395833,3.028935264593585,322.92384878794354,317.96583048502606,2.5600001284231744,0.003999999724328518,24
Carnegie Lake,2017-06-09,16.925836181640648,0.008868750145969292,100532.67415364583,3.005535038209374,330.50930921236676,313.6262385050456,182.25067647298178,0.0,24
Carnegie Lake,2017-06-10,20.62624257405601,0.010611521041331192,101035.73470052083,4.292254928138552,288.26572545369464,347.48957443237305,150.49867179679373,0.8319999575614929,24
Carnegie Lake,2017-06-11,23.578333791097027,0.013509200070984662,101370.44986979167,4.273772029221568,332.69210084279376,364.69957478841144,305.8666797876358,0.5607999563217163,24
Carnegie Lake,2017-06-12,25.59708429972333,0.015619529450001815,101214.08821614583,3.38129032534354,330.69496901830036,379.5679066975911,982.0880439281464,0.0,24
Carnegie Lake,2017-07-05,24.269582366943382,0.013951521056393782,101586.76497395833,3.0551615477201053,325.33080673217773,380.1579106648763,146.57334085305533,0.0,24
Carnegie Lake,2017-07-06,21.759166971842472,0.013288166839629412,101543.42122395833,3.4789158596060763,196.56696708997092,380.39791107177734,24.46666830778122,1.5099999671801925,24
Carnegie Lake,2017-07-07,21.61624933878583,0.014601825115581354,100647.61751302083,2.6770695267996545,167.81250540415445,406.4783312479655,72.79200258975227,5.59759998015943,24
Carnegie Lake,2017-07-08,24.7695874532064,0.014737704303115606,100356.10611979167,3.7159138410542316,290.5255527496338,388.7049916585286,538.7493623097738,0.16799999284557998,24
Carnegie Lake,2017-07-09,22.135003662109398,0.011272145978485545,101015.55436197917,3.4512301357477093,335.12259793281555,345.7629089355469,55.82933551073074,0.08559999614953995,24
Carnegie Lake,2017-07-10,22.868747965494816,0.011910600122064352,101297.95833333333,3.5208824646206565,324.3714741865794,359.8974914550781,134.35734343528748,0.0,24
Carnegie Lake,2017-07-11,25.301669057210308,0.015304720844142139,100981.06087239583,3.9042434275005777,289.844930489858,394.09874471028644,835.4960441589355,0.014399999636225402,24
Carnegie Lake,2017-07-12,26.970836893717472,0.016260654161063332,101071.25944010417,4.186025568033799,303.839181582133,407.37790807088214,958.9627062479655,0.0,24
Carnegie Lake,2017-07-13,27.976668294270855,0.016981733419621985,101153.09505208333,3.3405289701800256,260.5426794687907,413.7608235677083,1304.9947255452473,29.095199427567422,24
Carnegie Lake,2017-07-14,25.82458140055341,0.01717930450104177,101269.52311197917,2.818993656037099,163.38146543502808,423.1741574605306,557.5066909790039,10.908799750730395,24
Carnegie Lake,2017-07-15,24.596250152587913,0.015443766916481158,101049.05891927083,2.2359781452781022,254.38176528612772,404.85541280110675,315.9120143254598,0.13899999725981615,24
Carnegie Lake,2017-07-16,24.665002441406273,0.013714829226955771,101004.904296875,1.8512875575669696,325.1672257582347,372.5458285013835,246.4240104009708,0.0,24
Carnegie Lake,2017-07-17,24.926672871907574,0.015792662782284122,101198.47623697917,2.9587192595828022,314.16880679130554,382.94374084472656,1384.152064005534,0.006399999721907079,24
Carnegie Lake,2017-08-04,25.11333872477216,0.01639446282448868,101253.47330729167,3.7408706185944047,284.2696404357751,403.11874262491864,1327.9813868204753,6.353199649835005,24
Carnegie Lake,2017-08-05,23.36208877563479,0.014388237614184618,100866.06282552083,3.987698155669023,267.2818465183179,386.0824915568034,608.6880267461141,15.704800021834671,24
Carnegie Lake,2017-08-06,19.60083160400393,0.010427279281429946,101376.595703125,3.9904024238205005,249.71009692549706,336.3549944559733,6.024000287055969,0.0,24
Carnegie Lake,2017-08-07,18.32124989827476,0.011596187638739744,101378.38834635417,3.1961664023098955,103.18767188924055,378.53374099731445,11.490667268633842,15.931599667295814,24
Carnegie Lake,2017-08-08,20.9908271789551,0.012572200153954327,101005.20930989583,2.4303707146149893,237.6125087738037,389.4816551208496,61.02933677037557,0.6839999854564667,24
Carnegie Lake,2017-08-09,21.96124674479169,0.011587454316516718,101645.7490234375,1.885678810676722,309.3506803512573,345.69582748413086,22.706668045992654,0.0,24
Carnegie Lake,2017-08-10,21.620414988199894,0.011979358464789888,101902.74641927083,1.6588096958067624,306.2283067703247,343.55249786376953,17.570667902628582,0.0,24
Carnegie Lake,2017-09-21,22.87416865030927,0.013369375218947729,101184.13606770833,3.562585804999257,205.6684274673462,376.63415908813477,64.37866926193237,0.548799991607666,24
Carnegie Lake,2017-09-22,20.74124679565432,0.011422650190070271,101302.28580729167,4.031645087245406,163.40725827217102,361.35582224527997,0.6026666959126791,2.0063998699188232,24
Carnegie Lake,2017-09-23,22.45291671752932,0.012359604355879128,101232.625,3.3939343335957486,215.91750963528952,384.10124079386395,0.0,0.0,24
Carnegie Lake,2017-09-24,23.073330179850284,0.012360425277923545,101356.7177734375,2.0999073418384264,214.33201011021933,363.2645797729492,12.896000429987907,0.6735999584197998,24
Carnegie Lake,2017-09-25,23.088335927327496,0.01386357102698336,101323.4814453125,2.219668769904707,208.32826073964438,384.2379086812337,87.8186704715093,1.079200002248399,24
Carnegie Lake,2017-09-26,21.934161122639996,0.01373881264589727,101300.71516927083,2.5018140751589315,203.99346713225046,370.5754140218099,25.978667462865513,1.0784000158309937,24
Carnegie Lake,2017-09-27,22.753750101725284,0.014907379440652827,100824.13151041667,3.7564488582916518,174.209840854009,389.7149963378906,213.00000911951065,0.0,24
Carnegie Lake,2017-09-28,21.322915649414085,0.012043746033062538,100469.76692708333,5.1001683842417025,211.93030313650766,351.4954147338867,37.47733517487844,0.0,24
Carnegie Lake,2017-09-29,13.6437444051107,0.006645866708519558,101277.2177734375,3.4304754292427115,183.55417388677597,305.56249237060547,0.0,0.006399999838322401,24
Carnegie Lake,2017-09-30,14.741663869222029,0.0073073584159525735,101530.34440104167,4.342812874229296,192.11963707208633,319.379576365153,8.085333665211996,0.007999999448657036,24
Carnegie Lake,2017-10-01,14.176666514078798,0.007187595940195024,102295.33072916667,2.6978102132013793,207.8017174502214,322.5291608174642,0.0,0.0,24
Carnegie Lake,2017-10-02,13.834165191650413,0.00633675007460018,102365.3515625,2.235430076726948,211.22259362538657,285.13749440511066,0.0,2.9787999391555786,24
Carnegie Lake,2017-10-03,14.540415700276716,0.007505795937807609,102997.58072916667,2.5336584976775685,184.36300977071127,310.8908322652181,2.984000156323115,0.0,24
Carnegie Lake,2017-10-04,15.660420989990257,0.008634225057903677,102590.82584635417,3.5042076789518983,203.69288476308188,315.008736928304,0.0,0.15359999239444733,24
Carnegie Lake,2018-06-26,19.089162445068382,0.009695512688873956,101813.01334635417,2.894142022618673,331.23422686258954,325.4895731608073,3.5386668471619487,0.0,24
Carnegie Lake,2018-06-27,19.928753153483097,0.012670258448148767,101404.25716145833,4.524253840221969,192.8759298324585,362.4520746866862,48.21600204395751,0.0,24
Carnegie Lake,2018-06-28,23.20666656494143,0.014887595976081988,100555.27669270833,4.071132517188808,211.3264686266581,402.50498962402344,694.2293723424276,22.796799128875136,24
Carnegie Lake,2018-06-29,25.67332738240562,0.015297612679811815,100879.02473958333,3.027063691561158,331.39305726687115,386.32165781656903,586.8533586064974,0.013599999248981476,24
Carnegie Lake,2018-06-30,26.184163665771507,0.015001508484904965,101253.28873697917,2.7570718825782783,331.1338469982147,377.0483233133952,419.39469161008793,0.0,24
Carnegie Lake,2018-07-01,27.195419565836612,0.016261424985714257,101228.09733072917,2.86110513291741,321.80618103345233,388.09207407633465,1353.8213857014973,0.0,24
Carnegie Lake,2018-07-02,27.872083282470726,0.017496004467830062,101318.22395833333,2.3868010730039173,324.9652663866679,397.304993947347,1874.0187403361003,0.0,24
Carnegie Lake,2018-07-05,26.915835316975933,0.01828065871571501,102041.255859375,3.0881987350490263,259.06234280268353,419.1949933369954,1832.4534149169922,0.0,24
Carnegie Lake,2018-07-06,26.342914835612003,0.01798594188100348,101385.34537760417,4.204976210325845,181.53563396135965,427.96082305908203,1163.4080657958984,25.984799079596996,24
Carnegie Lake,2018-07-07,19.704165395100933,0.010232991694162289,101991.34602864583,4.4926686631416635,341.90501912434894,319.39123789469403,1.1946667035420735,0.0,24
Carnegie Lake,2018-07-08,19.288330332438175,0.009547175141051412,102300.14973958333,1.8425208103732296,339.40060051282245,317.61749267578125,0.0,0.0,24
Carnegie Lake,2018-07-09,20.751660919189476,0.010268283425830305,101866.92350260417,2.9055330934018238,337.00889229774475,327.7041600545247,0.0,0.0,24
Carnegie Lake,2018-07-10,22.55875676472984,0.012408412566098074,101059.3017578125,3.4898215828583035,331.8874770005544,351.8283297220866,147.75467320779958,0.0,24
Carnegie Lake,2018-07-11,25.073336537679058,0.014347883523441851,100893.27083333333,3.292032095643519,290.2472219467163,384.26540756225586,684.9573644002279,0.0,24
Carnegie Lake,2018-09-12,23.727915700276714,0.01581437113539626,101787.7119140625,2.7152402589621154,151.36204906304678,409.57207107543945,374.44535144170123,5.7119998801499605,24
Carnegie Lake,2018-09-13,22.21000188191734,0.014895087651287517,101985.70149739583,4.221854301928437,184.9062172571818,401.70624415079754,134.46667317549387,1.0921999685815535,24
Carnegie Lake,2018-09-14,22.06917597452802,0.014777075227660438,101862.8291015625,4.390756968950053,166.82676088809967,398.1512387593587,76.29333678881328,1.571999967098236,24
Carnegie Lake,2018-09-15,20.925005849202496,0.0142117584667479,101812.92708333333,1.9979328988923104,112.14083909988403,401.132074991862,11.557333993415037,0.06040000024950132,24
Carnegie Lake,2018-09-16,21.976663208007835,0.013731600173438588,101805.01725260417,1.293725439669098,231.38517796993256,363.23874282836914,67.6400032043457,6.225599841214716,24
Carnegie Lake,2018-09-17,22.240830993652366,0.014553879387676716,101577.39778645833,2.8332417861158175,153.05954706172147,380.92374420166016,160.60534032185873,4.562799768522382,24
Carnegie Lake,2018-09-18,22.472500101725284,0.015998683559397858,100613.44075520833,3.241479085919916,91.88429682453473,412.82582728068036,85.8026712735494,26.19159961119294,24
Carnegie Lake,2018-10-12,18.300832366943382,0.011399287672247738,99918.56998697917,5.5965418541977305,190.05446592966715,344.1841621398926,59.0133344133695,16.229199290275574,24
Carnegie Lake,2018-10-13,9.088333384195986,0.0060665458828831715,100710.0283203125,3.4015583475401256,98.12200490633647,302.76248931884766,5.712000230948131,2.8839998889015988,24
Carnegie Lake,2018-10-14,8.431665039062523,0.005436912547641744,101750.14420572917,2.6937027037511796,126.0800477663676,287.4124921162923,0.0,0.0,24
Carnegie Lake,2018-10-15,13.266660308837913,0.00883918342879042,101466.05631510417,4.08091319515814,71.85979493459065,356.66124471028644,7.973333892722924,2.4027999655809253,24
Carnegie Lake,2018-10-16,13.64500452677411,0.007436345952252547,101344.9443359375,5.209574057856808,178.02830123901367,314.2137451171875,20.685333887736004,2.06239992659539,24
Carnegie Lake,2018-10-17,9.164582824707054,0.005503158376086503,101206.58203125,5.4841384610387,176.40467580159506,276.8095817565918,8.357333620389303,0.0,24
Carnegie Lake,2018-10-18,6.757923380533877,0.0041220958810299635,102041.666015625,6.364784325626008,126.57063007354736,302.5854098002116,17.421333978573482,0.0,24
Carnegie Lake,2019-09-11,23.19250640869143,0.014807937860799333,101826.76041666667,3.788150922743212,236.13572057088217,383.7079137166341,724.0560347239176,0.0,24
Carnegie Lake,2019-09-12,24.94833145141604,0.016220725180270772,101363.67024739583,3.097156160942378,161.36834196249643,410.9716567993164,1178.120047569275,0.0,24
Carnegie Lake,2019-09-13,18.882498677571636,0.010851800092495978,102370.50520833333,5.898503243894395,175.65446798006693,385.16998799641925,3.341333451680839,0.0,24
Carnegie Lake,2019-09-14,17.81583429972333,0.011042058545475205,102211.0185546875,3.450687432342501,99.32092205683391,373.0833231608073,0.0,0.0,24
Carnegie Lake,2019-09-15,22.61208368937177,0.013425787755598625,101686.24544270833,2.6982410769339498,234.32663842042288,378.07290903727215,97.26400514443715,0.0,24
Carnegie Lake,2019-09-16,20.54000116984052,0.011224066761011878,101327.03352864583,1.8526996744895523,148.10750554005304,365.36957931518555,13.026667277018229,0.0,24
Carnegie Lake,2019-09-17,19.976247406005882,0.01052698764639596,101456.64290364583,3.1929314766002928,234.34959222873053,352.00749079386395,2.8853334883848825,0.0,24
Carnegie Lake,2019-09-20,14.68708445231122,0.00698065427908053,102075.26204427083,3.530037075416923,230.24051308631897,291.4279098510742,0.0,0.0,24
Carnegie Lake,2019-09-21,17.51041946411135,0.00872267922386527,101881.01692708333,3.1419779027657087,227.1536762714386,318.04541269938153,0.0,0.0,24
Carnegie Lake,2019-09-22,20.46584218343101,0.011586866807192564,101650.46158854167,2.6103508148459205,216.26209592819214,351.71374257405597,28.642668048540752,0.0,24
Carnegie Lake,2019-09-23,22.922498321533226,0.013122704384538034,100874.708984375,4.624421373891784,214.95042530695596,372.69957478841144,9.298667212327322,0.0,24
Carnegie Lake,2019-09-24,20.857498423258487,0.011451125067348281,100477.76920572917,4.347359107200407,219.320010026296,353.27665456136066,50.71733541289965,0.0,24
Carnegie Lake,2019-09-25,18.72375132242841,0.009290216723456979,100816.46744791667,3.059889063475817,218.5608882109324,339.5854123433431,1.3173333803812664,0.0,24
Carnegie Lake,2019-09-26,19.347502644856792,0.010434529278427362,100562.7607421875,3.774747281017623,193.3868033091227,344.10207748413086,17.42666761080424,0.0,24
Carnegie Lake,2019-09-27,17.1366643269857,0.008047554273313532,101378.28092447917,2.928838950624552,216.79488650957742,303.00707753499347,0.0,0.0,24
Carnegie Lake,2019-09-28,19.29041442871096,0.01136354609237363,101530.16015625,3.096458821167461,180.48113401730856,361.18332290649414,489.9066820542018,0.0,24
Carnegie Lake,2019-09-29,22.76083145141604,0.013191745965741575,101735.59928385417,3.238206608686355,194.12863137324652,381.975404103597,459.32001876831055,0.0,24
Carnegie Lake,2019-09-30,17.85416692097984,0.010424566843236486,102094.41796875,3.346241656154296,85.89154733220737,371.1962432861328,0.0,0.0,24
Carnegie Lake,2019-10-01,20.37125676472984,0.011639733527166149,101545.13802083333,3.613006019191351,183.4603013495604,391.48916244506836,23.0106676419576,0.0,24
Carnegie Lake,2019-10-04,17.459165191650413,0.009740958417144915,101306.16178385417,4.7491651831406925,187.0643424987793,347.0316632588704,3.08533349322776,0.0,24
Carnegie Lake,2019-10-05,9.48749949137372,0.005239070878208925,102471.57194010417,3.684385784395298,208.08047199249268,260.36458079020184,0.0,0.0,24
Carnegie Lake,2019-10-06,13.67750193277997,0.008532175134556988,102240.1904296875,4.287508276443504,71.93904487291972,350.2437438964844,4.202666858832042,0.0,24
Carnegie Lake,2019-10-07,20.765415445963566,0.012548600207082927,101677.96223958333,5.483633519621467,97.86625560124715,404.7366536458333,60.637335740340255,0.0,24
Carnegie Lake,2019-10-08,16.811247762044292,0.00986774591729045,101842.556640625,4.888556479420189,74.61408646901448,377.832083384196,25.282668352127075,0.0,24
Carnegie Lake,2019-10-09,13.422500864664736,0.008434087581311664,101940.60904947917,5.773193889651151,40.053876876831055,363.85498809814453,0.0,0.0,24
Carnegie Lake,2019-10-10,13.714162445068382,0.007630062619379411,101972.98697916667,5.958815368000656,94.96646293004353,362.4912414550781,0.0,0.0,24
Carnegie Lake,2019-10-11,13.475410715738954,0.007322258393590649,101614.064453125,5.918635820772914,94.99908971786499,354.0045789082845,0.0,0.0,24
Carnegie Lake,2019-10-12,14.72083689371747,0.008354941693445047,101178.70638020833,3.0391483306045846,168.38634077707925,351.97666295369464,0.0,0.0,24
Carnegie Lake,2019-10-13,14.539585367838564,0.0073970001346121235,101353.66927083333,2.553641852408552,148.40546615918478,329.9849967956543,0.0,0.0,24
Carnegie Lake,2019-10-14,15.641665395100935,0.007960850198287517,101136.43098958333,2.658028794566615,181.9528005917867,338.242493947347,0.0,0.0,24
Carnegie Lake,2019-10-15,11.58667907714846,0.005407570919487625,101548.35677083333,2.5859900867359937,183.38600842158,276.98916244506836,0.0,0.0,24
Carnegie Lake,2019-10-16,12.46000696818036,0.0078115960156234605,100699.1904296875,5.7938965542895176,121.79308851559956,316.0162404378255,59.76266928513845,0.0,24
Carnegie Lake,2019-10-17,12.242923990885439,0.006884800037369132,99148.0771484375,9.955787240267663,109.18525425593059,322.18458048502606,2.061333417892456,0.0,24
Carnegie Lake,2019-10-18,10.958336130778017,0.005705545869811128,100476.94661458333,6.60353741823359,171.65709392229715,305.1962407430013,0.0,0.0,24
Carnegie Lake,2019-10-19,8.435414886474632,0.004995479190256447,101311.240234375,3.02842170524834,178.44734303156534,265.3791624704997,0.0,0.0,24
Carnegie Lake,2019-10-20,10.29916915893557,0.006718837617275615,101220.2900390625,2.3737937125963633,48.499418457349144,321.0958315531413,0.0,0.0,24
Carnegie Lake,2019-10-21,14.346246337890648,0.008483708370476961,101244.0927734375,4.0067527042669004,168.8786327044169,333.9108238220215,0.0,0.0,24
Carnegie Lake,2019-10-22,13.830410257975283,0.00896313349949196,101211.1865234375,4.306132823368204,85.3167133529981,341.81207911173504,0.0,4.818199967034161,24
Carnegie Lake,2020-07-07,24.597492472330753,0.015999683372986812,101442.63606770833,3.5328485824938407,312.1297218799591,393.74540583292645,956.8480453491211,0.16559999622404575,24
Carnegie Lake,2020-07-08,25.9179143269857,0.01699383770270894,101200.22298177083,3.083649168793159,290.32818301518756,408.3062388102214,1022.4827143351237,6.40159981220495,24
Carnegie Lake,2020-07-09,26.31916198730471,0.01690921272772054,101071.1728515625,2.3831729891876767,316.7111833890279,403.28957239786786,874.1627114613851,0.0,24
Carnegie Lake,2020-07-10,23.47541707356773,0.016750279425953824,100796.4970703125,4.70102336228566,154.16638159751892,404.15540822347003,355.74935070673627,52.192799117881805,24
Carnegie Lake,2020-07-11,25.347910817464214,0.01699392928276211,100162.34212239583,3.322121569443882,255.58592693010965,417.15041097005206,803.754700978597,1.7335999587085098,24
Carnegie Lake,2020-07-12,25.441663360595726,0.014956587731527785,100294.3984375,4.61588006128876,321.15255800882977,386.2941602071126,343.9093476931254,0.07279999821912497,24
Carnegie Lake,2020-07-13,25.23291931152346,0.01465571279792736,100466.83561197917,3.355968663618711,310.9719768365224,388.1362419128418,529.4746958414713,4.820799943059683,24
Carnegie Lake,2020-07-14,23.542498524983746,0.012761354329995811,100915.12467447917,3.231701189047699,325.4493496417999,363.43040974934894,277.6533465385437,0.3303999900817871,24
Carnegie Lake,2020-07-15,24.72375132242841,0.014104050196086368,101586.67708333333,3.0766487260651467,309.1493458747864,387.9620768229167,113.78400572141011,0.0,24
Carnegie Lake,2020-07-16,22.087497965494816,0.013241579290479422,102010.70963541667,4.1197483371835695,268.5190548102061,370.5599899291992,12.192000607649485,0.0,24
Carnegie Lake,2020-07-17,23.11041666666669,0.01525202098612984,101630.31315104167,3.5946530827384287,207.6769288778305,409.3324940999349,630.0640300909678,0.003999999724328518,24
Carnegie Lake,2020-07-18,27.870412445068382,0.018213316875820357,101305.50162760417,1.8467674476808602,302.6970949967702,428.4241587320964,1993.6747665405273,0.0,24
Carnegie Lake,2020-07-19,27.395000712076847,0.016923333595817287,101031.294921875,3.8602771026466365,319.4042217731476,395.06333033243817,997.5307159423828,0.0,24
Carnegie Lake,2020-07-20,28.477913157145206,0.018150658579543233,100702.15690104167,4.07299016174817,312.87701630592346,416.2366536458333,1632.0107523600261,0.0,24
Carnegie Lake,2020-07-21,27.86041412353518,0.01592717521513502,101081.06510416667,2.5383930730530073,315.0774308045705,398.3545748392741,556.9173579998314,0.0,24
Carnegie Lake,2020-07-22,28.645419057210308,0.017633229261264205,101161.609375,2.1263421566854777,275.58409504095715,428.3379084269206,1354.9307327270508,4.0455998940742575,24
Carnegie Lake,2020-07-23,27.740838623046898,0.01843077930000921,101241.89485677083,3.224004259653379,205.94050882260004,430.143746693929,1587.3094304402669,4.274399944988545,24
Carnegie Lake,2020-07-24,27.331664021809917,0.017955096050476033,101331.22233072917,1.8803570549404904,199.9269664287567,430.3149884541829,1394.272071838379,8.115599776152521,24
Carnegie Lake,2020-07-25,26.112081146240257,0.016292450289862852,101443.2646484375,2.3275799487088755,295.93084685007733,401.52499135335285,864.309373219808,0.0,24
Carnegie Lake,2020-07-26,27.602082824707054,0.017363091930747032,101218.69075520833,4.20249769664402,308.3539763887723,413.0612424214681,555.493361155192,0.0,24
Carnegie Lake,2020-07-27,27.276253000895206,0.016647462888310354,100714.41666666667,4.298467654156359,315.14642973740894,388.21374384562176,409.7333495616913,0.0,24
Carnegie Lake,2020-07-31,25.837917582194034,0.0166964001643161,100530.14388020833,2.7035793622123987,168.69284212589264,419.03374099731445,508.4426956176758,3.5859998101368546,24
Carnegie Lake,2020-08-01,25.944165802001976,0.015545179368928075,100818.4775390625,1.3557170715985205,272.7502615849177,415.5074882507324,125.64533869425456,0.0,24
Carnegie Lake,2020-08-02,26.67249450683596,0.01797222935905059,100887.91178385417,3.994213418391572,218.28917388121286,431.4645741780599,1226.557393391927,0.7547999620437622,24
Carnegie Lake,2020-08-03,26.749163564046246,0.015973475218440097,101051.86490885417,3.8558482176544433,292.7180143594742,401.37707392374676,616.4186899848282,0.0,24
Carnegie Lake,2020-08-04,24.84375406901044,0.017165566872184474,100769.220703125,5.688736320950352,138.24363019069037,420.7845751444499,593.4053650299708,54.992398075642996,24
Carnegie Lake,2020-08-05,24.663323974609398,0.014664916787296534,101110.20540364583,2.731398667825243,304.5250550011794,391.221243540446,308.3893466790517,0.00839999970048666,24
Carnegie Lake,2020-08-06,24.5804267883301,0.014464929428262016,101398.05598958333,3.006142253687546,232.39684161543846,401.4333216349284,138.67733987172446,4.184799827635288,24
Carnegie Lake,2020-08-07,22.5391670227051,0.014212254396018883,101520.5302734375,3.2541527998726463,218.92997220624238,388.01499303181964,296.9440174102783,7.995999673497863,24
Carnegie Lake,2020-08-08,23.113750712076847,0.015154150237018863,101654.83170572917,2.5047470911139462,191.44738642374674,403.0020751953125,716.2507005532583,10.109599709510803,24
Carnegie Lake,2020-08-09,24.27791620890302,0.015492133485774199,101529.06868489583,2.439703587487046,262.3203026453654,390.711243947347,956.5760504404703,0.0,24
Carnegie Lake,2020-08-10,26.77416636149091,0.01769572919389854,101264.65690104167,3.0330963255915453,266.90168221791583,417.78124109903973,1831.2320658365886,0.0,24
Carnegie Lake,2020-08-11,26.961255645751976,0.0182974711060524,101037.66536458333,3.483888401158522,243.65542888641357,420.19956970214844,1741.1334050496419,2.1808000206947327,24
Carnegie Lake,2020-08-12,27.270832316080753,0.018556666870911915,101147.76888020833,2.5577362415440823,196.28530089060465,437.6491559346517,1884.5894215901692,0.20879999827593565,24
Carnegie Lake,2020-08-13,26.06291478474937,0.01701892081958552,101390.10677083333,1.663824124026352,226.67534669240317,407.7199872334798,1273.9947242736816,8.3559999614954,24
Carnegie Lake,2020-09-05,20.821252441406273,0.010015454220895966,101575.79231770833,2.956142955356485,258.7475538253784,332.61790974934894,0.0,0.0,24
Carnegie Lake,2020-09-06,19.738754526774112,0.009519770974293351,101759.83821614583,2.76558867228804,252.43738428751627,335.2716585795085,23.722668011983234,0.0,24
Carnegie Lake,2020-09-07,20.468747711181663,0.011893983387077848,101459.9404296875,3.4368998868958496,246.3376382191976,346.2645785013835,31.57066802183787,0.0,24
Carnegie Lake,2020-09-08,22.238754526774112,0.013362266782981655,101565.18815104167,2.553505716048559,245.28647057215372,359.6358235677083,123.68800659974416,0.0,24
Carnegie Lake,2020-09-09,22.477918243408226,0.01414871277908484,101980.51009114583,3.201049189495975,193.9010100364685,375.8349901835124,181.0533425124983,0.0,24
Carnegie Lake,2020-09-10,23.63708012898765,0.01600733756398161,101964.82096354167,1.8120897354887984,99.84917084376018,414.17999776204425,131.0506732861201,15.092799367848784,24
Carnegie Lake,2020-09-11,22.983331298828148,0.01448750018607825,101616.08919270833,3.023530838808908,224.43538641929626,399.28207778930664,18.928000534574192,11.39639969728887,24
Carnegie Lake,2020-10-16,14.997495269775413,0.01006745007665207,101225.73404947917,3.634595156738323,45.80312782526016,366.3424949645996,10.008000508882105,27.060999061912298,24
Carnegie Lake,2020-10-17,10.676662699381533,0.005795995898855229,101971.3349609375,3.694907856045589,182.10142413775125,296.5345764160156,0.02666666793326537,0.6958999950438738,24
Carnegie Lake,2020-10-18,10.394579823811872,0.0051980625818638755,102597.18684895833,2.845018714512783,156.80134320259094,283.5666618347168,1.2480000257492065,0.0,24
Carnegie Lake,2020-10-19,14.04208653767906,0.008651491700826833,102200.650390625,3.2201643487303877,118.95108944177628,336.6733283996582,16.040000716845196,0.0,24
Carnegie Lake,2020-10-20,17.79291178385419,0.011110045908329388,101935.79361979167,2.5294098662745292,134.0105481147766,366.5187390645345,53.88000249862671,0.24239999055862427,24
Carnegie Lake,2020-10-21,18.18749516805015,0.01140763342846185,102007.70670572917,3.204487735528845,154.1642142534256,346.73583094278973,228.96267860258618,0.0,24
Carnegie Lake,2020-10-22,18.89124196370445,0.011961387586779892,101927.70247395833,2.2703704994565483,156.71246496836343,352.0887387593587,307.85601115226746,0.014399999752640724,24
Carnegie Lake,2024-10-15,7.424164072672549,0.004075725019599001,100796.1630859375,4.73376627590823,138.7059179941813,282.36291631062824,4.166666626930237,0.0,24
Carnegie Lake,2024-10-16,7.330832417806012,0.003994395839981735,101172.15950520833,4.503218250543912,167.3234577178955,274.7545801798503,0.4845833381017049,0.0,24
Carnegie Lake,2024-10-17,10.414581553141298,0.0046910541714169085,101861.7451171875,3.535051170182038,174.52095866203308,302.2416687011719,1.25,0.0,24
Carnegie Lake,2024-10-18,10.251250203450544,0.004193629128470396,102339.32063802083,3.1725265962988876,177.47062333424887,266.41416358947754,0.0,0.004399999888846651,24
Carnegie Lake,2024-10-19,12.364165242513044,0.004966491658706218,102812.30859375,1.1797106541843532,174.36191685994467,277.80499839782715,0.0,0.005199999868636951,24
Carnegie Lake,2024-10-20,12.624169921875023,0.005304695863742381,102298.13802083333,2.7133766894724545,173.5115863084793,278.11916478474933,0.0,0.0,24
Carnegie Lake,2024-10-21,14.614582316080751,0.005276958302905162,101842.92447916667,3.2231673646228853,168.0681228240331,293.22624588012695,0.0,0.0,24
Carnegie Lake,2024-10-24,15.872916158040388,0.007397774975591649,100863.7294921875,4.625166797776054,160.62620797753334,317.3545850118001,9.777916643768549,0.0,24
Carnegie Lake,2024-10-25,9.960417683919294,0.004625083277157198,101478.73307291667,3.697808415613144,165.01616797844568,266.1841634114583,0.0,0.0,24
Carnegie Lake,2024-10-26,12.500418599446638,0.00486070000139686,101439.4462890625,5.009541555000848,148.5887893040975,315.2879155476888,0.0,0.1484999991953373,24
Carnegie Lake,2024-10-27,8.050416564941429,0.0031362291774712503,102334.70442708333,3.2580379998298667,162.77729161580405,247.6700038909912,0.0,0.0,24
Carnegie Lake,2024-10-28,8.244996643066429,0.0032895916665438563,102456.53743489583,2.2954506335344416,144.3477923075358,273.2487545013428,0.0,0.0,24
Carnegie Lake,2024-10-29,11.611246999104841,0.0064091209205798805,102601.88736979167,3.3551594381600345,133.30312633514404,310.7066713968913,7.70124997695287,0.0,24
Carnegie Lake,2024-10-30,16.019165293375675,0.008287416654638946,102278.96809895833,3.0718656252923306,147.78758335113525,337.8037452697754,0.0,0.0,24
Cozy Lake,2015-06-03,13.343745168050154,0.00850215001264587,98580.52083333333,2.7963785313135343,307.31288743019104,321.4016583760579,0.5546666979789734,0.3863999843597412,24
Cozy Lake,2015-06-04,12.781250254313173,0.008178370946552604,98708.49055989583,3.409694835940573,194.42242606480917,320.48374303181964,0.0,0.0,24
Cozy Lake,2015-06-05,14.096248881022158,0.009522875111239651,98337.13671875,1.5705070298817914,123.52758836746216,372.9487419128418,0.20800000925858816,1.1975999623537064,24
Cozy Lake,2015-06-06,18.19083175659182,0.011113887575144569,97778.09537760417,3.092517481513364,258.90034385522205,369.0279032389323,292.70934414863586,3.429999968968332,24
Cozy Lake,2015-06-07,15.573333994547548,0.008277804319125911,98409.58138020833,3.6137073673674958,273.6282637119293,312.1966603597005,2.026666800181071,0.0,24
Cozy Lake,2015-06-08,17.74000447591148,0.011448633546630541,97912.642578125,5.947662399633114,261.7960124015808,351.59540939331055,262.7840124766032,4.809199795126915,24
Cozy Lake,2015-06-09,21.748335774739605,0.013848783409533402,97099.318359375,5.802272142965262,250.13738683859506,392.6983222961426,419.9760233561198,13.473999608308077,24
Cozy Lake,2016-07-07,25.89249954223635,0.016809379255088668,97406.859375,2.6431618275541364,264.4424271583557,397.6454048156738,1223.88538869222,1.3439999325200915,24
Cozy Lake,2016-07-08,25.07374725341799,0.01573277940042317,97425.8505859375,2.3461229642021246,266.4799295266469,397.1041564941406,528.2773599624634,11.611199766397476,24
Cozy Lake,2016-07-09,21.827495829264347,0.01493952089610199,97509.48600260417,3.958580786484722,188.73659332593283,395.66082255045575,328.87201662858325,1.3491999669349752,24
Cozy Lake,2016-07-10,20.396666463216167,0.012294387677684426,97603.32877604167,3.442258244384662,253.64505211512247,378.9979082743327,93.67733701070149,18.50799979403382,24
Cozy Lake,2016-07-11,20.03124643961591,0.011082012671977282,98201.82161458333,2.9042608864632036,317.0587251186371,351.3679135640462,9.498667120933533,0.0,24
Cozy Lake,2016-07-12,21.497913614908878,0.010510246075379351,98349.47428385417,3.1308395157177347,327.70892937978107,335.1687418619792,0.7226667056481043,0.0,24
Cozy Lake,2016-07-13,22.60916926066083,0.013614987644056479,98216.98079427083,4.126819411451235,233.0949249267578,393.4666557312012,215.73601067066193,0.0015999999595806003,24
Cozy Lake,2016-09-21,22.14291407267255,0.010588608488130072,98543.3017578125,3.0171102664610583,217.019344886144,336.89666112263996,61.237334966659546,0.0,24
Cozy Lake,2016-09-22,21.220836893717472,0.0076565333680870635,98520.28352864583,1.748886787623906,221.57055234909058,320.648743947347,0.0,0.0,24
Cozy Lake,2016-09-23,20.636251068115257,0.009257437544874847,98176.33138020833,2.517496706853261,171.59851082166037,338.1645736694336,25.32533452908198,0.0,24
Cozy Lake,2016-09-24,17.8483342488607,0.009765729308128357,98248.74088541667,3.083448794655491,131.18096262216568,367.33832295735675,11.704000492890676,10.698799505829811,24
Cozy Lake,2016-09-25,12.24999898274742,0.0050822417057740195,98552.93391927083,3.4157277939263078,221.15088486671448,279.5299943288167,0.0,0.0,24
Cozy Lake,2016-09-26,13.794168090820335,0.005312620933788518,98460.14029947917,3.4629723468679354,199.1133402188619,293.5066598256429,0.0,0.0,24
Cozy Lake,2016-09-27,18.11666895548505,0.009476195982036492,97810.7548828125,4.125419794663756,201.38771812121072,351.20332590738934,0.0,6.355199903249741,24
Cozy Lake,2017-04-20,11.167081451416038,0.007598533450315396,98359.67708333333,2.852213405132094,173.60217380523682,352.3895746866862,0.4360000292460124,0.9639999670907855,24
Cozy Lake,2017-04-21,12.707916514078798,0.00861997091366599,97790.66536458333,4.567452124536674,210.14779869715372,349.6137415568034,0.4960000216960907,13.89939983934164,24
Cozy Lake,2017-04-22,10.89916890462242,0.007465370911328743,97756.90625,3.2909892415306863,89.30392074584961,338.3616574605306,4.248000184694926,1.262599965557456,24
Cozy Lake,2017-04-23,8.837927754720075,0.005250841747814168,98125.37044270833,3.192467432021098,300.1812219619751,267.5204079945882,1.9560000896453857,0.0,24
Cozy Lake,2017-04-24,11.009998575846376,0.006080804198669891,98330.31184895833,3.6022406631783688,233.894305229187,284.51207542419434,0.0,0.08480000030249357,24
Cozy Lake,2017-04-25,10.287497456868513,0.007065408378063391,98137.49544270833,7.034080380010334,87.59521079063416,352.0329081217448,0.6640000392993292,5.822399903088808,24
Cozy Lake,2017-04-26,14.452076212565126,0.009850412684803208,97298.17740885417,4.878620391902865,120.40375661849976,377.3633270263672,8.682667076587677,7.641399785876274,24
Cozy Lake,2017-05-24,14.21499913533531,0.00870911260911574,97227.53190104167,3.7384301367192365,199.8371765613556,336.03457768758136,1.2533333773414295,0.0,24
Cozy Lake,2017-05-25,12.461259460449241,0.008590941821845869,96976.04752604167,6.002716085020627,157.05938124656677,354.84249750773114,10.277333736419678,13.854799547232687,24
Cozy Lake,2017-05-26,15.592493947347029,0.00971578760072589,96641.49153645833,4.6758345137541735,241.92638909816742,353.8591588338216,25.352001157899696,13.088799619523343,24
Cozy Lake,2017-05-27,16.035412089029972,0.009606158554864427,97509.47298177083,2.523514168240681,189.1182621717453,361.6337407430013,14.389334067702293,0.0,24
Cozy Lake,2017-05-28,16.713745371500675,0.010894141742028296,97659.69108072917,3.629115921213819,184.64396707216898,373.3958257039388,13.578667302926382,0.0,24
Cozy Lake,2017-05-29,13.287082926432314,0.009278391837142408,97745.7783203125,4.028597474265495,110.87350515524547,364.0620752970378,0.5733333627382914,6.268999885767698,24
Cozy Lake,2017-05-30,13.148334757487001,0.00907385842098544,98352.3818359375,4.125188511422927,156.97621432940164,338.8754119873047,0.9360000540812811,0.287199990299996,24
Cozy Lake,2017-05-31,16.49708455403648,0.010490796024290224,98043.48014322917,3.297870091949619,271.2269726594289,349.2249921162923,529.9253567457199,1.8877999250544235,24
Cozy Lake,2017-06-01,17.56374893188479,0.009240287588909268,97833.3154296875,4.185717269607931,309.78747566541034,318.4895731608073,200.97067379951477,1.007599974051118,24
Cozy Lake,2017-06-02,16.300422922770206,0.007933916756883264,97852.0146484375,4.568258933826039,271.68255194028217,324.7737414042155,154.7200091679891,0.0,24
Cozy Lake,2017-06-03,13.501252746582054,0.006515600097676118,97949.53255208333,4.53526288651095,306.5852681795756,291.95874404907227,52.200001974900566,0.13839999958872795,24
Cozy Lake,2017-06-04,13.50541712443036,0.007420279279661675,97971.19466145833,2.3503107792953424,156.8828819592794,316.7074902852376,0.48000001907348633,3.760399919003248,24
Cozy Lake,2017-06-05,18.305841064453148,0.011765162693336606,97253.658203125,2.229313520345216,241.94342903296152,369.501656850179,476.04002475738525,1.1299999672919512,24
Cozy Lake,2017-06-06,14.624167378743513,0.009979195970421037,97228.548828125,2.9895039492785993,157.3402168750763,357.8362401326497,40.605335834125675,11.094799645245075,24
Cozy Lake,2017-06-07,11.911250050862654,0.007478866823172818,97801.24348958333,2.979605146637402,264.45072388648987,331.3745752970378,13.818667334814867,0.0015999999595806003,24
Cozy Lake,2017-06-08,15.767086283365908,0.008129800068369756,97930.90364583333,2.852057377439266,322.8891845544179,309.6229070027669,2.048000102241834,0.0,24
Cozy Lake,2017-06-09,16.079583740234398,0.008529816754162312,97366.27408854167,3.328888824183272,292.8866430918376,316.4420738220215,221.86667728424072,0.0,24
Cozy Lake,2017-06-10,19.27958196004234,0.009904904291033745,97847.01399739583,4.880100239913176,282.51538761456806,337.4658203125,189.43200961748758,0.0,24
Cozy Lake,2017-06-11,23.038748677571636,0.01317861683977147,98214.794921875,5.110206857759906,326.32476075490314,353.9354070027669,298.9280122915904,0.0,24
Cozy Lake,2017-06-12,24.191665903727237,0.015070512735595306,98086.48860677083,3.64473477642624,326.23230504989624,358.79582087198895,991.2107090254625,0.0,24
Cozy Lake,2017-07-05,22.25916442871096,0.01247630431316793,98525.11263020833,3.288885922640618,329.44514266649884,356.6037406921387,109.64533817768097,0.0,24
Cozy Lake,2017-07-06,20.690415954589866,0.01208826678339392,98455.18196614583,3.5248053642925736,230.36463451385498,367.7991587320964,6.242666989564896,0.0,24
Cozy Lake,2017-07-07,20.177082316080753,0.013644958497025073,97580.68294270833,2.405666215053502,192.63267532984415,394.45873896280926,126.66667373478413,57.550798814278096,24
Cozy Lake,2017-07-08,22.616250610351585,0.013796270863773922,97286.74641927083,3.731446533049054,277.6863862673442,374.17332458496094,408.0933485031128,12.632399819267448,24
Cozy Lake,2017-07-09,19.054171498616558,0.009946695955780646,97876.30143229167,3.815322221081983,334.7260975042979,322.12915802001953,12.261334101359049,0.0,24
Cozy Lake,2017-07-10,20.676245625813824,0.010967683512717485,98152.91796875,4.179773746395618,325.2151387532552,339.9095751444499,123.23200285434723,0.40159999020397663,24
Cozy Lake,2017-07-11,23.8795842488607,0.015021071070805192,97870.10123697917,4.225756871243761,293.1795946756999,390.82498931884766,791.7013715108236,2.7979999272793066,24
Cozy Lake,2017-07-12,24.55750172932945,0.014670121017843485,97995.47428385417,3.7029736334274594,255.91051212946573,387.77957407633465,609.7173659006754,1.0863999653956853,24
Cozy Lake,2017-07-13,25.13791681925458,0.015548083426741263,98088.29524739583,2.860593594459464,235.3625109990438,395.44790903727215,878.893367767334,2.1815999057143927,24
Cozy Lake,2017-07-14,22.207495625813824,0.015312754471475879,98220.64192708333,2.798055793648441,170.01563429832458,406.18790435791016,171.10133759180704,29.835199526511133,24
Cozy Lake,2017-07-15,21.85624465942385,0.013693766862464448,97938.20475260417,3.0446865070488585,289.1957639058431,379.06124114990234,119.36000494162242,2.1627999941119924,24
Cozy Lake,2017-07-16,21.43833185831708,0.012241279240697622,97936.4775390625,2.5151355411191885,324.0020554860433,346.56665929158527,313.2400123924017,0.0,24
Cozy Lake,2017-07-17,23.675836181640648,0.014480596097807089,98118.04850260417,3.0630126369531876,295.9748061498006,372.23874282836914,1290.3760503133137,7.269599720835686,24
Cozy Lake,2017-08-04,22.880835469563824,0.01488957938272506,98158.83268229167,3.943764315121983,214.60030168294907,396.7966588338216,1037.8987121582031,4.543199910782278,24
Cozy Lake,2017-08-05,21.640423075358097,0.013504487656367322,97747.5830078125,4.2171463501987665,251.00268132487932,376.27874120076496,496.94935671488446,10.409999877214432,24
Cozy Lake,2017-08-06,17.821663157145206,0.009335779293905944,98157.4755859375,4.247316552605652,255.84926303227743,320.2920773824056,5.56800031165282,0.0,24
Cozy Lake,2017-08-07,16.63124745686851,0.010327504326899847,98231.48209635417,2.9994947942066954,102.53283781806628,358.89874267578125,7.400000388423602,13.271199565380812,24
Cozy Lake,2017-08-08,18.479578908284527,0.011187383555807173,97908.67610677083,2.55038611850906,272.2066781545679,362.9074935913086,83.4773379166921,0.1664000004529953,24
Cozy Lake,2017-08-09,20.02124176025393,0.0100578210161378,98533.88313802083,1.9499316673100011,304.7695147196452,327.26207605997723,22.434667577346165,0.0,24
Cozy Lake,2017-08-10,20.9458315531413,0.010791275223406652,98745.97298177083,2.100627095516241,299.7031415303548,336.87082799275714,45.99200205008189,0.0,24
Cozy Lake,2017-09-21,21.32666931152346,0.012440308424023291,98122.2958984375,4.0788008836964345,207.71642899513245,355.92457326253253,23.261334260304768,0.0,24
Cozy Lake,2017-09-22,19.09000167846682,0.009938450142120322,98246.73893229167,4.229258120583122,202.56167920430502,335.29582595825195,0.0,0.0,24
Cozy Lake,2017-09-23,21.052920277913433,0.010977454289483527,98187.63802083333,3.717190221026978,217.9030954837799,364.7674967447917,0.0,0.0,24
Cozy Lake,2017-09-24,22.446665700276714,0.011538625151539842,98277.490234375,2.0042850314747076,212.32967829704285,353.44332758585614,101.2213363647461,0.0,24
Cozy Lake,2017-09-25,23.918752288818382,0.013763754434573153,98246.708984375,1.8939029728477965,209.30676194032034,371.44582748413086,430.5653559366862,0.0,24
Cozy Lake,2017-09-26,22.283746337890648,0.013600079342722893,98193.19563802083,2.323878215527802,204.13405120372772,366.30082448323566,177.7306749622027,0.0,24
Cozy Lake,2017-09-27,22.676253255208355,0.013795512728393078,97800.55826822917,2.213830120140129,185.75209184487662,371.2254066467285,252.3226770659288,0.0,24
Cozy Lake,2017-09-28,19.959579722086612,0.011239145940635353,97423.3134765625,5.435799049832151,211.89896750450134,334.77999114990234,96.0506738225619,0.0,24
Cozy Lake,2017-09-29,11.767915344238304,0.006027900109378,98048.84407552083,3.660467972041321,176.57876062393188,295.66874440511066,0.9040000438690186,0.0,24
Cozy Lake,2017-09-30,12.610829925537132,0.006676275089072685,98324.05143229167,4.674844816985396,142.80588306983313,317.1037419637044,9.78133375942707,0.7691999617964029,24
Cozy Lake,2017-10-01,11.662497456868513,0.006193029248000433,99100.2646484375,2.616358259919956,211.074094692866,300.14499282836914,0.0,0.0,24
Cozy Lake,2017-10-02,12.546670532226585,0.005464683403261006,99182.71223958333,2.264331685004515,211.84967480103174,269.53082847595215,0.0,0.0,24
Cozy Lake,2017-10-03,13.723335520426454,0.006728895901081462,99753.607421875,2.787710640326996,196.036427055796,293.16499455769855,0.784000039100647,0.0,24
Cozy Lake,2017-10-04,14.536256408691429,0.008061641788420578,99316.6923828125,4.429362941573914,202.82355244954428,295.74582544962567,0.0,0.0,24
Cozy Lake,2018-06-26,16.37499516805015,0.008353679305097709,98655.14713541667,3.0188964448773525,311.01672236124676,311.8412450154622,0.0,0.0,24
Cozy Lake,2018-06-27,18.511248524983746,0.011947958419720331,98229.24348958333,4.826196486102312,157.59259033203125,360.0729064941406,35.757335344950356,2.895599864423275,24
Cozy Lake,2018-06-28,21.173332468668644,0.014063029278380176,97468.60970052083,4.265285712417234,223.40446782112122,395.3137372334798,387.9306860367457,19.324399426579475,24
Cozy Lake,2018-06-29,23.28916447957359,0.01414147939067334,97816.27864583333,3.539589000091311,325.9825590451558,362.40915934244794,488.85869057973224,0.0,24
Cozy Lake,2018-06-30,24.177911376953148,0.01409517515761157,98179.55501302083,3.1822633764947423,324.27351490656537,359.12541071573895,461.3760200540225,0.0,24
Cozy Lake,2018-07-01,26.0358342488607,0.01641539193224162,98128.2314453125,3.0321526228864246,313.39651346206665,377.47082392374676,1661.3840662638347,0.0,24
Cozy Lake,2018-07-02,26.857920583089214,0.017138687738527853,98260.67708333333,2.697722667463275,328.8360989888509,381.75207265218097,1919.274772644043,0.0,24
Cozy Lake,2018-07-05,26.00333175659182,0.01769487497707208,98911.30794270833,3.21771150323969,292.76484600702923,409.0924898783366,1764.442756652832,0.0559999980032444,24
Cozy Lake,2018-07-06,24.8137514750163,0.016271558357402682,98251.85188802083,4.999866824170807,235.1384695370992,406.0358250935872,958.3867126305898,2.3239999178331345,24
Cozy Lake,2018-07-07,16.922915395100933,0.008586375198016563,98867.02604166667,3.6672996989385176,341.2788480122884,297.9412434895833,0.0,0.0,24
Cozy Lake,2018-07-08,18.406247711181663,0.008624858319914589,99121.37727864583,0.9076385405804815,337.05310042699176,311.7670758565267,0.0,0.0,24
Cozy Lake,2018-07-09,19.951660410563175,0.01028386689722538,98674.07063802083,3.3091828542951496,334.2887252966563,323.92749277750653,0.0,0.0,24
Cozy Lake,2018-07-10,22.306250508626324,0.0125665293696026,97933.1689453125,3.5414800727540054,329.26780859629315,345.2629102071126,281.4053512414296,0.0,24
Cozy Lake,2018-07-11,23.364169057210308,0.013071550133948525,97872.63118489583,3.6680150112675656,278.01305445035297,370.1433283487956,528.8693618774414,0.2971999775618315,24
Cozy Lake,2018-09-12,21.055412546793644,0.01399560431794574,98720.11197916667,2.199381204926731,155.93504937489828,398.6941604614258,224.70667854944864,11.805599633604288,24
Cozy Lake,2018-09-13,19.73583501180015,0.01332535435600827,98908.20735677083,3.054249249399818,153.89796821276346,389.14082463582355,125.79467249910037,1.5743999662226997,24
Cozy Lake,2018-09-14,20.560425059000675,0.013759058512126407,98787.7080078125,3.3528740150866203,195.849507967631,376.08832295735675,85.66400429606438,1.2059999662451446,24
Cozy Lake,2018-09-15,20.654587046305362,0.013505291736995181,98701.03450520833,1.793243844023862,219.79684591293335,366.57374064127606,117.08533946673076,0.0,24
Cozy Lake,2018-09-16,22.017083740234398,0.013745250141558548,98673.7373046875,2.0547904538050394,230.18225967884064,355.9666570027669,156.69867410262427,0.0,24
Cozy Lake,2018-09-17,21.672917938232445,0.01377612934447825,98464.27799479167,3.2260978163290726,187.445301314195,365.7754084269206,98.34400522708893,8.76439979672432,24
Cozy Lake,2018-09-18,20.773336029052757,0.014434700172084073,97526.13411458333,3.3382496321485924,114.61813068017364,401.6766586303711,63.26400270561377,16.3035995811224,24
Cozy Lake,2018-10-12,15.09916712443036,0.009535220936716845,96834.83658854167,6.112561058164929,187.69513448079428,323.1254132588704,6.650666778286298,0.7587999966926873,24
Cozy Lake,2018-10-13,6.872500356038434,0.005348562534588079,97403.36197916667,3.7046547025135297,89.51867095629375,291.611660639445,9.66666708389918,4.867199905216694,24
Cozy Lake,2018-10-14,7.055411275227887,0.005077945883385837,98433.58365885417,3.0783516639282342,116.09888021151225,278.3120746612549,0.0,0.0,24
Cozy Lake,2018-10-15,10.637080128987654,0.0076613667188212276,98190.45572916667,4.96823697591679,66.02912747859955,334.40790939331055,3.061333497365316,0.8367999754846096,24
Cozy Lake,2018-10-16,10.196253712972029,0.006096012560495486,98054.01106770833,6.095587192517937,181.29913425445557,284.94124666849774,10.498667001724243,2.1855999529361725,24
Cozy Lake,2018-10-17,7.014165496826195,0.0047443250271802144,97822.23470052083,5.900077071755696,150.83617476622263,265.13708051045734,16.96533425649007,0.0,24
Cozy Lake,2018-10-18,4.181675211588565,0.003447262589664509,98622.5732421875,7.324713304331212,140.06029884020487,287.19999567667645,16.1760007639726,0.0,24
Cozy Lake,2019-09-11,22.08417663574221,0.014362120884470642,98637.85384114583,4.601646183895051,234.56388775507608,374.211243947347,816.0773666327199,0.0,24
Cozy Lake,2019-09-12,23.277084604899112,0.014849091957633695,98292.68391927083,2.9500782613995398,138.8287561337153,391.91707611083984,757.2347048123678,0.0,24
Cozy Lake,2019-09-13,15.835413869222029,0.009432383386107782,99249.86458333333,5.122324835959799,219.83088342348734,343.2387440999349,0.8320000469684601,0.0,24
Cozy Lake,2019-09-14,15.610415395100935,0.010159008398962518,99016.138671875,4.305028753104004,93.4596700668335,363.40541076660156,0.0,0.0,24
Cozy Lake,2019-09-15,20.151247914632183,0.011776887501279512,98541.92545572917,3.5231448332963233,234.96180311838785,350.7087465922038,46.38933471838633,0.0,24
Cozy Lake,2019-09-16,18.431667582194034,0.010433883483832082,98205.96712239583,2.161705014999216,122.42142126957576,362.43082427978516,29.304001013437908,0.0,24
Cozy Lake,2019-09-17,16.637913004557316,0.008383220973579833,98364.85709635417,3.2149002018364397,235.78075846036276,309.56832631429035,0.8320000171661377,0.0,24
Cozy Lake,2019-09-20,14.361250813802107,0.00685552090484028,98836.06217447917,3.631912269866227,228.59017968177795,283.48707580566406,0.0,0.0,24
Cozy Lake,2019-09-21,17.617084757487003,0.008737979243354252,98718.376953125,3.1636337508340824,226.81284499168396,307.9762446085612,0.0,0.0,24
Cozy Lake,2019-09-22,20.060007985432964,0.011034216770591835,98506.06184895833,3.1415396336567443,217.53676001230875,338.10999425252277,65.17066957553227,0.0,24
Cozy Lake,2019-09-23,22.761245981852237,0.012975270898702243,97744.81575520833,5.160607105342666,211.27559328079224,365.0420735677083,36.08533510565758,0.0,24
Cozy Lake,2019-09-24,19.3083320617676,0.010168008506298065,97338.81022135417,4.946156274845419,213.25667389233908,339.93957646687824,81.26133771737416,0.0,24
Cozy Lake,2019-09-25,16.686669921875023,0.008621600087887296,97631.96158854167,3.3859200947000203,217.3043838342031,321.08290990193683,2.309333458542824,0.0,24
Cozy Lake,2019-09-26,18.54166946411135,0.009522529280123612,97426.70768229167,4.296161265003758,165.7834677696228,333.92373911539715,18.666668097178142,0.0,24
Cozy Lake,2019-09-27,15.354997253417991,0.007312054202581446,98195.45442708333,3.2834957241521465,214.37396975358328,291.4608268737793,0.0,0.0,24
Cozy Lake,2019-09-28,18.00624745686851,0.010490196000318974,98336.7197265625,4.297757864712047,202.62471723556519,337.73915608723956,387.1760149002075,0.0,24
Cozy Lake,2019-09-29,20.358330027262394,0.011311129317618906,98663.59895833333,3.687864920535453,206.24613400300345,346.27124150594074,300.4773489733537,0.0,24
Cozy Lake,2019-09-30,14.306670125325544,0.007875683426391333,98954.658203125,3.414878245692508,91.12121452887853,345.6854082743327,0.0,0.0,24
Cozy Lake,2019-10-01,18.211254374186222,0.011235266807489097,98338.4716796875,4.710979872316114,195.10755010445914,374.96290588378906,103.76533802350362,0.0,24
Cozy Lake,2019-10-04,13.784163411458357,0.0081419584263737,98152.50813802083,5.057606497560112,190.10667514801025,324.10166295369464,3.664000153541565,0.0,24
Cozy Lake,2019-10-05,7.119166310628278,0.004345587542047724,99202.23958333333,3.2338380172543206,208.37913703918457,244.41582870483398,0.0,0.0,24
Cozy Lake,2019-10-06,10.886248524983747,0.007529508341879894,98971.84407552083,4.850096638217569,66.3192122777303,327.3199920654297,0.4320000211397807,0.0,24
Cozy Lake,2019-10-07,18.198748524983746,0.01169963355641812,98467.66927083333,6.551360382660721,73.03158688545227,389.82290776570636,32.73600149154663,0.0,24
Cozy Lake,2019-10-08,14.184999084472679,0.007836595934350044,98739.83626302083,4.659355688891892,155.91509087880453,346.1145782470703,1.6213334202766418,0.0,24
Cozy Lake,2019-10-09,10.62458445231122,0.006433370891803254,98840.4755859375,5.5183997780453105,73.69354550043742,327.02332814534503,0.0,0.0,24
Cozy Lake,2019-10-10,12.025417582194033,0.006339295922468106,98874.00032552083,5.938647092575679,137.77529652913412,335.5966606140137,0.0,0.0,24
Cozy Lake,2019-10-11,12.118744150797548,0.005783841751205425,98500.89095052083,5.902837711938822,137.1962571144104,329.4316596984863,0.0,0.0,24
Cozy Lake,2019-10-12,12.993338521321638,0.007521808419066171,98000.11946614583,2.99681881272395,159.62100481987,341.1837412516276,0.0,0.0,24
Cozy Lake,2019-10-13,12.87833175659182,0.006763000099454075,98101.24283854167,2.8077489393623445,185.20680061976114,294.72999064127606,0.0,0.0,24
Cozy Lake,2019-10-14,12.396250661214216,0.006339683410866807,97887.44368489583,3.8926321784163904,183.85596911112467,289.9795773824056,0.0,0.0,24
Cozy Lake,2019-10-15,9.777508036295595,0.004790137541325142,98312.46354166667,3.091745354426017,181.68000888824463,263.6724936167399,0.0,0.0,24
Cozy Lake,2019-10-16,10.675838724772158,0.006811245907253276,97554.15104166667,5.887950875603226,121.07275545597076,301.8362414042155,35.573335694770016,0.0,24
Cozy Lake,2019-10-17,10.09458948771161,0.006636416772380471,95756.61002604167,9.986633267169486,80.58708838621776,322.4412434895833,1.661333406964938,0.0,24
Cozy Lake,2019-10-18,8.76917165120445,0.00530842924490571,97168.75944010417,7.8159527650166964,171.1274234453837,285.54166412353516,0.0,0.0,24
Cozy Lake,2019-10-19,6.4533350626627835,0.0046570625466605025,98041.58528645833,3.163942673408951,175.8901755809784,250.1804110209147,0.0,0.0,24
Cozy Lake,2019-10-20,8.851255035400413,0.005729387533695747,98012.39713541667,2.4320946512443538,60.77041908105215,304.97249666849774,0.0,0.0,24
Cozy Lake,2019-10-21,11.751251475016298,0.007432608457747847,98090.54557291667,3.3872252110763736,168.17446502049765,309.6254069010417,0.0,0.0,24
Cozy Lake,2019-10-22,11.967499033610048,0.0080260334458823,98053.37337239583,4.6780076190711375,72.59471154212952,329.9824930826823,0.0,3.338399982545525,24
Cozy Lake,2020-07-07,22.774995422363304,0.015309650101698935,98333.5693359375,3.8423788482363306,310.8747251033783,379.9687436421712,1030.7680565516155,0.00559999980032444,24
Cozy Lake,2020-07-08,23.894164021809917,0.016179604417023558,98113.26171875,3.346455408374474,238.91417892773947,399.2929102579753,962.4693768819174,2.3087999001145363,24
Cozy Lake,2020-07-09,24.814580535888695,0.01595672934005658,97991.73209635417,2.8602514350988173,320.9341793855031,386.00082270304364,810.0853768984476,0.0,24
Cozy Lake,2020-07-10,22.756665802001976,0.01586212927941233,97820.87044270833,4.459620798786523,177.49238308270773,388.0133221944173,321.5840133031209,58.83079797029495,24
Cozy Lake,2020-07-11,21.65791219075523,0.014550245949067175,97093.14290364583,3.9119454786745345,249.38859343528748,400.78415934244794,549.6640247106552,11.640399736352265,24
Cozy Lake,2020-07-12,22.988748168945335,0.013817237651286026,97120.15787760417,4.858007299070125,320.6376400788625,369.3320732116699,312.1066839694977,0.09239999949932098,24
Cozy Lake,2020-07-13,23.483753458658878,0.013438562668549517,97361.63606770833,3.5396949898520127,316.0081419944763,377.1329065958659,500.32536029815674,3.036399917677045,24
Cozy Lake,2020-07-14,22.068331654866558,0.012187587718168894,97804.37760416667,3.5837816747300004,323.85601870218915,360.9974950154622,388.99735498428345,0.0,24
Cozy Lake,2020-07-15,21.67875442504885,0.012462283562247952,98495.20963541667,2.8753586072860053,303.8761827150981,360.8758265177409,102.50400439898173,0.0,24
Cozy Lake,2020-07-16,21.083750661214214,0.013191779415744046,98853.74934895833,4.406866923855192,253.68188373247781,374.28832117716473,13.893333772818247,0.0,24
Cozy Lake,2020-07-17,20.894995625813824,0.014036920969374478,98480.01985677083,3.8076458935452346,223.30509161949158,395.85040791829425,530.7893451054891,0.4171999841928482,24
Cozy Lake,2020-07-18,25.51083145141604,0.015825316892005503,98262.54134114583,2.0640302032784197,321.9021017551422,379.7512397766113,1089.0613873799641,0.0,24
Cozy Lake,2020-07-19,25.508334096272808,0.014922166941687465,97945.48046875,4.450440228338784,316.3968874613444,372.0320739746094,754.9040401776632,0.0,24
Cozy Lake,2020-07-20,27.25457916259768,0.017715525114908814,97616.79622395833,4.560108782410816,311.02801450093585,407.2137387593587,1570.6053949991863,0.023199999472126365,24
Cozy Lake,2020-07-21,25.016662851969425,0.014241241888764003,98022.82552083333,2.834531154926483,315.6986011664073,372.0699933369954,305.0400146891673,0.0,24
Cozy Lake,2020-07-22,26.675417836507183,0.015745412635927398,98104.56868489583,2.0102054496701123,272.6889293193817,407.48790740966797,805.7600361506144,10.96319944318384,24
Cozy Lake,2020-07-23,25.582086181640648,0.01645346253644675,98119.62727864583,3.749672454427678,244.0163414478302,410.1754099527995,1083.9867254892986,3.7099998500198126,24
Cozy Lake,2020-07-24,24.742912546793644,0.01513299613725394,98287.701171875,2.3210491864410723,270.6108060677846,393.0466601053874,654.7840309143066,0.5713999941945076,24
Cozy Lake,2020-07-25,24.277913665771507,0.01458310013792167,98336.27864583333,2.692675214231223,311.9528491894404,373.12665939331055,530.9466956456503,0.0,24
Cozy Lake,2020-07-26,25.680418904622417,0.015630708425305784,98098.77180989583,4.406514782119979,313.75372338294983,381.72207768758136,241.42934370040894,0.0,24
Cozy Lake,2020-07-27,25.517498270670597,0.01528677922518303,97593.3505859375,4.54138355581732,314.3745982646942,371.9454053243001,427.8640277981758,0.0,24
Cozy Lake,2020-07-31,23.31666717529299,0.013574900144400695,97526.7841796875,2.597633862734009,198.08167550961176,392.0395762125651,188.2746749172608,16.34479978494346,24
Cozy Lake,2020-08-01,23.893755849202496,0.013140445963169137,97749.064453125,1.7450054725478257,304.33059462408227,373.49499130249023,67.44000260035197,0.0,24
Cozy Lake,2020-08-02,23.932916259765648,0.015961579357584316,97799.35123697917,4.14123733898862,175.5298409064611,412.0970751444499,772.5253783464432,5.377199885173468,24
Cozy Lake,2020-08-03,24.473747507731144,0.014169625123031437,97928.74544270833,4.4972720024460395,303.22068472703296,376.05749638875324,458.78401885926723,0.07039999589323997,24
Cozy Lake,2020-08-04,22.302500661214214,0.01494413362039874,97704.4208984375,4.9619107513500005,129.9172970453898,404.8079032897949,356.49068643152714,82.82199694612063,24
Cozy Lake,2020-08-05,21.62249399820966,0.012663483425664404,97972.95279947917,3.515947725040522,305.82805970311165,362.7991600036621,67.1013365983963,14.640799522399902,24
Cozy Lake,2020-08-06,20.925012207031273,0.01097217935603112,98326.93684895833,2.9426314123398387,267.7746828198433,357.3774922688802,7.240000416835149,0.006799999624490738,24
Cozy Lake,2020-08-07,19.72791951497398,0.011572354279148081,98469.51725260417,3.3171551992120896,174.06763245662054,374.8895734151204,53.352002347509064,3.521599992061965,24
Cozy Lake,2020-08-08,20.957917785644554,0.013448916841298342,98542.67122395833,2.533167591531912,223.65155244121948,382.612496693929,633.1573601961136,1.0544000007212162,24
Cozy Lake,2020-08-09,23.05875422159833,0.014542850161281725,98401.81575520833,3.14588600898645,276.2126417160034,372.77915954589844,769.400039990743,0.0,24
Cozy Lake,2020-08-10,24.98499959309898,0.015467462789577743,98165.56412760417,3.3665311095922834,290.69751167297363,387.5329081217448,1089.8560460408528,0.0,24
Cozy Lake,2020-08-11,25.787090555826847,0.0169558209211876,97930.97233072917,4.0893351075592355,268.2085943222046,396.8033256530762,1564.1574045817058,0.0,24
Cozy Lake,2020-08-12,26.21000188191734,0.01691639997685949,98060.03580729167,2.6584527354066507,265.7081371943156,415.08916091918945,1310.072057088216,0.02719999849796295,24
Cozy Lake,2020-08-13,24.79416427612307,0.015535904366212586,98317.09309895833,2.0531368718488348,225.36101055145264,389.643741607666,1089.8507067362468,0.4927999973297119,24
Cozy Lake,2020-09-05,17.95875447591148,0.008140037534758449,98418.6728515625,3.556056546061347,258.7162199020386,309.08832295735675,0.06933333724737167,0.0,24
Cozy Lake,2020-09-06,18.34916966756187,0.008650420873891562,98588.5302734375,3.2286142339410997,234.78088728586832,332.57749303181964,26.86400133619706,0.0,24
Cozy Lake,2020-09-07,19.32291692097984,0.01097895014875879,98301.2998046875,4.356014452925818,246.50413735707602,334.8929087320964,9.482666984200478,0.0007999999797903001,24
Cozy Lake,2020-09-08,21.012501017252628,0.01186408354745557,98468.25455729167,2.712028636565353,245.8213063875834,347.90041097005206,20.072000632683437,0.0,24
Cozy Lake,2020-09-09,21.503755187988304,0.012082579196430743,98899.3369140625,2.7665538007829524,225.22526137034097,352.41249593098956,35.122668313483395,0.0,24
Cozy Lake,2020-09-10,20.395828501383487,0.013966854312457144,98899.59537760417,1.7502812171365871,81.19267117977142,396.88415908813477,39.1120016425848,13.969199580606073,24
Cozy Lake,2020-09-11,20.724160766601585,0.01290550036355853,98567.2353515625,2.9203833468123706,212.0572188695272,376.80749130249023,9.549333845575651,0.019999999552965164,24
Cozy Lake,2020-10-16,13.358748372395857,0.009176116805368414,98037.8671875,4.254650893541651,48.00329331556956,350.2962392171224,3.285333529114723,10.223399817943573,24
Cozy Lake,2020-10-17,8.613745625813825,0.004955129193452497,98683.388671875,3.954974854682362,179.84792455037436,282.3441581726074,0.0,0.5448999838263262,24
Cozy Lake,2020-10-18,9.212497965494814,0.004295745854809259,99286.22688802083,3.445704814897212,167.02467449506125,263.8666623433431,0.0,0.0,24
Cozy Lake,2020-10-19,12.13000386555992,0.008170425076968968,98996.91731770833,3.583612120899993,92.2554219563802,323.1883316040039,11.685333659251532,0.3301999941468239,24
Cozy Lake,2020-10-20,16.262495930989605,0.010356729306901494,98718.96712239583,3.3863597629493576,113.0547137260437,366.4262440999349,15.842667405803999,0.0,24
Cozy Lake,2020-10-21,17.19083175659182,0.010914766772960624,98798.02669270833,3.855620117414658,144.89204982916513,340.54749425252277,183.79467582702637,0.0,24
Cozy Lake,2020-10-22,18.39624430338544,0.011509921091298262,98740.98209635417,2.855891293687242,145.65879933039346,343.1408233642578,167.08267299334207,0.0,24
Cozy Lake,2024-10-15,5.496667480468773,0.004114354194219534,97469.79134114583,4.85244030692155,115.90220840771993,275.5487511952718,15.96749983727932,0.0,24
Cozy Lake,2024-10-16,6.93958435058596,0.004319749966574212,97868.3759765625,5.110750210341836,142.83633255958557,290.6450017293294,3.8883332709471383,0.04979999898932874,24
Cozy Lake,2024-10-17,6.731249745686871,0.004112591685649629,98612.03743489583,3.1302382784907405,179.2097508907318,253.20500310262045,0.0,0.0,24
Cozy Lake,2024-10-18,8.985416666666689,0.004199612546168889,99125.82975260417,3.367029431665463,175.0026662349701,257.4262504577637,0.0,0.0,24
Cozy Lake,2024-10-19,11.625417327880882,0.004614149986688669,99545.64973958333,1.5107869340660274,173.11170748869577,266.11583455403644,0.0,0.0,24
Cozy Lake,2024-10-20,12.44999720255536,0.005102024976319323,99038.296875,3.1409792526597093,172.28824989000955,266.48999913533527,0.0,0.0,24
Cozy Lake,2024-10-21,14.88291193644208,0.0056893374809684856,98606.01236979167,3.579679648431807,157.78091563781103,299.2191670735677,0.0,0.0,24
Cozy Lake,2024-10-24,15.098335520426454,0.007111295863675575,97742.69596354167,4.897022524213075,160.0047896852096,306.5399983723958,6.110416690508525,0.05320000136271119,24
Cozy Lake,2024-10-25,8.154580688476585,0.004503662503945331,98237.6376953125,3.5338077306916866,162.31633536020914,252.58000246683756,0.0,0.0,24
Cozy Lake,2024-10-26,11.142498270670595,0.004725449990170698,98199.28776041667,5.624641481434986,141.24091593424478,308.4154192606608,3.2629166568319,0.0,24
Cozy Lake,2024-10-27,6.847502644856793,0.0030515124672092497,99024.7373046875,3.611190285462838,160.96429284413657,238.45458475748697,0.0,0.0,24
Cozy Lake,2024-10-28,7.7758346557617415,0.003272791664736966,99197.40852864583,2.4570396736093905,144.04541714986166,277.3445854187012,0.0,0.0,24
Cozy Lake,2024-10-29,9.771248118082704,0.006087883356182526,99367.47102864583,4.246745479666814,126.33049996693929,300.07083320617676,9.740416859587034,0.0,24
Cozy Lake,2024-10-30,15.110832468668642,0.008444804232567549,99003.15852864583,3.6399529175760748,145.49424997965494,333.25916544596356,0.8920833170413971,0.0,24
Cranberry Lake,2015-06-03,13.592075602213564,0.00871558339955906,98886.33463541667,2.970729946868517,291.4793887535731,328.1295738220215,0.0,1.0672000050544739,24
Cranberry Lake,2015-06-04,12.864162699381533,0.008304237543294827,99019.15690104167,3.4201826595608598,159.8562591870626,326.75165939331055,0.0,0.0,24
Cranberry Lake,2015-06-05,14.127498881022158,0.009543641742008427,98646.04361979167,1.6914513548994812,123.19075612227122,373.9699846903483,0.056000002970298134,1.9377999641001225,24
Cranberry Lake,2015-06-06,18.51708501180015,0.01141295419074595,98073.05533854167,3.0241476004127623,256.0545113484065,370.9254086812337,347.69868008295697,3.425199947319925,24
Cranberry Lake,2015-06-07,16.049166615804058,0.008729821012821048,98722.353515625,3.528681376686119,270.86359548568726,316.2058270772298,4.784000237782796,0.0,24
Cranberry Lake,2015-06-08,18.386254882812523,0.011777200115223726,98223.78873697917,6.233866644391839,261.8473455111186,354.35291290283203,288.43734765052795,3.398799803107977,24
Cranberry Lake,2015-06-09,22.315841929117862,0.014203116724578043,97417.958984375,6.163849353235999,258.33096913496655,395.41249084472656,470.50402514139813,15.083999878552277,24
Cranberry Lake,2016-07-07,26.18250172932945,0.016969895960452657,97707.52604166667,2.7652335442321654,265.91176676750183,398.53332901000977,1232.7707188924153,0.6143999722553417,24
Cranberry Lake,2016-07-08,25.38332901000979,0.015772062703035772,97718.5439453125,2.3607753951275354,263.5717607339223,398.018741607666,561.2026904424032,15.266399562358856,24
Cranberry Lake,2016-07-09,22.2012395222982,0.01509098766837269,97806.87239583333,3.826531515871981,182.9680918852488,396.970401763916,362.3626888195674,0.48079998791217804,24
Cranberry Lake,2016-07-10,20.984165445963566,0.012503854387129346,97907.86165364583,3.3920791780325974,263.98988540967304,379.80415598551434,106.81333863735199,17.749599700269755,24
Cranberry Lake,2016-07-11,20.402911122639996,0.011214346042834222,98516.91438802083,2.8788455026660515,324.51605637868244,349.70165761311847,9.685333718856176,0.0,24
Cranberry Lake,2016-07-12,21.784168497721378,0.010661596044277152,98657.5009765625,3.2711518759958964,326.0372687975566,337.38332239786786,1.253333380445838,0.0,24
Cranberry Lake,2016-07-13,22.921253458658878,0.013874187638672689,98524.84765625,4.221414170285077,227.22225991884866,399.11665598551434,207.15734187761942,0.3391999825835228,24
Cranberry Lake,2016-09-21,22.540416971842472,0.01071380847133696,98850.36751302083,3.1310691174789143,214.83759562174478,339.9499918619792,64.72266960702837,0.0,24
Cranberry Lake,2016-09-22,21.519172922770206,0.007737950111428897,98823.08430989583,1.911004744559522,219.41621669133505,322.93416086832684,0.0,0.0,24
Cranberry Lake,2016-09-23,21.174170430501324,0.009272870840504766,98483.77213541667,2.530159266173288,179.00867263476053,337.6504096984863,24.533334771792095,0.0,24
Cranberry Lake,2016-09-24,18.35749969482424,0.00998931263651078,98546.580078125,3.18401181206041,128.4569648106893,369.5279083251953,10.962667087713877,5.8411998096853495,24
Cranberry Lake,2016-09-25,12.769166564941429,0.005122608369371544,98870.39973958333,3.3812156068806463,219.00963481267294,283.7024974822998,0.03733333510657152,0.0,24
Cranberry Lake,2016-09-26,14.407085673014345,0.005418120902807762,98765.12760416667,3.4204537842291214,190.7129281759262,298.5016632080078,0.0,0.0,24
Cranberry Lake,2016-09-27,18.420418039957706,0.009628946039204797,98131.50065104167,4.267313270004058,197.05763590335846,353.4824867248535,0.1640000082552433,6.94240001111757,24
Cranberry Lake,2017-04-20,11.689166005452497,0.00783636673198392,98664.79850260417,2.9113392120158506,182.54150899251303,350.699156443278,0.6373333732287089,0.14379999856464565,24
Cranberry Lake,2017-04-21,12.94583409627281,0.008729654267275086,98091.49251302083,4.197597334503873,218.89697170257568,346.08082580566406,0.9813333749771118,13.492799550294876,24
Cranberry Lake,2017-04-22,11.102501169840517,0.007631137579058607,98069.54622395833,3.175228244677211,81.02775414784749,340.6549898783366,3.634666825955113,1.3291999506764114,24
Cranberry Lake,2017-04-23,8.871675109863304,0.005351958408330877,98455.2900390625,3.227825209490977,292.8910557428996,267.50041071573895,2.148000064616402,0.0,24
Cranberry Lake,2017-04-24,10.821668243408226,0.006142504222225398,98638.17903645833,3.534790409981952,194.1291340192159,290.7720775604248,0.0,0.15799999935552478,24
Cranberry Lake,2017-04-25,10.467912292480491,0.007096208379759143,98399.361328125,7.283422890916662,91.42021266619365,355.8808237711589,1.218666712443034,5.810199816711247,24
Cranberry Lake,2017-04-26,14.786660766601585,0.010090312648875019,97575.00358072917,4.877479459951014,128.9510056177775,378.57290776570636,11.15600044094026,6.062799908220768,24
Cranberry Lake,2017-05-24,14.3637519836426,0.008927079228063425,97524.30533854167,3.6805654050961727,185.94650967915854,341.2920786539714,2.682666809608539,0.4789999835193157,24
Cranberry Lake,2017-05-25,12.83291905721031,0.008805625063056747,97236.23404947917,5.85765225423791,174.3218825260798,356.26082611083984,12.157333771387735,10.941799730062485,24
Cranberry Lake,2017-05-26,15.934578196207704,0.00991155420585225,96967.99772135417,4.654967951491113,243.0387233098348,354.21665445963544,24.669334332148235,12.331399668124504,24
Cranberry Lake,2017-05-27,16.496247863769554,0.009869208520588776,97826.9130859375,2.63244448695268,209.3202596505483,363.5083236694336,17.530667573213577,0.0,24
Cranberry Lake,2017-05-28,17.173329925537132,0.011262091769215962,97959.95735677083,3.4745831536560146,184.87296756108603,375.8849919637044,16.93866753578186,0.0,24
Cranberry Lake,2017-05-29,13.802915191650413,0.009542091866023839,98035.40592447917,3.970221039934158,127.99733793735504,366.05623626708984,1.0293333816031616,7.459999897517264,24
Cranberry Lake,2017-05-30,13.575008646647158,0.009356025140732527,98657.6083984375,3.96026889182299,164.11188356081644,341.0579071044922,1.3280000885327656,0.7367999837733805,24
Cranberry Lake,2017-05-31,17.015415445963566,0.010766862619978687,98356.14615885417,3.2152177158278317,275.69363713264465,351.1337432861328,545.0746943155924,2.0695999896124704,24
Cranberry Lake,2017-06-01,17.86041666666669,0.0092539043398574,98143.68912760417,4.182200864624177,315.47147313753766,319.29540634155273,200.6106745402018,0.659599999897182,24
Cranberry Lake,2017-06-02,16.665003712972027,0.00808326672995463,98175.88151041667,4.546035564390967,277.1892237663269,325.26415888468426,150.81067518393198,0.0,24
Cranberry Lake,2017-06-03,13.993337249755882,0.006724516802933067,98274.38671875,4.512309539838152,297.0165979067485,296.1174901326497,58.008003195126854,1.279199942946434,24
Cranberry Lake,2017-06-04,14.284580485026064,0.007611062532911698,98281.96842447917,2.246685006169132,163.41638445854187,317.33707427978516,0.43733335348467034,4.181599896401167,24
Cranberry Lake,2017-06-05,19.132923380533878,0.012217912590131164,97552.35221354167,2.1576664535472374,236.45026191075644,373.10207112630206,496.53335968653363,1.4791999689477962,24
Cranberry Lake,2017-06-06,15.434166208903017,0.010265729273669422,97525.00260416667,2.9665046275309064,191.94021844863892,356.0529073079427,46.10133470222354,9.261199743428733,24
Cranberry Lake,2017-06-07,12.096252695719423,0.007650533380607764,98110.44303385417,3.13114063901496,258.76771752039593,331.28999455769855,15.258667389551798,0.0,24
Cranberry Lake,2017-06-08,15.9262519836426,0.00829823346187671,98237.5439453125,2.9099438438122536,321.3813479741414,311.1020736694336,2.221333405623833,0.0,24
Cranberry Lake,2017-06-09,16.28125152587893,0.008508650081542632,97691.447265625,3.2890564674658975,302.1896433035533,310.96832784016925,224.79200871785483,0.0,24
Cranberry Lake,2017-06-10,19.59374516805015,0.00999938768412297,98181.20084635417,4.996792785602967,276.09622200330097,338.6304079691569,189.301340341568,0.12379999458789825,24
Cranberry Lake,2017-06-11,23.43958180745445,0.013255916846295198,98539.94140625,5.219138930179302,324.7097638448079,355.6654103597005,301.9520144810279,0.0,24
Cranberry Lake,2017-06-12,24.507918294270855,0.015233095968142152,98417.8759765625,3.689494140636875,324.54563943545025,360.07915751139325,1007.8773872057596,0.0,24
Cranberry Lake,2017-07-05,22.605835215250675,0.012709820953508219,98808.60579427083,3.249978720831844,327.43047459920246,356.19998931884766,126.83734023571014,0.0,24
Cranberry Lake,2017-07-06,21.02999903361005,0.01224731677211821,98752.64908854167,3.4792485388402734,212.7489689985911,372.0412406921387,9.18400052251915,0.025599999353289604,24
Cranberry Lake,2017-07-07,20.449582672119163,0.013898575135196248,97870.7900390625,2.35559580619108,193.74151182174683,396.5716603597005,137.82133849461874,59.23279869102407,24
Cranberry Lake,2017-07-08,23.130835469563824,0.013995187706314027,97604.6123046875,3.873011893438122,303.71339082717896,373.16624704996747,439.080020904541,12.765199714747723,24
Cranberry Lake,2017-07-09,19.375421142578148,0.010118295904248953,98204.701171875,3.7927915018964957,333.08160122235614,324.2999890645345,15.00266695022583,0.0,24
Cranberry Lake,2017-07-10,21.014162953694683,0.011189816830058893,98470.7314453125,4.333851356169849,323.28863946596783,341.7129071553548,135.27734251817068,0.1391999910119921,24
Cranberry Lake,2017-07-11,24.233749643961612,0.015163521049544215,98185.91373697917,4.493952304977923,291.7477632363637,388.9224904378255,793.6826947530111,1.6179999036248773,24
Cranberry Lake,2017-07-12,24.973332977294945,0.01487942113696287,98305.953125,3.9774294669503027,272.29418166478473,389.0570755004883,647.138697942098,0.07599999755620956,24
Cranberry Lake,2017-07-13,25.873752848307316,0.0159538669201235,98389.97428385417,3.147243432181188,246.7055139541626,397.1420733133952,958.7253761291504,5.092799795558676,24
Cranberry Lake,2017-07-14,22.622082010904972,0.015580521042769154,98509.1484375,2.8098280527510178,169.7382994890213,407.3279037475586,201.1786789894104,16.25279964110814,24
Cranberry Lake,2017-07-15,22.226247406005882,0.013935483332412938,98244.36555989583,2.9571953802115556,292.7370978196462,378.8037401835124,136.17867370446524,0.6001999760046601,24
Cranberry Lake,2017-07-16,21.671248372395855,0.0124089460587129,98246.3984375,2.436890771706105,322.7548916339874,347.1304054260254,304.21867711345357,0.0,24
Cranberry Lake,2017-07-17,23.7945864359538,0.014583812599691251,98414.18196614583,3.117050341438883,284.27530392011005,372.6674919128418,1301.154706319173,5.617599725723267,24
Cranberry Lake,2017-08-04,23.301667785644554,0.015185112715698779,98448.77994791667,3.9004917537278776,218.5779703259468,400.3999938964844,1131.405392964681,8.03279994847253,24
Cranberry Lake,2017-08-05,21.984176890055362,0.01365813760397335,98042.67578125,4.230705950220322,257.09951480229694,377.7179069519043,513.9760265350342,13.79799969587475,24
Cranberry Lake,2017-08-06,17.989165242513042,0.009489795852762958,98484.7021484375,4.26129360276833,250.21642895539603,321.75415802001953,6.1706669727961225,0.0,24
Cranberry Lake,2017-08-07,16.8329165140788,0.010494970949366689,98534.17513020833,3.127533760632295,111.02917180458705,360.10915501912433,8.920000414053598,16.183999583125114,24
Cranberry Lake,2017-08-08,18.529161071777366,0.011236750210324923,98213.87532552083,2.624123718644231,269.0181801766157,363.89123789469403,85.23200559616089,0.018399999476969242,24
Cranberry Lake,2017-08-09,20.38040949503583,0.010259987708802024,98850.81608072917,1.8990950367280794,303.6075137456258,328.55790583292645,21.336000723143417,0.0,24
Cranberry Lake,2017-08-10,21.034997558593773,0.010841891906845072,99048.986328125,2.158298299830453,299.03897221883136,335.5099932352702,34.38133509953817,0.0,24
Cranberry Lake,2017-09-21,21.585836029052757,0.01257350854575634,98424.37662760417,4.181202791275905,205.15525738398233,357.55707422892254,31.608000953992207,0.0,24
Cranberry Lake,2017-09-22,19.580003356933616,0.010104950206975142,98560.8193359375,4.448887973242211,203.70984371503195,337.2141596476237,0.0,0.0,24
Cranberry Lake,2017-09-23,21.374997711181663,0.011013470939360559,98493.26399739583,3.9114404075438,215.61034377415976,366.38540776570636,0.0,0.0,24
Cranberry Lake,2017-09-24,22.806250508626324,0.011520658464481434,98587.8642578125,2.0404860054530136,210.27175855636597,354.22041447957355,86.8986684481303,0.0,24
Cranberry Lake,2017-09-25,24.038749949137394,0.013817937695421278,98541.56217447917,2.0957065726332473,207.22992797692618,372.80874888102215,387.75201829274494,0.0,24
Cranberry Lake,2017-09-26,22.4458315531413,0.013600045970330635,98498.1826171875,2.338158513683157,202.09421916802725,365.25249099731445,146.52267209688821,0.0,24
Cranberry Lake,2017-09-27,22.810418701171898,0.013916029362007976,98097.62532552083,2.589818495488553,184.03017628192902,373.0762430826823,248.44001173973083,0.0,24
Cranberry Lake,2017-09-28,20.125000254313175,0.011198345959807435,97723.12760416667,5.494941198284541,210.04371905326843,334.5099906921387,85.38666959106922,0.0,24
Cranberry Lake,2017-09-29,12.07791671752932,0.006086083361878991,98372.84505208333,3.7561982615101743,176.30000940958658,297.5154088338216,1.1440000534057617,0.0,24
Cranberry Lake,2017-09-30,12.811245218912783,0.006676958427609255,98650.29264322917,4.809601039276127,139.975548128287,317.27498626708984,9.408000499010086,0.07579999873996712,24
Cranberry Lake,2017-10-01,11.88083419799807,0.006242695904802531,99423.35807291667,2.763331604738182,206.94871846834818,301.13415908813477,0.0,0.0,24
Cranberry Lake,2017-10-02,12.882499949137392,0.005508300033397973,99499.00553385417,2.3124287034291338,207.95300741990408,271.2512397766113,0.0,0.0,24
Cranberry Lake,2017-10-03,14.087918853759788,0.006805429293308407,100057.7685546875,2.7390127625621496,196.74717807769775,290.8687464396159,0.6933333730945984,0.0,24
Cranberry Lake,2017-10-04,14.760835266113304,0.008122758435395857,99641.01236979167,4.589901704432116,199.29455057779947,296.0366579691569,0.0,0.0,24
Cranberry Lake,2018-06-26,16.63999455769859,0.00847237923881039,98966.74739583333,3.114788591690281,310.43288628260296,312.2574920654297,0.03733333572745323,0.0,24
Cranberry Lake,2018-06-27,18.744166310628277,0.012211041913057366,98534.12337239583,5.03193413701136,151.09759203592935,360.0612373352051,35.92533510054151,0.7303999960422516,24
Cranberry Lake,2018-06-28,21.655835723876976,0.014294495961318413,97768.95670572917,4.523073431506759,225.0103030204773,398.64791615804035,414.17601644744474,17.54399957275018,24
Cranberry Lake,2018-06-29,23.56208190917971,0.014381046174094081,98120.3056640625,3.434726273305341,324.49339000384015,364.4616559346517,495.4906883239746,0.0,24
Cranberry Lake,2018-06-30,24.433330790201847,0.014232458469147483,98485.68912760417,3.139002963152674,322.98784557978314,359.4658266703288,471.3733489463727,0.0,24
Cranberry Lake,2018-07-01,26.227085367838566,0.0163539753217871,98449.404296875,3.1069118845528862,314.09901507695514,375.6541557312012,1555.1334228515625,0.0,24
Cranberry Lake,2018-07-02,26.92416915893557,0.016991621038566034,98561.796875,2.756976572633485,327.50343052546185,380.8320782979329,1882.7414169311523,0.0,24
Cranberry Lake,2018-07-05,26.088753000895206,0.017693758476525545,99212.53515625,3.3903290057468953,290.79901154836017,409.5745786031087,1760.9254099527996,0.0,24
Cranberry Lake,2018-07-06,24.954582468668644,0.016349925193935633,98568.46516927083,5.131751023434644,231.48680305480957,408.46082560221356,962.0080479780833,3.237599958665669,24
Cranberry Lake,2018-07-07,17.130832926432316,0.008730791761384657,99170.09212239583,3.961083588345517,339.8558518091838,298.86332575480145,0.0,0.0,24
Cranberry Lake,2018-07-08,18.489582316080753,0.008662958454806358,99435.32389322917,1.0123636734685353,335.95943387349445,310.07082494099933,0.0,0.0,24
Cranberry Lake,2018-07-09,20.029163614908878,0.010212716782310357,99000.76432291667,3.3794608198562046,333.3255573113759,322.3491617838542,0.0,0.0,24
Cranberry Lake,2018-07-10,22.50666961669924,0.012606412599173685,98247.06184895833,3.5858320306904132,327.1423106988271,345.48957951863605,263.1653405825297,0.0,24
Cranberry Lake,2018-07-11,23.685833231608097,0.013289566811484596,98165.2451171875,3.7436971527573313,287.0760572751363,370.23290761311847,557.9893563588461,0.01640000008046627,24
Cranberry Lake,2018-09-12,21.55916620890302,0.014336670865304768,99011.873046875,2.337847321317479,151.75029802322388,403.4420750935872,241.73067919413248,11.66919946949929,24
Cranberry Lake,2018-09-13,20.233335113525413,0.01370803767349571,99205.64811197917,3.2488289650393924,158.4004658063253,389.94832102457684,130.4666741391023,2.796199969947338,24
Cranberry Lake,2018-09-14,20.772088623046898,0.0139854084700346,99083.921875,3.4390444152385786,186.12767521540323,380.7412389119466,81.39200288057327,2.35679991543293,24
Cranberry Lake,2018-09-15,20.78333943684898,0.013714058479915062,99011.1669921875,1.9620927461942854,211.00534387429556,371.7162386576335,99.17867147922516,0.0,24
Cranberry Lake,2018-09-16,22.14166412353518,0.013791283476166427,98980.27083333333,2.0680490797384867,228.12059207757315,354.8916600545247,135.16800804932913,0.0,24
Cranberry Lake,2018-09-17,21.847085571289085,0.013944629308146736,98765.93033854167,3.327010437551777,175.59421555201212,368.172908782959,99.54400411248207,8.029999678954482,24
Cranberry Lake,2018-09-18,20.55875167846682,0.014247300025696555,97835.09440104167,3.393138763517309,111.0146315942208,401.9654083251953,59.632002249360085,16.97439971845597,24
Cranberry Lake,2018-10-12,15.03124898274742,0.009566637648579976,97163.66276041667,6.141129661342855,185.63680171966553,321.6849899291992,7.16800011570255,3.186999964527786,24
Cranberry Lake,2018-10-13,7.121666208903018,0.005445645928072433,97748.98828125,3.697584676462585,88.86867014567058,291.4412415822347,10.538667142391205,4.973999939858913,24
Cranberry Lake,2018-10-14,7.306247965494815,0.00518464590034758,98776.14322916667,3.1308047986142373,117.24871253967285,279.0445753733317,0.0,0.0,24
Cranberry Lake,2018-10-15,11.210836029052757,0.00795093341730535,98520.08203125,5.19024175734616,68.70112721125285,338.8712450663249,3.184000253677368,0.8799999665934592,24
Cranberry Lake,2018-10-16,10.494588470459007,0.006266045888575415,98400.9443359375,6.017430015188847,177.21163272857666,288.1541608174642,11.312000393867493,1.6643999367952347,24
Cranberry Lake,2018-10-17,7.434163665771507,0.004907425007938097,98176.2890625,6.0401137140427545,156.57534066836038,265.872075398763,16.34666758775711,0.0,24
Cranberry Lake,2018-10-18,4.493753051757835,0.003565595883022373,98986.17252604167,7.194170900089765,139.62246330579123,289.3316599527995,18.965333898862202,0.0,24
Cranberry Lake,2019-09-11,22.409171040852886,0.014695670998965701,98971.32096354167,4.991038572076869,231.96205536524454,374.57665761311847,836.3760372797648,0.0,24
Cranberry Lake,2019-09-12,23.956249491373722,0.01517677508915464,98590.86979166667,3.060437141964231,156.01025533676147,395.48248799641925,815.0747075080872,0.0,24
Cranberry Lake,2019-09-13,16.279995218912784,0.009770666792367896,99546.21061197917,5.32353842068923,190.65072123209634,357.966246287028,1.0186667361607153,0.0,24
Cranberry Lake,2019-09-14,16.379582977294945,0.010548408414858082,99322.85904947917,4.201397835819324,96.14333732922871,368.55040613810223,0.0,0.0,24
Cranberry Lake,2019-09-15,20.601251220703148,0.012115821048306922,98862.21842447917,3.602945111371307,233.03071880340576,352.19582239786786,49.877334892749786,0.0,24
Cranberry Lake,2019-09-16,18.82291437784833,0.010641866751636067,98515.83365885417,2.1236846794902133,124.48800712823868,362.40582911173504,28.453334738810856,0.0,24
Cranberry Lake,2019-09-17,17.096246337890648,0.0087692043161951,98675.14973958333,3.3522926977355243,232.90617879231772,315.3966585795085,0.9040000240008036,0.0,24
Cranberry Lake,2019-09-20,14.572503662109398,0.007018920887882511,99175.58170572917,3.778593205786388,226.5324273109436,284.0958251953125,0.0,0.0,24
Cranberry Lake,2019-09-21,17.8833315531413,0.008936545986216515,99039.791015625,3.2500513856062105,224.49042797088623,309.3908271789551,0.0,0.0,24
Cranberry Lake,2019-09-22,20.399175262451195,0.011350116925314069,98812.72884114583,3.2764650904779273,215.06459506352743,341.03040568033856,71.20800366997719,0.0,24
Cranberry Lake,2019-09-23,23.13000005086265,0.013150321086868644,98071.50911458333,5.412711879396011,208.97476251920065,366.0795758565267,30.773334324359894,0.0,24
Cranberry Lake,2019-09-24,19.473748779296898,0.010265241765106717,97661.18326822917,4.8336919260250975,211.77117721239725,340.8233286539714,74.07467038432758,0.0,24
Cranberry Lake,2019-09-25,17.14125213623049,0.00887016684282571,97954.01432291667,3.3869440828567883,215.15329925219217,323.5779101053874,2.6453334440787635,0.0,24
Cranberry Lake,2019-09-26,18.82999954223635,0.009654996004731705,97745.48111979167,4.478948494579017,172.6704664627711,334.94415791829425,19.68800115585327,0.0,24
Cranberry Lake,2019-09-27,15.519995625813825,0.007372037662814061,98517.02766927083,3.2690879001043904,212.62988619009653,291.4233258565267,0.0,0.0,24
Cranberry Lake,2019-09-28,18.438750203450542,0.010842279356438667,98648.96028645833,4.351563059107303,200.21305016676584,340.96332422892254,421.79201703021926,0.0,24
Cranberry Lake,2019-09-29,20.790415700276714,0.01164184599959602,98974.3193359375,3.7571301029475737,201.75555018583933,351.2466583251953,318.7546796798706,0.0,24
Cranberry Lake,2019-09-30,14.846668497721376,0.008359016753577938,99248.12630208333,3.4469550729385676,82.60979629556338,351.6312446594238,0.0,0.0,24
Cranberry Lake,2019-10-01,18.569170888264996,0.011489533470012248,98663.2978515625,4.9203723128549814,193.92771794398627,375.8454081217448,90.88533683617909,0.0,24
Cranberry Lake,2019-10-04,14.209580993652366,0.00837647517134125,98464.64192708333,5.109677605928565,187.8218444188436,323.8287467956543,4.2506669126451015,0.0,24
Cranberry Lake,2019-10-05,7.365833536783877,0.004481954170235743,99528.1865234375,3.452594434089679,204.4649658203125,245.66916211446127,0.0,0.0,24
Cranberry Lake,2019-10-06,11.57541681925458,0.00789684175591295,99276.83040364583,4.91181163646448,65.98721090952556,331.265827814738,0.8560000316550335,0.0,24
Cranberry Lake,2019-10-07,18.581667836507183,0.01193180016707629,98783.3486328125,6.8297422785970054,77.41742086410522,391.2062454223633,37.30133497714996,0.0,24
Cranberry Lake,2019-10-08,14.361667887369814,0.007991029298864305,99034.58235677083,4.9873949566419435,143.92892154057822,350.5891571044922,2.064000129699707,0.0,24
Cranberry Lake,2019-10-09,11.059584554036482,0.006635187542997301,99139.00911458333,6.092380089693498,69.91987852255504,332.0537452697754,0.0,0.0,24
Cranberry Lake,2019-10-10,12.311664835612001,0.006440112580700467,99161.81380208333,6.624944488560288,133.31630023320517,337.4762433369954,0.0,0.0,24
Cranberry Lake,2019-10-11,12.35999450683596,0.005875575065147132,98799.82486979167,6.587355817701884,133.72342228889465,330.62540435791016,0.0,0.0,24
Cranberry Lake,2019-10-12,13.130002593994163,0.007645691783788304,98309.61263020833,3.3659840546980972,156.50250585873923,341.1316604614258,0.0,0.0,24
Cranberry Lake,2019-10-13,12.693751271565779,0.006743600048745672,98429.32356770833,2.839367522977779,180.79579973220825,293.0570755004883,0.0,0.0,24
Cranberry Lake,2019-10-14,12.685830688476585,0.006551616786358257,98221.79036458333,3.88033343958179,180.89980204900107,296.4195734659831,0.0,0.0,24
Cranberry Lake,2019-10-15,9.947507476806663,0.004830270908617725,98642.01106770833,3.096189045296528,178.0818427403768,264.4658266703288,0.0,0.0,24
Cranberry Lake,2019-10-16,11.247919972737654,0.00711052924937879,97843.8037109375,5.9205352582574315,116.82275633017223,305.4379081726074,39.050669153531395,0.0,24
Cranberry Lake,2019-10-17,10.180839792887392,0.0065552000887691975,96158.95735677083,10.110465743264301,88.46758762995402,316.08207448323566,2.1306667824586234,0.0,24
Cranberry Lake,2019-10-18,8.960422770182314,0.005376295923876266,97527.95963541667,7.647947665444646,170.93025875091553,284.02374267578125,0.0,0.0,24
Cranberry Lake,2019-10-19,6.48791910807294,0.004691662538486223,98380.78548177083,3.1160237179631363,173.23384030659994,249.7612444559733,0.0,0.0,24
Cranberry Lake,2019-10-20,9.092502848307314,0.005848337643935035,98325.35709635417,2.5738237377177815,54.525752087434135,309.8041572570801,0.0,0.0,24
Cranberry Lake,2019-10-21,12.033330535888695,0.007585041807033122,98404.83821614583,3.7502912674731568,165.3639624516169,312.9441655476888,0.0,0.0,24
Cranberry Lake,2019-10-22,12.300828552246116,0.008256133490552505,98351.45345052083,4.534378934910343,67.25304465492566,333.0074920654297,0.01600000075995922,4.159599930047989,24
Cranberry Lake,2020-07-07,23.1224927266439,0.015501333439412216,98626.23600260417,3.823630265171951,303.5147219498952,381.5791613260905,1067.832051595052,0.0,24
Cranberry Lake,2020-07-08,24.29707997639976,0.016281121022378404,98416.94173177083,3.406389468577393,243.4553451538086,399.7466557820638,985.1173871358236,3.3323999121785164,24
Cranberry Lake,2020-07-09,25.0620793660482,0.01592422932541619,98289.99869791667,2.945895539231698,318.4121820131938,386.74082438151044,790.6560357411703,0.07319999998435378,24
Cranberry Lake,2020-07-10,22.932503000895206,0.015922712666603427,98101.72428385417,4.53528067445608,182.26821716626486,389.00873947143555,326.66935125986737,61.79199846833944,24
Cranberry Lake,2020-07-11,22.047495778401714,0.01486892932249854,97388.20963541667,3.8942562395249993,246.63842956225076,402.2237383524577,571.4346922797462,10.70679962541908,24
Cranberry Lake,2020-07-12,23.11249694824221,0.013802537655768296,97454.05110677083,4.915400751636376,314.04380830128986,371.63540903727215,296.40801246960956,0.13599998969584703,24
Cranberry Lake,2020-07-13,23.636670684814476,0.013549379422329366,97682.46256510417,3.579202018963175,316.14547117551166,376.439156850179,488.1680212020874,3.0527998389443383,24
Cranberry Lake,2020-07-14,22.150833384195987,0.012254520940283934,98127.8974609375,3.5468491326498786,322.7378515402476,357.6395746866862,369.33868301908177,0.0,24
Cranberry Lake,2020-07-15,21.996668752034527,0.01276153353198121,98799.50358072917,3.075155022548211,314.09201407432556,360.38123830159503,111.76533831780155,0.0,24
Cranberry Lake,2020-07-16,21.262085215250675,0.013258012710139155,99152.12337239583,4.3632358041296975,247.79138851165771,373.6395746866862,15.42933419967691,0.0,24
Cranberry Lake,2020-07-17,21.530414835612003,0.014418520964682102,98779.93912760417,3.8870274116174826,242.44559478759766,398.5529073079427,591.0240220228831,0.021599999628961086,24
Cranberry Lake,2020-07-18,26.020415242513042,0.016189816989935935,98564.91536458333,2.0257698534444217,319.54726425806683,386.2574882507324,1199.514727274577,0.0,24
Cranberry Lake,2020-07-19,25.916665649414085,0.015296100173145533,98261.85514322917,4.58671012543716,313.6612226168315,375.2687454223633,801.3947016398112,0.0,24
Cranberry Lake,2020-07-20,27.614581044514996,0.01780670857988298,97927.62337239583,4.6677187790425085,309.6323467890422,408.4620768229167,1602.741419474284,0.0,24
Cranberry Lake,2020-07-21,25.38082911173505,0.014438041718676686,98333.6259765625,2.8303590918899615,314.0692647298177,374.4962450663249,339.9226834277312,0.0,24
Cranberry Lake,2020-07-22,27.157916005452496,0.016118579311296344,98401.92903645833,2.0264544264171027,267.82926166057587,412.0249900817871,876.685378074646,30.035998245468363,24
Cranberry Lake,2020-07-23,25.823336537679058,0.016611546006364126,98445.84114583333,3.861575565390661,244.33001271883646,409.4866536458333,1120.8187115987141,5.983199767884798,24
Cranberry Lake,2020-07-24,25.057916259765648,0.015464879455976188,98589.35579427083,2.347107999493256,254.10780107975006,403.08666229248047,720.0320358276367,7.358599901199341,24
Cranberry Lake,2020-07-25,24.544165547688824,0.014817316822397212,98650.412109375,2.7573391013242374,310.6033521493276,376.38916015625,576.5360260009766,0.0,24
Cranberry Lake,2020-07-26,26.12458699544273,0.01602005846022318,98422.6376953125,4.549059747953547,312.0133048693339,386.73665110270184,292.5226788520813,0.0,24
Cranberry Lake,2020-07-27,25.917082722981792,0.015471029405792555,97916.736328125,4.673885004174907,313.096098780632,373.69165802001953,448.6560207605362,0.0,24
Cranberry Lake,2020-07-31,23.552083587646507,0.013828783490074178,97817.74446614583,2.769253251931557,162.96634210646152,398.00332895914715,201.3866774191459,15.119999694637954,24
Cranberry Lake,2020-08-01,24.207084910074894,0.013360612715284029,98046.74479166667,1.8209994234011804,303.43959836289287,377.2454083760579,69.57600308954716,0.0,24
Cranberry Lake,2020-08-02,24.424999491373722,0.01638097936908404,98090.3388671875,4.190257432320016,172.2661770184835,418.60998662312824,837.2187054157257,10.737599588930607,24
Cranberry Lake,2020-08-03,24.723332977294945,0.014060691891548535,98254.69140625,4.62190702745628,301.37867897748947,377.78873952229816,454.1546842555205,0.7108000011648983,24
Cranberry Lake,2020-08-04,22.41458663940432,0.014999433575818935,97995.6220703125,5.2663125232381995,131.0356283982595,406.37790807088214,354.6080187273522,90.13959665596485,24
Cranberry Lake,2020-08-05,22.27249679565432,0.013133566826581955,98289.53971354167,3.5262219615151946,304.26439050833386,369.5145721435547,88.48000500102837,14.028799593448639,24
Cranberry Lake,2020-08-06,21.277926381429058,0.011416029340277115,98635.22884114583,2.9854399144742874,250.91584546367326,362.8099950154622,14.949334175636372,0.32439999282360077,24
Cranberry Lake,2020-08-07,20.115834808349632,0.01223002098655949,98766.63704427083,3.3504052088075746,179.29796742399535,378.02040990193683,86.09600355724494,7.106799840927124,24
Cranberry Lake,2020-08-08,21.287080383300804,0.013865766930393875,98844.751953125,2.547147099900533,225.4452212303877,387.3816566467285,651.4933594067892,0.7895999550819397,24
Cranberry Lake,2020-08-09,23.28666966756187,0.014857883487517634,98714.45572916667,3.2464242679741253,274.5356381734212,374.7808303833008,802.2906999588013,0.0,24
Cranberry Lake,2020-08-10,25.294581349690777,0.01577707934969415,98479.5634765625,3.41037342252307,291.5920139948527,389.84457143147785,1184.976069132487,0.0,24
Cranberry Lake,2020-08-11,26.079592641194683,0.01730558757359783,98237.3193359375,4.153414703386194,268.67193094889325,399.8349914550781,1628.506741841634,0.0,24
Cranberry Lake,2020-08-12,26.392082468668644,0.017115500134726364,98368.83561197917,2.7559580268227926,262.3549737930298,417.2104123433431,1388.3814010620117,0.564799964427948,24
Cranberry Lake,2020-08-13,24.827915445963566,0.015885504389492173,98613.30631510417,2.122675645339087,203.20484352111816,394.915823618571,1174.0267232259114,5.594399720430374,24
Cranberry Lake,2020-09-05,18.296253458658878,0.00826037087244913,98747.60546875,3.5040865805297527,255.90105215708414,311.1108220418294,0.0,0.0,24
Cranberry Lake,2020-09-06,18.79875462849937,0.008709304267540574,98905.94498697917,3.3512768302952836,239.60105180740356,330.4408238728841,27.78133447964986,0.0,24
Cranberry Lake,2020-09-07,19.633747355143253,0.011070100124925375,98614.1806640625,4.346937928479925,244.394717057546,334.9045753479004,10.016000548998514,0.0,24
Cranberry Lake,2020-09-08,21.457504526774112,0.012001983588561416,98764.38704427083,2.658537110383124,243.1199730237325,349.2474937438965,32.87733490765095,0.0,24
Cranberry Lake,2020-09-09,21.89042180379234,0.012332729413174093,99184.37662760417,2.8357927732049646,221.04834079742432,356.45874404907227,47.002669801314674,0.0,24
Cranberry Lake,2020-09-10,20.907497660319034,0.014407104308096072,99195.46126302083,1.7814094432882237,70.17758667469025,401.100824991862,44.082669431964554,20.670799732324667,24
Cranberry Lake,2020-09-11,21.106663004557316,0.013098400086164474,98862.91536458333,2.9493094108275564,219.73305241266885,379.4416567484538,11.040000637372335,0.0,24
Cranberry Lake,2020-10-16,13.56333185831708,0.00926673348294571,98349.333984375,4.494666229789456,47.52379365762075,350.47373962402344,3.3493335222204528,11.727599749341607,24
Cranberry Lake,2020-10-17,8.712080891927107,0.00491354590243039,99017.57649739583,4.091395779965605,177.04742709795633,282.81957817077637,0.0,0.3555999791715294,24
Cranberry Lake,2020-10-18,9.43540980021161,0.004357012580536927,99598.3603515625,3.3795318876771105,165.9338414669037,264.56958134969074,0.056000002970298134,0.0,24
Cranberry Lake,2020-10-19,12.675002034505232,0.008456825201089183,99312.3037109375,3.6020330839425956,91.17875476678212,325.7724952697754,11.896000632395348,0.0011999999696854502,24
Cranberry Lake,2020-10-20,16.85250116984052,0.01060696276059995,99032.96712239583,3.422341296317162,126.11171293258667,367.3691571553548,18.738667498032253,0.0,24
Cranberry Lake,2020-10-21,17.684580739339214,0.011191033525392413,99105.28059895833,3.736574685624957,143.19471410910288,343.33666229248047,206.58401171366373,0.07360000163316727,24
Cranberry Lake,2020-10-22,18.80041020711265,0.011869537566478053,99047.14127604167,2.8859431977034133,145.48146390914917,344.3270785013835,207.87467331439257,0.0,24
Cranberry Lake,2024-10-15,5.724998728434268,0.004094437482611586,97822.90397135417,4.8330758019194,116.65745949745178,276.2908369700114,14.881250113248825,0.0,24
Cranberry Lake,2024-10-16,7.183749135335309,0.004295191669370979,98220.92122395833,5.020861897966055,147.57700069745383,288.28083356221515,4.368333409229915,0.0,24
Cranberry Lake,2024-10-17,6.876666005452496,0.00411627083667554,98935.21647135417,3.3499772305887223,176.25470797220865,254.04749743143717,0.0,0.010999999940395355,24
Cranberry Lake,2024-10-18,9.299586232503279,0.004133929168650259,99452.04947916667,3.5178886615122056,172.2581288019816,258.99833424886066,0.0,0.0,24
Cranberry Lake,2024-10-19,12.058333333333357,0.004535737486245732,99864.84700520833,1.5747286585917297,170.31170479456583,268.0124982198079,0.0,0.0,24
Cranberry Lake,2024-10-20,12.91208419799807,0.004935833334457129,99366.07063802083,3.1676200134639565,169.5672889550527,268.2958342234294,0.0,0.0,24
Cranberry Lake,2024-10-21,15.389582570393904,0.005467175020991514,98928.3994140625,3.588347937802535,161.1595420440038,297.59541575113934,0.0,0.0,24
Cranberry Lake,2024-10-24,15.367080942789736,0.006973783310968429,98059.94596354167,4.939768162385911,157.6337485561768,307.5954170227051,6.409583270549774,0.028700000839307904,24
Cranberry Lake,2024-10-25,8.260001118977888,0.004408504154222707,98567.18717447917,3.678103505840166,160.03858375549316,252.7883332570394,0.0,0.0,24
Cranberry Lake,2024-10-26,11.756251271565779,0.004721841658465564,98539.49967447917,5.633992651854341,139.73666604359946,312.19916280110675,2.3375000258286796,0.0,24
Cranberry Lake,2024-10-27,7.233330027262393,0.0029862958375209323,99362.298828125,3.5873897869449585,158.38462511698404,240.13499959309897,0.0,0.0,24
Cranberry Lake,2024-10-28,8.104168192545595,0.003120212505261103,99521.1376953125,2.510575272940618,141.98779265085855,276.353333791097,0.0,0.0,24
Cranberry Lake,2024-10-29,10.292502339681013,0.006055633285238097,99678.93359375,4.203896984527939,135.82495911916098,295.19249725341797,6.9987499713897705,0.0,24
Cranberry Lake,2024-10-30,15.36499938964846,0.008236258290708065,99329.6787109375,3.7657385783335062,143.60120995839438,333.28332392374676,0.389166663090388,0.0,24
Deal Lake,2015-06-03,14.227496083577497,0.008969316724687815,101970.0146484375,4.3990452528920905,142.9177147746086,371.2658297220866,0.0,6.740799800492823,24
Deal Lake,2015-06-04,13.830415344238304,0.008849004283547401,102127.47786458333,4.765388678239421,123.45075623194377,348.44374084472656,0.0,0.0,24
Deal Lake,2015-06-05,14.773746744791689,0.009585875164096555,101700.2568359375,3.949720258840001,101.56675505638123,382.47832743326825,1.656000057856242,1.5767999121453613,24
Deal Lake,2015-06-06,17.660830434163433,0.011036837628732124,101070.76171875,2.6621724550398076,273.0106789668401,374.4937375386556,250.28801384568214,2.0283999890089035,24
Deal Lake,2015-06-07,16.782917277018253,0.009805920960692069,101802.00651041667,2.3906534928154355,352.83043305079144,313.5562438964844,11.898667494455973,0.0,24
Deal Lake,2015-06-08,17.9941713968913,0.011105066786209742,101386.26985677083,5.265842206313796,298.7850178877513,343.5541623433431,45.93600275119146,0.04479999974137172,24
Deal Lake,2015-06-09,20.979172007242862,0.013249116755711535,100451.34537760417,5.752673121488737,248.83505400021872,394.42999267578125,593.3173570632935,6.158399839187041,24
Deal Lake,2016-07-07,25.615000661214214,0.017466229231407244,100670.72591145833,2.2712953745520994,284.31676411628723,401.3745752970378,1109.1013793945312,3.6951999026350677,24
Deal Lake,2016-07-08,26.18832422892255,0.017797062716757257,100640.8369140625,2.29425744339722,319.1417603492737,413.3724899291992,974.0507202148438,3.684799998998642,24
Deal Lake,2016-07-09,22.82666168212893,0.015750837551119428,100816.44596354167,4.2099792079427365,242.05009158452353,397.90791447957355,117.11733936270078,2.5239999122568406,24
Deal Lake,2016-07-10,23.16041463216148,0.014281204280753931,100889.96842447917,2.766063531778442,307.3453900019328,393.9787419637044,162.21334131558737,10.035999769344926,24
Deal Lake,2016-07-11,22.808328247070335,0.012541912690115472,101521.18131510417,2.747077301120037,309.7630560398102,376.7749900817871,5.10933359960715,0.13919999822974205,24
Deal Lake,2016-07-12,23.15458450317385,0.012358146021142602,101711.66048177083,1.722452049701779,341.8660994370778,352.6262435913086,0.0,0.21599999628961086,24
Deal Lake,2016-07-13,22.76583887736005,0.014644037660521766,101598.15397135417,3.3807953268186304,174.73425642649332,389.5774917602539,40.54400157928467,7.262399865314364,24
Deal Lake,2016-09-21,23.062916056315128,0.013844808524784943,101802.84895833333,2.0003171488986005,226.73834355672201,367.3687438964844,61.037336245179176,0.0,24
Deal Lake,2016-09-22,22.235420481363956,0.012091066804714501,101817.990234375,2.4161475278546956,240.51271979014078,336.7262382507324,0.0,0.0,24
Deal Lake,2016-09-23,22.013748423258487,0.01265870442148298,101488.49153645833,1.9028908601166972,238.5108462969462,343.93040974934894,24.13866821055611,0.023399999699904583,24
Deal Lake,2016-09-24,19.908752695719425,0.012101779342629015,101515.27408854167,3.3407174732172726,116.71563096841176,375.20499420166016,11.397333880265554,0.9899999512708746,24
Deal Lake,2016-09-25,16.767081197102886,0.006782108432768534,101894.42740885417,3.3231613584761486,242.86271913846335,320.07874298095703,3.3200001617272696,0.2799999979324639,24
Deal Lake,2016-09-26,17.39208628336591,0.007205504264372091,101879.82063802083,2.9832895922391387,228.89884146054587,315.2704137166341,0.0,1.4947999715805054,24
Deal Lake,2016-09-27,20.639168039957706,0.01227727928198874,101176.380859375,4.146620777185899,188.1259663105011,385.1808268229167,3.5640001197655997,3.6379998712218367,24
Deal Lake,2017-04-20,12.187916056315126,0.007933600146013001,101809.59700520833,2.7565325576701016,151.47800652186075,354.8012415568034,3.3400002320607505,1.2907999898307025,24
Deal Lake,2017-04-21,12.37708435058596,0.008242554341753324,101191.70540364583,4.129422749326457,220.73380343119302,346.70707575480145,11.138667186101278,1.7129999585449696,24
Deal Lake,2017-04-22,11.629169718424501,0.007959954246568183,101133.78678385417,2.517940887727338,62.639753103256226,355.1441586812337,0.6533333460489908,2.8359999372041784,24
Deal Lake,2017-04-23,10.435425059000673,0.006162875099107623,101576.89127604167,3.2903857333905635,303.54255135854083,291.8599967956543,3.6773335138956704,0.6167999655008316,24
Deal Lake,2017-04-24,9.45916646321617,0.006426337601927419,101801.6181640625,3.269120214274441,111.26613156000774,304.2741559346517,0.0,0.06080000102519989,24
Deal Lake,2017-04-25,10.677079772949241,0.007313991741587718,101397.46940104167,8.543586171970405,124.16621239980061,361.31499099731445,4.106666912635167,20.17759937234223,24
Deal Lake,2017-04-26,13.062493896484398,0.008839195943437517,100561.509765625,4.491431786860594,194.35567331314087,369.35790761311847,1.2080000440279643,11.573599855299108,24
Deal Lake,2017-05-24,14.53416468302411,0.009207312560950717,100591.98470052083,4.3633266880966355,172.92134261131287,364.0549964904785,0.0,1.4103999845683575,24
Deal Lake,2017-05-25,14.42041931152346,0.009571025225644311,100249.40787760417,5.934208339369604,172.8840478261312,369.21041107177734,65.08533651630084,13.841599591076374,24
Deal Lake,2017-05-26,16.800827280680362,0.010189304399924973,99952.58463541667,4.820615856124196,256.38189029693604,363.8041572570801,67.24000346660614,7.152399840881117,24
Deal Lake,2017-05-27,17.676248168945335,0.010144058459748825,100853.81966145833,2.63169983614009,214.87476019064584,363.7949905395508,7.84000035127004,0.0,24
Deal Lake,2017-05-28,16.79874445597333,0.010670908377505839,101076.22395833333,3.6161022832184067,186.08046559492746,380.71374130249023,3.1146667997042337,0.0,24
Deal Lake,2017-05-29,14.68749898274742,0.00962615847432365,101079.912109375,5.167095209647126,94.21233840783437,379.708740234375,0.9680000344912211,12.795599661767483,24
Deal Lake,2017-05-30,14.044583892822288,0.009195775104065737,101803.15462239583,3.662778230878384,161.52338282267252,342.5799903869629,0.0,0.2248000013642013,24
Deal Lake,2017-05-31,17.277499135335308,0.01109976259370645,101459.7724609375,2.623770437366605,312.8918083508809,359.1108233133952,442.4960247377555,0.21059999206045177,24
Deal Lake,2017-06-01,19.057914988199894,0.010848170961253345,101171.18131510417,3.476479103392608,346.53947635491687,333.3833262125651,354.18402004241943,0.024399999529123306,24
Deal Lake,2017-06-02,18.49208730061851,0.009149283403530717,101214.76009114583,3.3100282195405692,321.83522272109985,328.9399948120117,167.26133821407953,0.0,24
Deal Lake,2017-06-03,16.588335927327496,0.008115933470738431,101295.21321614583,3.6959586732860483,290.7292622725169,317.0154113769531,74.30933713912964,3.980799768003635,24
Deal Lake,2017-06-04,16.525415039062523,0.00878417930410554,101342.369140625,2.2951912795271574,234.07905491193137,323.3066596984863,4.85600021481514,0.0,24
Deal Lake,2017-06-05,18.934172566731792,0.012609379327235123,100570.59114583333,2.5622708271277825,243.36009617646536,378.2799949645996,437.09068695704144,2.0707999290898442,24
Deal Lake,2017-06-06,16.067082977294945,0.010513596003875136,100512.36295572917,3.796764743694992,196.02071650822958,367.0699920654297,20.40533376733462,8.253199577738997,24
Deal Lake,2017-06-07,13.384584045410179,0.008035716717131436,101167.8037109375,3.361677295707653,269.2608885367711,334.211238861084,5.264000207185745,0.9343999624252319,24
Deal Lake,2017-06-08,14.86417160034182,0.008741450069161752,101295.62369791667,2.91918982905468,325.483847061793,303.5279057820638,0.0,0.0,24
Deal Lake,2017-06-09,16.341667429606144,0.009208783390931785,100720.19466145833,3.0549370988368616,347.67014384269714,309.58957290649414,135.6453399658203,0.0,24
Deal Lake,2017-06-10,19.712080891927105,0.010557337625262639,101232.58821614583,4.24237226633482,336.0420594215393,337.764165242513,81.93600392341614,0.19999999619903974,24
Deal Lake,2017-06-11,22.007085418701195,0.013102700118906796,101579.70247395833,4.324515527519626,349.43160065015155,358.2237370808919,247.41334527234235,0.09109999611973763,24
Deal Lake,2017-06-12,23.640835062662784,0.014705112747227153,101376.54231770833,3.4525624798139476,348.5343066851298,370.21374257405597,767.3067019780477,0.0,24
Deal Lake,2017-07-05,22.717085774739605,0.0136537376868849,101813.88704427083,3.207959648615752,340.9249762694041,363.4187431335449,31.896001627047855,0.0,24
Deal Lake,2017-07-06,21.402913665771507,0.013686633474814395,101778.24869791667,3.4502690932842586,217.39330323537192,370.8841552734375,2.240000049273173,1.8663999371929094,24
Deal Lake,2017-07-07,21.87207946777346,0.014974591826709608,100835.26985677083,2.7376031107574987,195.379340728124,403.5149955749512,35.18933465580145,8.016799874836579,24
Deal Lake,2017-07-08,24.164584096272808,0.014980171069813272,100545.51985677083,3.447730905539423,328.7797287305196,382.2299919128418,467.1493542989095,0.029600000008940697,24
Deal Lake,2017-07-09,22.44625116984052,0.012151595981170734,101178.888671875,3.5092652885362745,350.3044313589732,349.0266621907552,79.26400423049927,0.0,24
Deal Lake,2017-07-10,22.633748626709007,0.012838550144806504,101525.1845703125,3.4222326824939504,344.3356424967448,354.20915603637695,53.76533603668213,0.0,24
Deal Lake,2017-07-11,24.967914835612003,0.015870004543103278,101218.7138671875,4.366200864028142,327.3112629254659,387.04248809814453,828.1333770751953,0.0015999999595806003,24
Deal Lake,2017-07-12,26.17833226521812,0.01663627099090566,101261.6611328125,3.936455174131986,300.653680562973,405.6791585286458,1143.4507141113281,0.0,24
Deal Lake,2017-07-13,27.109582519531273,0.017197033545623224,101356.85514322917,3.3145534336132307,285.6106808980306,410.0154101053874,1355.698725382487,6.688799858093262,24
Deal Lake,2017-07-14,25.09041493733726,0.01734948771384855,101492.05533854167,2.9258201059487448,200.91163357098898,418.7799873352051,622.8053617477417,9.2423996925354,24
Deal Lake,2017-07-15,24.35957997639976,0.016245566851769883,101228.33854166667,1.807292052207969,243.21609727541605,410.4066556294759,401.0293509165446,0.9131999773089774,24
Deal Lake,2017-07-16,24.433749135335308,0.014781246000590423,101190.58463541667,1.7903818848756938,339.245055993398,381.19248962402344,194.26400756835938,0.0,24
Deal Lake,2017-07-17,24.22333679199221,0.01630577933974564,101448.12890625,3.371766097760925,323.33614110946655,373.81915791829425,1083.3707173665364,0.0,24
Deal Lake,2017-08-04,24.40625152587893,0.016328429492811363,101508.4072265625,4.017678438935348,299.31097375849885,393.2287368774414,998.7013804117838,0.05040000009466894,24
Deal Lake,2017-08-05,24.097088114420597,0.015269871063840887,101059.93001302083,3.877978072084952,279.9453438123067,394.25165939331055,613.2426954905192,6.979999851435423,24
Deal Lake,2017-08-06,21.205416615804058,0.010944262496195734,101511.369140625,4.4155040324078785,270.13842964172363,340.5420748392741,8.976000626881918,0.0,24
Deal Lake,2017-08-07,19.9299992879232,0.012599520928536853,101573.5888671875,3.397753277628462,105.37850602467854,382.27415974934894,9.544000438104073,5.946799878031015,24
Deal Lake,2017-08-08,21.635413106282574,0.013520450176050266,101146.94173177083,2.6246954459098237,233.32467555999756,389.16749572753906,32.386668180425964,0.6400000005960464,24
Deal Lake,2017-08-09,22.281242624918644,0.012615037655147413,101842.65625,1.9515032849130778,325.142515818278,345.2787437438965,16.490667392810185,0.0,24
Deal Lake,2017-08-10,21.965411122639996,0.013192775077186525,102109.75911458333,1.7286206756413065,321.7696367899577,342.61499786376953,11.242667009433111,0.0,24
Deal Lake,2017-09-21,22.644170379638695,0.01371747519200047,101309.49544270833,4.1616246419313745,217.54242706298828,377.89581934611004,18.272000789642334,0.0,24
Deal Lake,2017-09-22,20.934167480468773,0.011821216826016704,101419.00618489583,5.451937039421236,161.83350904782614,371.3216603597005,0.0,0.10799999535083771,24
Deal Lake,2017-09-23,22.307916259765648,0.012474404298700392,101361.10481770833,4.337965031358348,229.42467510700226,388.32873916625977,0.0,0.21399999409914017,24
Deal Lake,2017-09-24,22.416665649414085,0.012509358542350432,101537.7568359375,2.061886494382001,234.69325892130533,356.7729123433431,0.0,0.1963999941945076,24
Deal Lake,2017-09-25,22.191669718424503,0.013716070990388593,101512.94856770833,2.2837170753091134,230.49384490648904,368.2724914550781,4.482666835188866,0.17919999628793448,24
Deal Lake,2017-09-26,21.200830078125023,0.013732945973364016,101499.275390625,2.666842513015449,208.64830072720846,366.52791086832684,0.904000016550223,0.052399998530745506,24
Deal Lake,2017-09-27,22.380003865559917,0.0149147460081925,101022.10546875,4.330847215972555,216.56034517288208,386.97748947143555,138.9200058877468,0.21199999505188316,24
Deal Lake,2017-09-28,21.932912445068382,0.012992995946357647,100567.74055989583,5.077164564259152,230.21188580989838,357.7083269755046,24.434668093919754,0.0,24
Deal Lake,2017-09-29,15.515827433268251,0.0072418334311805665,101432.68424479167,3.64361790293095,219.32734183470407,306.5812530517578,0.0,0.0,24
Deal Lake,2017-09-30,16.47041473388674,0.007911358455506464,101685.33072916667,4.307423461317232,204.9250501791636,336.03749084472656,24.89600125948588,1.2823999607935548,24
Deal Lake,2017-10-01,15.17874933878583,0.007742845899580668,102475.9443359375,3.555384769142158,225.12301242351532,326.29291280110675,5.400000275423129,0.19839999079704285,24
Deal Lake,2017-10-02,15.276664988199892,0.007091600118049731,102577.40494791667,2.6134208176175933,227.9068439801534,290.44290924072266,0.0,0.5029999911785126,24
Deal Lake,2017-10-03,16.27958450317385,0.008354062621947378,103206.8876953125,2.9492686325602873,199.31209288040796,312.1987419128418,4.154666880766551,0.0,24
Deal Lake,2017-10-04,16.615836079915386,0.00915424176491797,102810.05240885417,3.6246735395681395,220.18351344267526,305.8824882507324,0.0,0.03680000081658363,24
Deal Lake,2018-06-26,19.664576466878277,0.010847295906084279,102008.05436197917,2.949582681717142,356.9270606835683,324.4291585286458,9.320000439882278,0.0,24
Deal Lake,2018-06-27,20.520417785644554,0.013165525199534992,101648.2021484375,5.03006725299254,256.14809624354046,355.7637481689453,21.22400124867757,0.0,24
Deal Lake,2018-06-28,22.79000116984052,0.015256729520236453,100804.44986979167,4.67289750384306,254.48380573590597,404.03082784016925,751.6800321340561,9.041199993342161,24
Deal Lake,2018-06-29,24.582081095377628,0.015408562573914727,101053.98600260417,2.6336284780835655,346.70772584279376,385.9908281962077,575.9066938956579,0.383200004696846,24
Deal Lake,2018-06-30,25.195410664876324,0.015195408564371368,101426.64876302083,2.5874512929041713,347.87451227506,374.0620752970378,297.002681504935,0.0,24
Deal Lake,2018-07-01,25.96208470662437,0.01643199190342178,101413.72395833333,2.8018667562963917,333.38151383399963,384.3829091389974,1315.2400716145833,0.0,24
Deal Lake,2018-07-02,26.373751576741558,0.017115437774918973,101518.623046875,2.3092273700748147,344.97026896476746,388.8787434895833,1467.6853942871094,0.0,24
Deal Lake,2018-07-05,25.80583470662437,0.01787397521547973,102263.52311197917,3.481198715920866,323.23468049367267,405.9870745340983,1379.7760798136394,0.12279999628663063,24
Deal Lake,2018-07-06,25.798332468668644,0.017774908415352304,101617.55924479167,4.779775751405086,207.2578022480011,421.46749114990234,1030.9680442810059,13.757199652493,24
Deal Lake,2018-07-07,20.96124674479169,0.010942541683713594,102149.39876302083,5.174772844787047,354.0991810162862,326.1949933369954,12.242667039235434,0.0,24
Deal Lake,2018-07-08,20.224580383300804,0.010072141808147231,102483.72330729167,2.3005802511490425,354.8859364191691,319.55499267578125,0.0,0.0,24
Deal Lake,2018-07-09,21.11499430338544,0.011104333486097554,102066.203125,2.871454033018838,352.05906351407367,327.94249471028644,0.0,0.0,24
Deal Lake,2018-07-10,22.436251576741558,0.012941379332914948,101283.67513020833,3.682106610069337,347.4143096605937,348.60415903727215,83.03733825683594,0.0,24
Deal Lake,2018-07-11,24.19583663940432,0.014767766852552692,101070.31087239583,3.0608408093045334,324.4045563538869,377.0899950663249,638.5226974487305,0.0,24
Deal Lake,2018-09-12,23.48374455769859,0.01621437103797992,101997.76497395833,2.5871540364385033,178.5677988131841,411.8249931335449,331.1786823272705,0.9167999775381759,24
Deal Lake,2018-09-13,22.07083918253583,0.015064487660614153,102154.20735677083,4.845239156446673,173.18346710999808,396.36499404907227,70.71733715136845,0.08859999873675406,24
Deal Lake,2018-09-14,21.910840606689476,0.014841408507588008,102069.97526041667,4.740567190758091,164.693838874499,400.36749267578125,32.837334687511124,7.315599769353867,24
Deal Lake,2018-09-15,21.59792226155601,0.014508408416683475,102000.52669270833,2.377878138033634,180.41717437903085,395.6849937438965,0.9280000329017639,0.0,24
Deal Lake,2018-09-16,21.62291997273765,0.013989316842829188,102001.04361979167,1.2937949292787134,251.40309406320253,357.9762420654297,22.2133345802625,0.4439999866299331,24
Deal Lake,2018-09-17,22.53458429972333,0.015062629361636937,101793.5302734375,2.739660007808878,200.45988527933756,373.8549919128418,150.8133396729827,0.0019999999494757503,24
Deal Lake,2018-09-18,23.49958190917971,0.016532416843498748,100809.20149739583,3.5628869442058018,132.19821500778198,414.43665440877277,188.02667578061423,6.185599765740335,24
Deal Lake,2018-10-12,18.959995524088566,0.011995154335939636,100007.529296875,5.812522185622345,203.90463320414224,354.7220764160156,105.12800371646881,57.92139770113863,24
Deal Lake,2018-10-13,10.767500813802107,0.006450029245267312,100854.4013671875,4.18033980694969,96.07683817545573,307.8999938964844,5.37066696708401,1.4829999164212495,24
Deal Lake,2018-10-14,11.025412495931013,0.006060029244205604,101937.36979166667,3.2535922790742338,134.91287954648337,296.5862464904785,0.0,0.0,24
Deal Lake,2018-10-15,15.571247355143251,0.009910483475929746,101694.42838541667,4.700729107826425,64.60429445902507,363.257074991862,12.154667263229689,2.6795999109745026,24
Deal Lake,2018-10-16,14.652918752034529,0.007897562599585703,101500.57063802083,5.5853771741295475,189.54580148061117,324.9970766703288,48.733335770356156,0.8856000006198883,24
Deal Lake,2018-10-17,11.98291676839195,0.006392608435514073,101382.55533854167,6.182531989189627,193.33434224128723,284.20624923706055,6.968000307679176,0.0,24
Deal Lake,2018-10-18,7.905007934570335,0.0044310291996225715,102203.80013020833,7.1613894053792535,140.8032989501953,304.6262435913086,21.458667675654095,0.0,24
Deal Lake,2019-09-11,23.063343302408878,0.014811754420710107,102050.25520833333,4.137310718386171,257.50271979967755,378.1937446594238,504.95736145973206,0.0,24
Deal Lake,2019-09-12,24.075415547688824,0.016161991904179256,101577.13671875,3.2951005776744657,175.152592142423,407.94873809814453,1104.682719707489,0.0,24
Deal Lake,2019-09-13,19.238334910074894,0.010716183460317552,102558.21158854167,6.872387521952585,257.57105231285095,362.88624572753906,3.7440000772476196,0.0,24
Deal Lake,2019-09-14,19.62249908447268,0.011804025038145483,102425.36555989583,3.766503980672159,104.22325418392818,366.82290776570636,0.0,0.0,24
Deal Lake,2019-09-15,23.0479192097982,0.01447258765498797,101877.17903645833,2.6068966131866267,251.11897114912668,388.4037437438965,136.9120070139567,0.0,24
Deal Lake,2019-09-16,21.41125005086265,0.012293716776184738,101508.34016927083,1.5853040277834365,182.66025708119074,367.67249298095703,9.386667024344206,0.0,24
Deal Lake,2019-09-17,20.32208404541018,0.010769721081790825,101644.21614583333,3.556867711860398,256.04067818323773,344.09999084472656,2.8266667127609253,0.0,24
Deal Lake,2019-09-20,16.51125361124677,0.007842754266069582,102258.728515625,3.761467082146908,252.4406779607137,296.10791015625,0.0,0.0,24
Deal Lake,2019-09-21,18.962082163492862,0.009886246058158576,102079.84375,3.4556497136297626,248.08534606297812,320.3258247375488,0.0,0.0,24
Deal Lake,2019-09-22,21.13708902994794,0.012680166827825209,101873.63509114583,2.806562856511853,240.22542961438498,347.5562438964844,2.240000049273173,0.0,24
Deal Lake,2019-09-23,23.349993642171246,0.013950204360298812,101125.775390625,5.0049095771660115,234.70401175816855,373.4320755004883,8.448000510533651,0.0,24
Deal Lake,2019-09-24,21.78666458129885,0.011983841774053872,100629.98372395833,4.813283821612801,240.07901088396707,354.8249931335449,54.1546685496966,0.0,24
Deal Lake,2019-09-25,19.544587707519554,0.009813966734024385,100981.9873046875,3.2038878048194737,239.34780343373617,333.00123596191406,1.1440000335375469,0.0,24
Deal Lake,2019-09-26,20.83417154947919,0.012120812626866003,100777.93522135417,3.820570698422939,221.473219871521,347.09582392374676,31.056001504262287,0.0,24
Deal Lake,2019-09-27,18.846250152587913,0.009205037572731575,101560.333984375,3.244450905813729,237.68038519223532,312.6104100545247,2.62933349609375,0.0,24
Deal Lake,2019-09-28,20.23499959309898,0.01229734590742737,101755.14713541667,3.15810391861084,178.66296792030334,357.57457733154297,313.06401602427167,0.0,24
Deal Lake,2019-09-29,22.275830841064476,0.013710796056936184,101908.71875,3.5217604901663364,225.3128024339676,370.63249588012695,498.5413564840953,0.0,24
Deal Lake,2019-09-30,18.637085215250675,0.010489716854256889,102287.8310546875,3.833749268855445,130.9168818394343,360.86499404907227,0.0,0.0,24
Deal Lake,2019-10-01,20.347505187988304,0.01130871680409958,101779.80403645833,3.9647207639355138,175.4629650314649,394.6233266194661,5.40000023941199,0.0,24
Deal Lake,2019-10-04,18.67207997639976,0.010549375166495642,101452.45475260417,5.156058481456275,212.17850732803345,351.92624282836914,0.9360000205536684,0.0,24
Deal Lake,2019-10-05,12.212495422363304,0.005954920876926432,102656.23958333333,4.620400362846492,223.06955143312612,272.0933329264323,0.0,0.0,24
Deal Lake,2019-10-06,16.336667633056663,0.009381541788267592,102445.38997395833,5.142068177821504,94.03587969144185,356.4520746866862,6.786666930963595,0.0,24
Deal Lake,2019-10-07,21.066248830159527,0.012827316764742136,101927.53515625,6.226745158167383,127.3489244778951,403.5049934387207,55.20533627271652,0.0,24
Deal Lake,2019-10-08,17.452080027262394,0.010642262641340494,101991.88932291667,5.77831142721181,52.127752463022865,385.4074935913086,42.328002616763115,0.0,24
Deal Lake,2019-10-09,14.997497812906923,0.008955504279583693,102059.5166015625,7.89178296375606,31.217876474062603,375.82373809814453,0.0,0.00039999998989515007,24
Deal Lake,2019-10-10,14.280416107177757,0.008031362609472126,102073.97395833333,8.288984864487388,71.408127784729,369.9862365722656,1.0640000303586323,0.0,24
Deal Lake,2019-10-11,14.276245371500673,0.00778589176479727,101717.583984375,8.071999118785659,80.4140887260437,366.32082239786786,0.0,0.0,24
Deal Lake,2019-10-12,15.251671091715517,0.008562341681681573,101335.26692708333,4.130864029008622,173.6668437321981,358.71124267578125,0.0,0.0,24
Deal Lake,2019-10-13,15.90833435058596,0.008095666882582009,101507.26888020833,2.7795271535260504,158.17346493403116,339.4074897766113,0.0,0.0,24
Deal Lake,2019-10-14,16.90708440144859,0.008977700063648323,101323.71061197917,2.6442561908568303,183.3609701792399,354.288324991862,0.0,0.0,24
Deal Lake,2019-10-15,13.567091878255232,0.006187820923514664,101740.46321614583,2.8150585502457024,198.31117598215738,283.8562431335449,0.0,0.0,24
Deal Lake,2019-10-16,15.239172871907575,0.008878895857681831,100938.52571614583,6.0752273126665175,129.35275689760843,324.73249435424805,42.746667404969536,0.00099999996018596,24
Deal Lake,2019-10-17,13.538757578531923,0.007556100046106924,99266.23665364583,11.140864553313763,123.67992305755615,326.1687469482422,5.850666880607605,0.00019999999494757503,24
Deal Lake,2019-10-18,12.122501627604189,0.006053145897264282,100626.2265625,7.173734932291239,183.539422194163,309.32373809814453,0.0,0.0,24
Deal Lake,2019-10-19,10.532498931884788,0.005541862590083231,101501.7197265625,3.493615869014629,192.38684328397116,277.4345760345459,0.0,0.0,24
Deal Lake,2019-10-20,12.554172770182314,0.007491287542507052,101414.34440104167,2.454866075772424,51.99625207980474,325.612491607666,0.0,0.0,24
Deal Lake,2019-10-21,15.016248321533226,0.008873058521809677,101413.37239583333,5.446523182305422,175.33980178833008,349.90999603271484,0.0,0.0,24
Deal Lake,2019-10-22,15.132077789306663,0.009623150147187213,101450.94694010417,4.247940436874606,118.17821251352628,342.33374404907227,0.0,0.26039999164640903,24
Deal Lake,2020-07-07,23.881658172607445,0.016024383522259694,101665.08984375,3.644911841395818,331.9432261784871,386.0562324523926,618.4933598836263,0.03519999980926514,24
Deal Lake,2020-07-08,24.8966626485189,0.01693525444716215,101457.662109375,3.6083895524848018,318.520015557607,395.79165776570636,780.3173700968424,0.054399998334702104,24
Deal Lake,2020-07-09,25.272079722086612,0.017227596137672663,101280.45182291667,2.701635315208991,338.37701416015625,392.6699918111165,699.096025466919,0.10279999941121787,24
Deal Lake,2020-07-10,24.252918497721378,0.01739562931470573,101000.97786458333,5.320799203561063,164.12204893430075,405.5308214823405,260.432012240092,49.153198439627886,24
Deal Lake,2020-07-11,24.65915959676109,0.017432512637848657,100383.00846354167,4.553166316325371,286.9262621800105,412.7820701599121,947.1280445655187,0.42519999656360596,24
Deal Lake,2020-07-12,24.799995676676456,0.015455454316300651,100439.94596354167,4.38424261642759,338.63147409756976,384.43249130249023,387.2186886246006,0.3939999835565686,24
Deal Lake,2020-07-13,24.693335469563824,0.01520942923768113,100634.515625,3.2402407598174534,318.0136365890503,384.39499282836914,513.9306920369467,0.0,24
Deal Lake,2020-07-14,23.85791422526044,0.01349002099595964,101080.83138020833,3.141445532663018,340.40868671735126,363.4129155476888,307.1413459777832,0.0,24
Deal Lake,2020-07-15,24.27500178019208,0.014499683398753405,101799.31705729167,3.1357248091369194,331.31534337997437,385.6999931335449,94.4133373896281,0.0,24
Deal Lake,2020-07-16,22.014580027262394,0.01369501258401821,102239.2431640625,4.298404602574554,338.11622683207196,356.20666249593097,5.8480002383391065,0.0,24
Deal Lake,2020-07-17,22.7458320617676,0.01509315442914764,101883.27311197917,4.090969498172851,205.00492791334787,401.25915908813477,347.43468842903775,0.0033999999868683517,24
Deal Lake,2020-07-18,26.03749745686851,0.017916183375443023,101508.56803385417,1.997914215170154,325.6992617448171,410.6679051717122,1780.773417154948,0.0,24
Deal Lake,2020-07-19,26.06583429972333,0.01721713354345411,101236.78873697917,3.893794288659254,335.6515594323476,380.62249247233075,741.8160349527994,0.0,24
Deal Lake,2020-07-20,27.59916458129885,0.018282091865936916,100890.66276041667,4.007073642413352,324.506014585495,412.6558265686035,1448.5840606689453,0.0,24
Deal Lake,2020-07-21,27.3774976094564,0.01662714177897821,101248.13248697917,2.4647338149833056,329.6077651977539,395.4120750427246,542.6053529878458,0.0,24
Deal Lake,2020-07-22,27.442502593994163,0.01832049588362376,101381.18229166667,2.3479971419180763,281.2989294528961,418.9287414550781,1358.2640558878581,0.35599998012185097,24
Deal Lake,2020-07-23,27.381668345133487,0.019219712742293876,101410.50748697917,3.234194434754602,205.90034186840057,429.98999404907227,1848.946762084961,4.606399898824748,24
Deal Lake,2020-07-24,26.637082672119163,0.018272629318137962,101530.50227864583,1.9718503768910136,182.34963341554007,429.1283238728841,1466.749402364095,56.51839963532984,24
Deal Lake,2020-07-25,25.747917429606144,0.016976266788939636,101627.23795572917,2.3702884225440615,326.7285137573878,395.7029088338216,834.533374786377,0.0,24
Deal Lake,2020-07-26,26.85916671752932,0.017840575193986297,101423.67740885417,4.595581584645761,314.37314081192017,405.8320795694987,525.3413645426432,0.012000000104308128,24
Deal Lake,2020-07-27,27.049998219807964,0.017300479346886277,100899.53580729167,4.45621451104414,330.34276580810547,384.94958114624023,306.76268163447577,0.0,24
Deal Lake,2020-07-31,25.676669057210308,0.017569700100769598,100718.59895833333,2.75908498834804,178.46034065882364,418.61749267578125,774.4373613993326,5.066399828938302,24
Deal Lake,2020-08-01,25.413751220703148,0.01619297933454315,101017.91861979167,1.5368219693391494,319.34959648052853,397.1504096984863,105.50933837890625,0.0,24
Deal Lake,2020-08-02,26.13874969482424,0.018171679383764665,101118.0185546875,4.589833591077426,255.95984707276025,409.9912414550781,1167.7867221832275,0.0,24
Deal Lake,2020-08-03,26.408746337890648,0.01706299197394401,101263.83821614583,3.956743632665083,280.46534566084546,403.3904113769531,802.704029083252,0.001999999862164259,24
Deal Lake,2020-08-04,25.12083714803062,0.017750766904403765,100996.98046875,6.8973636651269645,174.45229939122996,415.9937438964844,734.5306956321001,11.802399667794816,24
Deal Lake,2020-08-05,24.537493642171246,0.015359500151438018,101298.47200520833,2.9815418967546123,320.05972480773926,386.9070790608724,389.9733533213536,0.0,24
Deal Lake,2020-08-06,24.057922617594425,0.015104129328392446,101584.21647135417,2.7787037019063052,261.6896785100301,399.862491607666,152.74400782585144,0.49279999308055267,24
Deal Lake,2020-08-07,22.400416310628277,0.01443028764333576,101696.61067708333,3.2994154556294304,264.0056400299072,385.1254132588704,123.75733995437622,2.797599917743355,24
Deal Lake,2020-08-08,22.633748626709007,0.015017850091680884,101826.85872395833,2.4364829039830886,238.38488547007242,393.85499572753906,454.8960215250651,2.4507998680346645,24
Deal Lake,2020-08-09,23.409169769287132,0.015307300297232965,101742.90787760417,2.292897035964524,301.3163096110026,381.2687454223633,665.0400396982828,0.0011999999405816197,24
Deal Lake,2020-08-10,25.5075024922689,0.01708256274772187,101484.95052083333,3.3991779850996195,299.43601512908936,415.29583231608075,1632.5174102783203,0.0,24
Deal Lake,2020-08-11,25.277505493164085,0.01722432083139817,101267.6396484375,3.852873985786815,310.2351007461548,398.8120752970378,1283.8853912353516,0.08159999921917915,24
Deal Lake,2020-08-12,25.593747711181663,0.01777696671585242,101367.689453125,3.0578661499763116,202.33647092183432,422.27040990193683,1593.7147369384766,11.213599644834176,24
Deal Lake,2020-08-13,25.29999694824221,0.01698555440331499,101602.453125,1.7087036700783063,251.35567792256674,404.28332773844403,1037.1173756917317,0.6783999920589849,24
Deal Lake,2020-09-05,22.0387524922689,0.010908937624966105,101743.20540364583,3.000197940786297,281.49038457870483,339.8324940999349,0.0,0.0,24
Deal Lake,2020-09-06,20.970835622151714,0.010857070873801907,101986.37109375,2.810161199684922,275.1042245229085,339.3974914550781,30.22933478280902,0.0,24
Deal Lake,2020-09-07,21.985831197102886,0.01354610015793393,101703.08626302083,3.553072764237507,266.3619677225749,350.3429069519043,75.61067040761311,0.0,24
Deal Lake,2020-09-08,22.730418141682964,0.014846916814955572,101775.0546875,2.732754014010436,266.558806737264,361.40540822347003,94.03467060253024,0.0,24
Deal Lake,2020-09-09,23.066248830159527,0.015449229395017028,102183.89680989583,3.4760890436160046,201.35000975926718,381.32498931884766,127.49600644906361,0.010799999348819256,24
Deal Lake,2020-09-10,24.099163309733097,0.016773787637551624,102154.12825520833,2.0683264257494813,101.46108730634053,425.1912422180176,177.11467472712198,5.47399989515543,24
Deal Lake,2020-09-11,23.390828704834007,0.015421016840264201,101808.40885416667,3.409570993061319,220.2590517203013,405.3787422180176,24.437334338823955,0.37559998661163263,24
Deal Lake,2020-10-16,17.112917836507183,0.0114181834893922,101404.640625,3.8268987731829296,49.57162747780482,370.93332544962567,13.557334036876759,25.88659954816103,24
Deal Lake,2020-10-17,11.613329823811872,0.0060580459151727455,102122.9091796875,5.236388509298979,197.1405942440033,304.29874420166016,0.31733334561189014,10.363899823278189,24
Deal Lake,2020-10-18,12.85666173299156,0.006048162584193051,102793.26627604167,3.0451704877426615,165.91267506281534,285.6604118347168,1.9786667724450429,0.0,24
Deal Lake,2020-10-19,16.22500381469729,0.010083791799843311,102439.7978515625,3.3587085928287093,148.3672555287679,340.13666280110675,23.498667518297832,0.0,24
Deal Lake,2020-10-20,17.886657969156925,0.011629912614201507,102139.04752604167,2.4093631191354183,125.14238087336223,368.56124114990234,29.741334577401478,6.843199956667377,24
Deal Lake,2020-10-21,17.998328145345074,0.011630350180591146,102231.94694010417,2.8585292277822476,156.5057129661242,344.98790486653644,83.97067006429036,0.0007999999797903001,24
Deal Lake,2020-10-22,18.410410817464214,0.012026121063778797,102131.91536458333,2.117052945225232,173.667299191157,346.297913869222,110.61067309975624,0.0,24
Deal Lake,2024-10-15,9.285414632161482,0.004803954157978296,100926.05859375,5.494304486313095,161.60916646321616,276.2387447357178,2.6370833218097687,0.0,24
Deal Lake,2024-10-16,9.637080128987654,0.004796291682093094,101325.38704427083,5.264070664872553,177.005335410436,278.334997177124,1.7016666928927104,0.0,24
Deal Lake,2024-10-17,11.535001373291038,0.005452125042211264,102003.81705729167,4.2361852599310135,167.05025029182434,312.6204198201497,1.4766666690508525,0.0,24
Deal Lake,2024-10-18,12.0549992879232,0.005603504173147182,102524.16634114583,3.818600623223613,191.87745785713196,271.6062469482422,0.0,0.0,24
Deal Lake,2024-10-19,13.840837097167991,0.006678370797696213,103001.54654947917,1.4356700398444737,188.0908329884211,282.75582758585614,0.0,0.0,24
Deal Lake,2024-10-20,13.679582214355491,0.007094904140103608,102477.48697916667,2.5379100721237093,186.98558481534323,282.3937517801921,0.0,0.0,24
Deal Lake,2024-10-21,14.997912343343122,0.006952841649763286,102010.6796875,2.911056197776487,182.2604589263598,291.0750045776367,0.0,0.0,24
Deal Lake,2024-10-24,16.660418446858746,0.008930345939006656,101005.908203125,4.3652194809174025,163.77008310953775,321.0295817057292,4.782499998807907,0.0,24
Deal Lake,2024-10-25,12.26291681925458,0.005888575008915116,101645.4873046875,3.8287656109739587,178.10291608174643,274.92458216349286,0.0,0.0,24
Deal Lake,2024-10-26,13.694581604003929,0.005969537480268627,101632.5947265625,5.210865073693366,157.49804147084555,315.70583470662433,0.0,0.0,24
Deal Lake,2024-10-27,10.573331451416038,0.004086679158111413,102512.58333333333,3.713842798862968,175.89912605285645,253.68124961853027,0.0,0.0,24
Deal Lake,2024-10-28,10.22416712443036,0.004467133287107572,102678.01627604167,2.6883007718957774,155.30700174967447,281.7950019836426,0.0,0.0,24
Deal Lake,2024-10-29,14.327083841959658,0.008295525001206746,102803.45768229167,4.34366312420402,152.85858472188315,322.1637471516927,41.03250031173229,0.0,24
Deal Lake,2024-10-30,16.407500203450542,0.0094113708473742,102470.1162109375,3.551821066624669,159.20808219909668,339.65499114990234,1.9679166687031586,0.0,24
Echo Lake,2015-06-03,13.342081960042341,0.00848321676797544,98750.01432291667,2.8665779894293664,314.58922537167865,320.4708251953125,0.7280000448226929,0.15519998967647552,24
Echo Lake,2015-06-04,12.814164733886741,0.008124370942823589,98877.74446614583,3.4015283642458543,214.60309267044067,317.76707458496094,0.0,0.0,24
Echo Lake,2015-06-05,14.141665395100935,0.009512591757811606,98502.89778645833,1.5604778480783053,123.18158745765686,373.110408782959,0.056000002970298134,0.5841999854892492,24
Echo Lake,2015-06-06,18.111665344238304,0.011029704318692287,97941.85579427083,3.097080693740109,259.1383495728175,369.5958251953125,272.5146789550781,4.819599844748154,24
Echo Lake,2015-06-07,15.51291681925458,0.008147304276159653,98575.07291666667,3.6532771557806947,279.81076018015546,310.7316589355469,2.2480001052220664,0.0,24
Echo Lake,2015-06-08,17.567085520426456,0.011291466769762337,98077.52180989583,5.944201604433207,267.9901799360911,351.08916091918945,231.71734174092612,3.7823998294770718,24
Echo Lake,2015-06-09,21.584587351481144,0.01369526683508108,97249.21158854167,5.8790244219334165,248.58288701375326,391.9483273824056,396.12801933288574,11.049999495211523,24
Echo Lake,2016-07-07,25.96249923706057,0.016789162686715525,97558.45930989583,2.6877249317886283,263.75692931811017,398.95707575480145,1235.2827224731445,0.7927999906241894,24
Echo Lake,2016-07-08,25.19791183471682,0.0158887126793464,97582.03743489583,2.2857163541277834,265.41659394900006,399.3949915568034,556.3813533782959,13.346799939870834,24
Echo Lake,2016-07-09,21.741245524088566,0.014943554376562437,97670.23307291667,3.951955100744534,190.9067599773407,395.6216570536296,287.81067823370296,1.8091999655589461,24
Echo Lake,2016-07-10,20.258748626709007,0.012238004361279309,97759.7548828125,3.394853215630557,245.78055119514465,379.83165740966797,81.19200376669566,16.67839965876192,24
Echo Lake,2016-07-11,20.030828094482445,0.011138179300663372,98355.90071614583,2.854340498390289,308.7712225119273,355.22832616170246,9.3013336956501,0.0,24
Echo Lake,2016-07-12,21.549170430501324,0.01048571263284733,98508.06087239583,3.234074239608845,327.50459480285645,335.0720723470052,0.14400000497698784,0.0,24
Echo Lake,2016-07-13,22.5445864359538,0.013452420903680226,98381.0595703125,4.190799195766711,229.93976203600565,391.33415603637695,191.837340871493,0.0,24
Echo Lake,2016-09-21,22.153746541341167,0.010674858504595855,98697.0361328125,3.0500006241637805,217.62626012166342,337.4379081726074,67.72266997893651,0.0,24
Echo Lake,2016-09-22,21.28500137329104,0.007665433513466269,98679.77799479167,1.7839609299994226,222.2761340936025,320.8199946085612,0.0,0.0,24
Echo Lake,2016-09-23,20.609998321533226,0.009298604214563966,98333.05110677083,2.5665899672641816,170.00384076436362,339.0083312988281,24.192001124223072,0.0,24
Echo Lake,2016-09-24,17.750000254313175,0.009720195919120064,98413.24674479167,3.1243322310708996,130.32629871368408,367.2466557820638,12.093333875139555,7.42799982521683,24
Echo Lake,2016-09-25,12.23666915893557,0.00511559172688673,98712.26725260417,3.361325715376546,221.93646709124246,279.39874776204425,0.0,0.0,24
Echo Lake,2016-09-26,13.722922261556013,0.005270237529960771,98630.54166666667,3.423430914843245,203.92000877857208,291.83249282836914,0.0,0.0,24
Echo Lake,2016-09-27,18.1954170227051,0.009523262619040906,97963.95475260417,4.159496714975667,202.78913495937982,352.7237408955892,0.0,4.596800018334761,24
Echo Lake,2017-04-20,10.962084706624372,0.007479166786652058,98532.130859375,2.875967237421697,162.40884280204773,354.3795750935872,0.4800000290075938,1.6037999206455424,24
Echo Lake,2017-04-21,12.562086995442732,0.008554237545467913,97962.26497395833,4.444316785886327,198.98129876454672,352.1241620381673,0.30666669209798175,11.264799805692746,24
Echo Lake,2017-04-22,10.912920888264997,0.00743388757109642,97923.91927083333,3.2035643066284933,90.21075344085693,338.7041613260905,3.682666818300883,1.9741999244870385,24
Echo Lake,2017-04-23,9.01084162394208,0.005275908353117605,98280.890625,3.158977527699459,302.16255410512287,269.51499621073407,1.9880000948905945,0.0,24
Echo Lake,2017-04-24,11.128750101725283,0.006118270878990491,98503.32552083333,3.636676643668085,247.92780780792236,282.535826365153,0.0,0.05920000001788139,24
Echo Lake,2017-04-25,10.284576670328798,0.0071126250744176405,98329.78841145833,7.0764528789243215,84.76571242014568,351.15415954589844,0.6560000330209732,7.941599765792489,24
Echo Lake,2017-04-26,14.389157867431663,0.009782212631156048,97472.15071614583,4.978794159181634,113.47667217254639,377.5662422180176,7.165333648522695,11.214799523499096,24
Echo Lake,2017-05-24,14.231663004557314,0.008674829344575604,97397.9052734375,3.7182742462390412,202.42767731348673,334.50207392374676,0.2186666758110126,0.006999999837717041,24
Echo Lake,2017-05-25,12.437919871012392,0.008554508463324359,97163.51399739583,5.970488042723601,149.9060481786728,354.88666280110675,10.386667172114054,13.53859957001987,24
Echo Lake,2017-05-26,15.514160410563173,0.00967318758678933,96791.517578125,4.6981085998892125,241.67872341473898,355.49416097005206,25.701334264750283,15.024799772538245,24
Echo Lake,2017-05-27,15.965825653076195,0.009509891814862689,97662.91373697917,2.4804198237037043,183.36259162425995,360.5795733133952,11.381333938489357,0.0,24
Echo Lake,2017-05-28,16.553329722086612,0.010741975197258094,97828.49055989583,3.607346435122965,184.5599671204885,373.1829083760579,10.74933385848999,0.0,24
Echo Lake,2017-05-29,13.087915039062523,0.00916287504757444,97923.69889322917,3.999050085998327,97.07783889770508,364.10332616170246,0.10400000338753064,6.091799817979336,24
Echo Lake,2017-05-30,13.023334757487001,0.008985591761302203,98525.36848958333,3.9964109253547604,151.2500475247701,338.7058270772298,0.19733333960175514,0.5587999828858301,24
Echo Lake,2017-05-31,16.341246541341167,0.010429979301989079,98200.43977864583,3.2695039319937798,269.65013813972473,349.6333236694336,512.6053625941277,2.1641998815903207,24
Echo Lake,2017-06-01,17.648333485921246,0.00937348761362955,97991.71516927083,4.187190825415504,308.8608028093974,319.2062390645345,225.0773454507192,0.4407999894756358,24
Echo Lake,2017-06-02,16.28291982014976,0.007931966780840108,98006.068359375,4.543070823204402,270.7955520947774,324.57166290283203,156.19200825691223,0.0,24
Echo Lake,2017-06-03,13.411251322428408,0.0064758833808203535,98100.59928385417,4.470569588455988,310.56710028648376,291.3824920654297,53.23466956615448,0.019599998835474253,24
Echo Lake,2017-06-04,13.268333689371767,0.007386829315995176,98136.34212239583,2.3275792013354453,157.34504834810892,317.0566584269206,0.31200000643730164,3.117199940374121,24
Echo Lake,2017-06-05,17.996676381429058,0.011620995937846601,97416.16373697917,2.257104420170333,250.28509469827017,368.1758219401042,472.3546880682309,0.607199982739985,24
Echo Lake,2017-06-06,14.383335367838564,0.009947012605456015,97394.869140625,3.0591818936286814,141.97588125864664,359.8937390645345,37.63733573320011,8.267599732615054,24
Echo Lake,2017-06-07,11.940421040852888,0.007444783463142812,97962.68359375,3.0446896852754244,269.00138608614606,331.9662437438965,12.605334088827172,0.11840000003576279,24
Echo Lake,2017-06-08,15.775004323323591,0.008091066789347678,98094.58430989583,2.894097312834004,324.9695158799489,309.5266596476237,1.752000102152427,0.0,24
Echo Lake,2017-06-09,16.10542195638023,0.008629283460322767,97514.08756510417,3.3389595471043383,288.03763659795123,320.49082310994464,217.32534186045328,0.0,24
Echo Lake,2017-06-10,19.302911376953148,0.009905637591145933,97993.681640625,4.9595414973304175,287.04438702265423,337.7395731608073,185.85334134101868,0.0,24
Echo Lake,2017-06-11,22.9891665140788,0.013192499987781048,98360.84895833333,5.1258670260996055,328.60426417986554,354.0349922180176,296.77868047356606,0.0,24
Echo Lake,2017-06-12,24.208753204345726,0.015064879359366993,98226.14192708333,3.6777108554591584,328.5488081773122,359.40415954589844,969.3387262423834,0.0,24
Echo Lake,2017-07-05,22.23958485921226,0.012362620987308523,98696.95377604167,3.3200846428603072,329.4553078810374,356.0687421162923,87.90133810043335,0.0,24
Echo Lake,2017-07-06,20.615003204345726,0.01201283345775058,98620.46158854167,3.461886814470477,240.67730840047201,365.1829096476237,3.312000147998333,0.0,24
Echo Lake,2017-07-07,20.101247406005882,0.013528425168866912,97744.9765625,2.47333870236177,192.983509461085,393.9987424214681,109.54667222499847,58.43599786609411,24
Echo Lake,2017-07-08,22.57166951497398,0.01380387096044918,97439.25260416667,3.78384955096725,262.8533893426259,376.0529073079427,414.65335432688397,17.91399946063757,24
Echo Lake,2017-07-09,19.12500661214195,0.009955462572785715,98030.94173177083,3.796540584326292,334.42759561538696,322.26499430338544,13.440000851949057,0.0,24
Echo Lake,2017-07-10,20.761668141682964,0.01091421686578542,98306.544921875,4.305352414605671,325.0666403770447,340.1074918111165,112.46667031447093,0.49039998318767175,24
Echo Lake,2017-07-11,23.853749847412132,0.015022571082226932,98023.03352864583,4.281590057037285,295.6102617581685,392.60665766398114,809.9360364278158,3.2387998439371586,24
Echo Lake,2017-07-12,24.605419413248722,0.014705604175105691,98144.51399739583,3.758365060530229,248.4156760374705,388.75165939331055,630.1386941274008,2.164399945322657,24
Echo Lake,2017-07-13,24.94291966756187,0.015468250184009472,98248.26822916667,2.8586717299669857,229.98434297243753,395.7970733642578,885.8587106068929,0.4783999875653535,24
Echo Lake,2017-07-14,22.18083470662437,0.01528487098403275,98388.29622395833,2.7954314187454847,164.9224639336268,407.7562395731608,171.7146724065145,29.780399674898945,24
Echo Lake,2017-07-15,21.835415140787784,0.013683300232514739,98091.96484375,3.002908048576666,288.89309517542523,379.53041076660156,127.5120058854421,1.888399929041043,24
Echo Lake,2017-07-16,21.505002593994163,0.012278045915688077,98086.95833333333,2.4877311726178695,323.4375560283661,347.83916091918945,311.3226766635974,0.0,24
Echo Lake,2017-07-17,23.800836181640648,0.014596429420635104,98282.74186197917,3.1026958862508534,305.05397327740985,372.0458246866862,1301.6000544230144,12.832799933850765,24
Echo Lake,2017-08-04,22.856252288818382,0.014831845881417394,98329.47298177083,3.8961840713980105,213.9943023522695,396.02832794189453,1025.232048034668,2.833799932152033,24
Echo Lake,2017-08-05,21.627922312418644,0.013558637661238512,97910.91569010417,4.076584286467891,247.010344405969,377.1066602071126,487.00002733866376,10.019199818372726,24
Echo Lake,2017-08-06,17.936663564046246,0.009349545968386034,98306.91536458333,4.187093520938526,262.3899285197258,320.70541254679364,4.986666928976774,0.0,24
Echo Lake,2017-08-07,16.74499918619794,0.01031203765887767,98401.828125,3.0188562730082826,99.73967174688975,359.45999272664386,6.9066669543584185,12.895199626684189,24
Echo Lake,2017-08-08,18.642076110839866,0.011280683451332152,98067.68880208333,2.5061435746943954,273.4335131989792,364.2337468465169,76.86933821439743,0.009599999524652958,24
Echo Lake,2017-08-09,20.022079722086612,0.01003960434657832,98685.13606770833,1.9148101587941087,307.7708485921224,327.66124216715497,19.109334349632263,0.0,24
Echo Lake,2017-08-10,21.117495473225933,0.010840075090527534,98909.25325520833,2.179233364581075,302.28013865152997,338.5458272298177,46.46400201320648,0.0,24
Echo Lake,2017-09-21,21.316668446858746,0.012492358490514258,98278.0556640625,4.092936484308271,208.3125106493632,356.7912406921387,21.008000989754994,0.0,24
Echo Lake,2017-09-22,18.893336232503277,0.00995496668231984,98395.56608072917,4.300009770890336,197.74884740511575,336.60790888468426,0.0,0.0,24
Echo Lake,2017-09-23,21.041251118977886,0.011074620958728095,98340.998046875,3.576773554002394,218.6075088183085,366.43790944417316,0.0,0.0,24
Echo Lake,2017-09-24,22.329162851969425,0.011611341731622815,98430.31770833333,1.9672340816905616,213.02326051394144,353.9733289082845,91.86133845647176,0.0,24
Echo Lake,2017-09-25,23.938750203450542,0.013762004440650344,98409.34733072917,1.9188677222791493,210.02559288342795,371.7070770263672,402.88002077738446,0.0,24
Echo Lake,2017-09-26,22.284163411458355,0.013606945945260426,98351.14225260417,2.338981228202221,204.90613496303558,367.46999231974286,145.42134115099907,0.0,24
Echo Lake,2017-09-27,22.692502593994163,0.013835262584810456,97957.22526041667,2.229707411070355,182.6292591492335,372.16457494099933,244.0746768837174,0.0,24
Echo Lake,2017-09-28,20.089166259765648,0.011414529309452822,97576.966796875,5.302772003767616,212.29713614781699,336.9683265686035,89.06400334835052,0.0,24
Echo Lake,2017-09-29,11.799578603108747,0.006050266771732519,98204.33854166667,3.551071051984664,177.77525766690573,295.1133263905843,0.5760000149408976,0.0,24
Echo Lake,2017-09-30,12.820830281575544,0.006716975088541706,98476.47786458333,4.65796581373185,147.1762157479922,318.4362386067708,11.51200041299065,0.24119999795220792,24
Echo Lake,2017-10-01,11.785831705729189,0.006243645950841407,99263.7841796875,2.5370097449016833,212.1652605930964,301.72540918986004,0.0,0.0,24
Echo Lake,2017-10-02,12.540835316975935,0.005499216727912426,99348.76497395833,2.274622876066608,212.76409233609834,269.9270782470703,0.0,0.0,24
Echo Lake,2017-10-03,13.707917785644554,0.006787112545377265,99925.23502604167,2.7359178966793833,193.92892457048097,295.23749287923175,1.1520000298817952,0.0,24
Echo Lake,2017-10-04,14.60792185465497,0.00809435845197489,99482.0791015625,4.509258528846261,203.74255275726318,296.5979067484538,0.0,0.0,24
Echo Lake,2018-06-26,16.472908274332706,0.008392462623305619,98816.7998046875,3.036568427041502,311.1927237510681,313.5658238728841,0.0,0.0,24
Echo Lake,2018-06-27,18.618330891927105,0.011849308425250152,98397.21614583333,4.8581490426530385,167.0157583554586,360.14874267578125,37.17866857846578,2.199599916115403,24
Echo Lake,2018-06-28,21.100414530436222,0.014019929299441477,97630.95670572917,4.236562650684486,224.66330003738403,394.90624109903973,384.96001787980396,21.46119892236311,24
Echo Lake,2018-06-29,23.368746693929058,0.014105196033294002,97968.35904947917,3.5195671977101806,328.1650625069936,363.3049901326497,496.17336265246075,0.0,24
Echo Lake,2018-06-30,24.237495676676456,0.014083408478957912,98330.9951171875,3.1764867379247748,326.46718343098956,360.3733266194661,437.72535584370297,0.0,24
Echo Lake,2018-07-01,26.147500610351585,0.016482925275340676,98273.83170572917,3.0602866032618063,312.05568345387775,379.93999099731445,1696.605433146159,0.0,24
Echo Lake,2018-07-02,27.073751068115257,0.017331954324617982,98413.98404947917,2.7300463700241457,328.41560133298236,384.0645751953125,1945.8374354044597,0.0,24
Echo Lake,2018-07-05,26.181250508626324,0.017842741838345926,99070.69596354167,3.3178534975594123,293.3508469263713,411.69123967488605,1815.680096944173,0.17839999496936798,24
Echo Lake,2018-07-06,24.973748779296898,0.016330641694366932,98401.05208333333,5.037092527946416,235.92180450757346,406.3729082743327,983.0293821493784,2.264399946667254,24
Echo Lake,2018-07-07,17.050831095377628,0.00858930847607553,99035.90625,3.6738184650576273,340.77118317286175,298.99832407633465,0.0,0.0,24
Echo Lake,2018-07-08,18.577917989095074,0.008671441755723208,99283.42903645833,0.931369347928786,336.43876854578656,314.2224922180176,0.0,0.0,24
Echo Lake,2018-07-09,20.154575602213566,0.010352133521034071,98823.96321614583,3.3935241225651063,333.5802234808604,325.8783251444499,0.0,0.0,24
Echo Lake,2018-07-10,22.397086079915386,0.012556812687156102,98083.08854166667,3.5877754302997134,329.5491398175557,346.0687446594238,274.77600987752277,0.0,24
Echo Lake,2018-07-11,23.36958465576174,0.013078583520837128,98029.00423177083,3.666781792576535,271.134388923645,371.4733250935872,536.0160199801127,0.6519999988377094,24
Echo Lake,2018-09-12,20.985829925537132,0.013935837739457687,98884.24479166667,2.260138605280796,158.51388057072958,397.4704055786133,213.13067587216696,4.3495998666621745,24
Echo Lake,2018-09-13,19.56625391642255,0.013181770996501049,99069.64778645833,3.1070668752805015,144.03496726353964,391.31332270304364,113.38133875528972,1.6521999753895216,24
Echo Lake,2018-09-14,20.57917683919273,0.013726725243031979,98957.41536458333,3.3690380296739266,199.02008871237436,376.0237401326497,79.34400409460068,1.2543999552726746,24
Echo Lake,2018-09-15,20.67583872477216,0.01345044180440406,98859.59407552083,1.8288471396513444,222.072758436203,364.7979100545247,113.73600558439891,0.0,24
Echo Lake,2018-09-16,22.069582875569683,0.013793066764871279,98830.91080729167,2.1219912475629434,230.71534383296967,357.3491579691569,158.32267342011133,0.0,24
Echo Lake,2018-09-17,21.72916437784833,0.013765579283547899,98623.69108072917,3.2596445236097042,194.473553404212,365.331241607666,101.92800364891689,7.225199582055211,24
Echo Lake,2018-09-18,21.101251220703148,0.014639900259984037,97679.97395833333,3.340304711645921,113.70396478970845,402.8299929300944,54.58666920661926,13.634399620816112,24
Echo Lake,2018-10-12,15.43540980021161,0.009660620882641524,96970.62369791667,6.025484136529869,187.51680056254068,326.9483235677083,7.184000417590141,0.8727999953553081,24
Echo Lake,2018-10-13,6.930830891927106,0.005341795913409442,97550.001953125,3.7126541502658195,90.13683724403381,291.8587468465169,7.7600003480911255,4.786399827338755,24
Echo Lake,2018-10-14,7.102493540445987,0.0050543125059145195,98589.76953125,3.1072664337907026,115.49771324793498,279.2516613006592,0.0,0.0,24
Echo Lake,2018-10-15,10.599576568603538,0.007589916815049946,98351.76139322917,5.01315522377429,65.19579569498698,333.44998931884766,3.0773335297902427,0.3859999915584922,24
Echo Lake,2018-10-16,10.305000559488954,0.006099145956492673,98198.998046875,6.031815953639658,182.54913393656412,285.33499336242676,10.984000533819199,2.6207999289035797,24
Echo Lake,2018-10-17,7.0458338419596585,0.0047136750460291905,97970.2890625,5.924785446775801,149.58484081427255,265.4737428029378,16.560001055399578,0.0,24
Echo Lake,2018-10-18,4.170006052653018,0.003427245857892558,98773.66569010417,7.183315196244979,139.62762999534607,286.915823618571,14.842667400836945,0.0,24
Echo Lake,2019-09-11,22.06125666300458,0.01424865440155069,98785.8271484375,4.691434643020293,235.42338609695435,375.28290939331055,800.5973715440681,0.0,24
Echo Lake,2019-09-12,23.090838368733746,0.014797758505058786,98451.830078125,3.0332280401448877,130.33583982785544,391.1695747375488,781.597363392512,0.0,24
Echo Lake,2019-09-13,15.737082417806013,0.009290783472048739,99423.78450520833,5.183111966456573,235.9686360359192,336.00707753499347,0.7653333668907484,0.0,24
Echo Lake,2019-09-14,15.29874954223635,0.010007008405712744,99184.11197916667,4.1632221388939925,90.55692028999329,360.3499933878581,0.0,0.0,24
Echo Lake,2019-09-15,20.162918345133487,0.011724354427618286,98689.498046875,3.4842967857261815,235.20296951135,352.2645734151204,47.16800300280253,0.0,24
Echo Lake,2019-09-16,18.41500116984052,0.010372550149137775,98364.07356770833,2.1464049536733283,122.48783936103185,363.1179033915202,28.05066787203153,0.0,24
Echo Lake,2019-09-17,16.562913513183616,0.008260604285169393,98522.82877604167,3.273690424912413,236.8161789973577,307.6949933369954,0.8320000171661377,0.0,24
Echo Lake,2019-09-20,14.418748474121116,0.006795320989719282,98984.5947265625,3.708692520376419,229.3521742026011,283.92499415079754,0.0,0.0,24
Echo Lake,2019-09-21,17.624166107177757,0.008664329284025976,98871.603515625,3.2030561043653063,227.57350953420004,308.19957733154297,0.0,0.0,24
Echo Lake,2019-09-22,20.077506001790386,0.010881516733206809,98665.50162760417,3.2344924630649152,218.55751172701517,336.9283269246419,52.1280028099815,0.0,24
Echo Lake,2019-09-23,22.767081197102886,0.012940437610571584,97893.34895833333,5.166551801652864,212.97026054064432,365.7533238728841,33.0186685025692,0.0,24
Echo Lake,2019-09-24,19.458328501383487,0.010205491717594365,97486.54264322917,4.876529089970284,214.73359497388205,340.44123967488605,83.96266888578732,0.0,24
Echo Lake,2019-09-25,16.607087707519554,0.00850713342272987,97786.7607421875,3.3937443947294397,218.09046816825867,320.91832605997723,1.792000086357196,0.0,24
Echo Lake,2019-09-26,18.727502441406273,0.009505929289540896,97579.02734375,4.356863413451763,166.08380353450775,334.2366574605306,20.272000789642334,0.0,24
Echo Lake,2019-09-27,15.532080586751325,0.007340404205024242,98350.94791666667,3.2759288077931905,214.8073015610377,292.86332448323566,0.0,0.0,24
Echo Lake,2019-09-28,17.99125188191734,0.01036226264356325,98500.5068359375,4.372177800997352,203.14530324935913,337.14791107177734,365.08535289764404,0.0,24
Echo Lake,2019-09-29,20.32874959309898,0.011258495971560478,98819.65266927083,3.7161078951838635,207.82805256048837,345.21624120076496,310.6426795423031,0.0,24
Echo Lake,2019-09-30,14.244580841064476,0.007674083443513761,99129.912109375,3.4292075191893,98.46071248253186,343.15124257405597,0.0,0.0,24
Echo Lake,2019-10-01,18.19834162394208,0.011112200173859796,98497.43033854167,4.795126318740231,193.3633864323298,376.37208048502606,95.56267042954762,0.0,24
Echo Lake,2019-10-04,13.813330586751325,0.008112541807349771,98308.00260416667,4.958450867578789,190.3111753463745,325.87749099731445,3.125333527723948,0.0,24
Echo Lake,2019-10-05,7.159163411458356,0.004306404220794017,99370.93359375,3.2266958086856996,209.4364693959554,244.7479108174642,0.0,0.0,24
Echo Lake,2019-10-06,10.802503204345726,0.007402791719262798,99149.76334635417,4.795301085429851,67.98187708854675,326.1045748392741,0.4800000290075938,0.0,24
Echo Lake,2019-10-07,18.300414021809917,0.011654066814420124,98631.8291015625,6.660931678068338,71.64458735783894,390.4054094950358,35.90666792790095,0.0,24
Echo Lake,2019-10-08,14.355828857421898,0.00789049593731761,98908.63541666667,4.726417820271875,158.76275475819907,346.0266571044922,2.1786667505900064,0.0,24
Echo Lake,2019-10-09,10.632499949137392,0.006429787608794868,99017.755859375,5.532369936661329,70.03504554430644,326.7487436930339,0.0,0.0,24
Echo Lake,2019-10-10,11.949999745686872,0.006367329236430426,99052.82747395833,6.039102849696106,132.65779654184976,337.63790639241535,0.0,0.0,24
Echo Lake,2019-10-11,12.09165980021161,0.005833691703931739,98666.4365234375,5.888066257270066,125.13142331441243,334.17874399820965,0.0,0.0,24
Echo Lake,2019-10-12,13.052087402343773,0.007511308436126758,98165.98502604167,2.9680059189504604,162.54700756072998,342.88624064127606,0.0,0.0,24
Echo Lake,2019-10-13,13.205417887369814,0.0068439834479553,98253.77604166667,2.7891769922254923,186.46546904246011,297.75498962402344,0.0,0.0,24
Echo Lake,2019-10-14,12.596659596761091,0.006359000049997121,98034.08430989583,3.9488363449523436,184.58813110987344,290.5116589864095,0.0,0.0,24
Echo Lake,2019-10-15,9.904175059000673,0.00481467090624695,98471.71744791667,3.0713831358988397,182.81684295336404,264.4591636657715,0.0,0.0,24
Echo Lake,2019-10-16,10.60416946411135,0.006707462637374799,97732.65755208333,5.832779192753485,125.28492192427318,299.9508279164632,33.7920011151582,0.0,24
Echo Lake,2019-10-17,10.294175720214866,0.00675130004916961,95859.72981770833,9.983842746343578,77.20275354385376,327.0920753479004,0.9920000346998373,0.0,24
Echo Lake,2019-10-18,8.849588012695335,0.0053065125830471516,97305.3193359375,7.678268734155773,169.71442635854086,288.25832684834796,0.0,0.0,24
Echo Lake,2019-10-19,6.6404179890950745,0.004672545881476253,98196.892578125,3.0929385588850695,176.62134210268655,251.61457888285318,0.0,0.0,24
Echo Lake,2019-10-20,8.99375178019208,0.005731537569469462,98181.01171875,2.4311125515078564,64.41475284099579,303.1591561635335,0.0,0.0,24
Echo Lake,2019-10-21,11.85041453043622,0.007430775110454609,98253.6123046875,3.394062347023811,168.9319665034612,310.5474904378255,0.0,0.0,24
Echo Lake,2019-10-22,12.007494862874372,0.007983766806622347,98232.013671875,4.5642540339831426,76.53021183609962,329.18874104817706,0.0,4.559199964627624,24
Echo Lake,2020-07-07,22.734988149007183,0.01525590013867865,98504.208984375,3.821604405249848,316.4965566794078,378.9308230082194,969.362708568573,0.01599999889731407,24
Echo Lake,2020-07-08,23.857080078125023,0.016168921215770144,98269.95442708333,3.335343970653922,240.1668430964152,399.8416570027669,945.8053792317709,2.3503999039530754,24
Echo Lake,2020-07-09,24.89541397094729,0.016066746087744832,98148.93294270833,2.9396533416074497,322.12251178423566,386.28332901000977,817.1493643124899,0.0,24
Echo Lake,2020-07-10,22.744583384195987,0.015884845983237028,97991.857421875,4.497993765589584,173.21971678733826,388.3299903869629,305.37868277231854,57.735599026083946,24
Echo Lake,2020-07-11,21.65207697550458,0.01452502926501135,97252.8232421875,4.002376530206498,251.9870936870575,401.24623998006183,563.8640338778496,12.647599714109674,24
Echo Lake,2020-07-12,23.162914530436222,0.013966937665827572,97257.46484375,4.922050474239939,323.7331408262253,369.4358278910319,334.1573462486267,0.4071999788284302,24
Echo Lake,2020-07-13,23.65000178019208,0.013479362591169775,97504.515625,3.5682759117298537,314.68396798769635,379.12415822347003,506.9280236562093,2.4232000056654215,24
Echo Lake,2020-07-14,22.179163869222027,0.012223470994892219,97948.5908203125,3.5281481973378246,323.1771849791209,362.4045766194661,396.4373510281245,0.0,24
Echo Lake,2020-07-15,21.7008364359538,0.01238543342333287,98652.24934895833,2.93823327894828,299.76618035634357,361.7241605122884,94.87467074394226,0.0,24
Echo Lake,2020-07-16,21.113332366943382,0.013192546088248491,99019.85677083333,4.403953879989383,261.33988491694134,374.8829065958659,12.634667118390402,0.0,24
Echo Lake,2020-07-17,20.64124959309898,0.013885521097108722,98647.24641927083,3.805951786659314,210.8819259405136,395.19082768758136,499.4080216884613,0.6183999590575695,24
Echo Lake,2020-07-18,25.40999501546226,0.015834050291838746,98417.34147135417,2.0853181031867805,321.59910321235657,379.1304079691569,1139.477394104004,0.00799999968148768,24
Echo Lake,2020-07-19,25.537913258870464,0.014854833561306199,98094.65494791667,4.5887963710313135,316.9353889624278,371.7804120381673,730.3467033704122,0.0,24
Echo Lake,2020-07-20,27.23291676839195,0.01770762517116964,97764.93001302083,4.627846925540428,310.6363483270009,407.6970748901367,1572.869400024414,0.007199999876320362,24
Echo Lake,2020-07-21,25.048745727539085,0.01425349188502878,98170.39811197917,2.8163490158152853,315.4192650318146,372.3095766703288,306.15468117098015,0.0,24
Echo Lake,2020-07-22,26.607502237955753,0.015690595920508105,98259.529296875,2.045164465939498,271.06409668922424,407.06957880655926,830.2880317370096,5.681999782565981,24
Echo Lake,2020-07-23,25.685416158040386,0.016535412636585534,98263.654296875,3.818485821724677,242.717511177063,411.6608250935872,1136.5947176615398,2.819999846513383,24
Echo Lake,2020-07-24,24.79791666666669,0.015141146024689078,98442.3681640625,2.3393479644669104,273.40247062842053,391.0170758565267,677.6453685760498,0.540999966673553,24
Echo Lake,2020-07-25,24.36624933878583,0.014581300201825798,98484.19856770833,2.7798993003434735,312.36618065834045,373.2387440999349,533.6000301043192,0.0,24
Echo Lake,2020-07-26,25.697501118977886,0.015537758396628002,98244.0244140625,4.4126715054597545,313.2810588677724,381.4920717875163,244.24800888697305,0.0,24
Echo Lake,2020-07-27,25.517916615804058,0.015253779361955822,97731.24381510417,4.617382215211073,313.98993412653607,372.40541076660156,397.43468742569286,0.0,24
Echo Lake,2020-07-31,23.396670277913433,0.013631116754064957,97685.07747395833,2.565738038901715,206.34300992886224,391.55165990193683,201.4240073810021,16.963199382647872,24
Echo Lake,2020-08-01,23.92708485921226,0.013149796170182526,97903.78515625,1.7437877163464897,306.78676372766495,374.3549919128418,68.60000320275624,0.0,24
Echo Lake,2020-08-02,23.873751576741558,0.015865279400410753,97962.79134114583,4.135524284669587,173.6233411307136,409.5366554260254,787.7440413236618,5.139199890661985,24
Echo Lake,2020-08-03,24.641661580403667,0.014348475146107376,98074.71744791667,4.496547470760857,306.33118309577304,377.2916564941406,491.15201656520367,0.00039999998989515007,24
Echo Lake,2020-08-04,22.559583282470726,0.015060500047790507,97867.16764322917,5.000369914656362,128.22962963581085,406.2266540527344,382.24001700679463,75.17119729332626,24
Echo Lake,2020-08-05,21.55707702636721,0.012570700181337694,98119.51236979167,3.5930990925720656,308.50489117701846,361.4266586303711,73.2613370815913,11.393999814987183,24
Echo Lake,2020-08-06,20.993759409586612,0.010869395919144154,98480.669921875,2.928446025200414,275.22384754816693,356.37624486287433,4.581333567698796,0.0,24
Echo Lake,2020-08-07,19.712500508626324,0.0112659044098109,98635.67740885417,3.3802887109760067,171.55863566199938,374.4974950154622,41.62400171533227,3.3003999614156783,24
Echo Lake,2020-08-08,20.985829925537132,0.01332681680408617,98700.0576171875,2.565515108446902,218.14205445411304,382.32832463582355,619.5040336251259,1.7999999523162842,24
Echo Lake,2020-08-09,23.13416951497398,0.014497766814505061,98554.29524739583,3.2417094755652367,277.2166379292806,373.614990234375,783.8026971817017,0.0,24
Echo Lake,2020-08-10,25.112081146240257,0.015501712759335836,98316.81705729167,3.4548107960596535,294.1510130564372,389.1083246866862,1124.1387100219727,0.0,24
Echo Lake,2020-08-11,25.850423431396507,0.016868187696672976,98082.33268229167,4.168096178272514,272.8139289220174,395.99207560221356,1569.4294128417969,0.0,24
Echo Lake,2020-08-12,26.289997355143253,0.016914716844136517,98212.99609375,2.741952545840362,266.3446334203084,415.95373789469403,1352.106725056966,0.027199999429285526,24
Echo Lake,2020-08-13,24.974165852864605,0.015454187639988959,98478.15950520833,2.1353727973864705,235.22451051076254,389.66915639241535,1075.7387250264485,0.13519999384880066,24
Echo Lake,2020-09-05,18.042086537679058,0.008141837626074752,98570.72526041667,3.5705306314210072,259.58455514907837,309.65749231974286,0.01600000075995922,0.0,24
Echo Lake,2020-09-06,18.307921346028667,0.008645054205165556,98745.4111328125,3.3017182782722188,232.13771645228067,333.52332560221356,25.909334704900782,0.0,24
Echo Lake,2020-09-07,19.424581146240257,0.011064316728152335,98465.646484375,4.370782732091137,246.50480031967163,336.87374114990234,11.06666730841001,0.00039999998989515007,24
Echo Lake,2020-09-08,20.983754730224632,0.011884850217029452,98637.56087239583,2.689340576875644,246.62147172292075,348.22915903727215,15.213334172964096,0.0,24
Echo Lake,2020-09-09,21.500417327880882,0.012029662650699416,99070.05729166667,2.720224706319316,225.8812624613444,351.9233233133952,31.93066810257733,0.0,24
Echo Lake,2020-09-10,20.41541188557945,0.01394023773415635,99060.9814453125,1.8149100855718128,83.8256706794103,396.7362403869629,40.50400152305762,15.700399793451652,24
Echo Lake,2020-09-11,20.744161224365257,0.012903483506912986,98724.3564453125,2.9243558908268716,206.19338250160217,377.96790822347003,10.96533371011416,0.1371999948460143,24
Echo Lake,2020-10-16,13.553332265218122,0.009291316751235476,98202.18717447917,4.156116299135163,48.561293502648674,352.45374552408856,3.648000158369541,11.963999699801207,24
Echo Lake,2020-10-17,8.763331349690779,0.005055345944128931,98840.3759765625,3.8266450046652323,180.71325739224753,283.439993540446,0.0,0.4155999976210296,24
Echo Lake,2020-10-18,9.342496490478538,0.004326362570282072,99466.146484375,3.4341164541414444,165.71550679206848,264.7933286031087,0.0,0.0,24
Echo Lake,2020-10-19,12.092090861002626,0.00809392505713428,99162.14453125,3.5380116534908645,96.92575385173161,322.2324918111165,11.730667253335318,0.8277999758720398,24
Echo Lake,2020-10-20,16.1087471008301,0.010299879281471172,98880.00651041667,3.30479451347119,108.24054598808289,366.42790603637695,17.680000786979992,0.0,24
Echo Lake,2020-10-21,17.024578348795597,0.010832600217933456,98960.69401041667,3.8386168109086736,144.72521344820657,338.71957778930664,160.032008488973,0.003999999724328518,24
Echo Lake,2020-10-22,18.287910715738956,0.011403471037435034,98904.875,2.8805430404320815,144.5046329498291,343.51123936971027,153.24533772468567,0.0,24
Echo Lake,2024-10-15,5.597503916422549,0.004138154142613833,97618.8916015625,4.766475748833622,115.02387420336406,276.77416801452637,14.205000032981237,0.0,24
Echo Lake,2024-10-16,6.949999745686871,0.004318145841049652,98011.61263020833,5.0241845631283075,139.12245790163675,291.5933303833008,3.240833352009455,0.0,24
Echo Lake,2024-10-17,6.94916687011721,0.004137179164293532,98775.021484375,3.145029951709866,180.11391735076904,255.68333371480307,0.0,0.0,24
Echo Lake,2024-10-18,8.92375208536786,0.004241875042983641,99287.18359375,3.3598832898086908,175.84558622042337,257.2666664123535,0.0,0.0,24
Echo Lake,2024-10-19,11.507502492268904,0.0046806749984777225,99712.81640625,1.5258564884761456,173.90695595741272,266.1754150390625,0.0,0.0,24
Echo Lake,2024-10-20,12.390003458658876,0.005227704163795958,99197.40071614583,3.1774778469765628,173.0670839548111,266.7633349100749,0.0,0.0,24
Echo Lake,2024-10-21,14.785415903727236,0.0057944833145787316,98759.60872395833,3.5715630091482073,156.50950056314468,300.2549985249837,0.0,0.0,24
Echo Lake,2024-10-24,15.20624694824221,0.00726481251573811,97895.3994140625,4.803750965576254,160.52295684814453,307.6429150899251,5.635833362738292,0.007599999895319343,24
Echo Lake,2024-10-25,8.341247812906923,0.004589858329078804,98398.68294270833,3.4811838804023107,162.93883673350015,253.85708363850912,0.0,0.0,24
Echo Lake,2024-10-26,10.999586995442732,0.004716650029877201,98351.3662109375,5.5436246616891145,140.31337197621664,306.51291783650714,3.284166630357504,0.0,24
Echo Lake,2024-10-27,6.799582417806012,0.0030687625015464923,99179.9541015625,3.5784347429940198,161.84258206685385,238.09125137329102,0.0,0.0,24
Echo Lake,2024-10-28,7.759169514973981,0.003355091680229331,99364.69205729167,2.475673017698892,144.92608547210693,278.67374928792316,0.0,0.0,24
Echo Lake,2024-10-29,9.757918294270857,0.006209429159450035,99539.44205729167,4.207113359833522,117.60445753733318,306.23208236694336,12.706249952316284,0.0,24
Echo Lake,2024-10-30,15.176667785644554,0.008598508274493119,99162.2373046875,3.6469060490408123,145.89287408192953,334.4433339436849,1.253333330154419,0.0,24
Farrington Lake,2015-06-03,14.972913360595726,0.009312233421951532,101913.77376302083,4.007814353942353,194.8195520043373,367.208740234375,0.0,3.7883999188197777,24
Farrington Lake,2015-06-04,13.670415496826195,0.008646787609905005,102065.52962239583,4.400548076402058,107.21625502904256,343.85999298095703,0.0,0.0,24
Farrington Lake,2015-06-05,14.974582926432314,0.009671658471537134,101640.60481770833,3.4587574130862504,110.68875652551651,381.1187400817871,1.416000043352445,0.19159999466501176,24
Farrington Lake,2015-06-06,19.19374872843427,0.01162307100215306,101017.29557291667,2.739781025522745,269.43951241175336,379.9349899291992,416.53602441151935,0.2803999884054065,24
Farrington Lake,2015-06-07,17.98958485921226,0.010089837674361965,101716.8603515625,2.5665874596639076,303.2440957228343,332.0087432861328,40.88533482948939,0.0,24
Farrington Lake,2015-06-08,18.89375457763674,0.011539100087247789,101271.12272135417,5.193713473439668,295.46418444315594,353.518741607666,170.23734172185263,0.0007999999797903001,24
Farrington Lake,2015-06-09,22.91042226155601,0.014293566850634912,100373.82552083333,5.837809519261395,247.10297099749246,404.46749114990234,547.3546930948893,13.764799769036472,24
Farrington Lake,2016-07-07,26.99582951863609,0.017650246038101614,100585.73958333333,2.2594029441365904,261.3810972372691,410.4224967956543,1308.581392923991,0.5623999908566475,24
Farrington Lake,2016-07-08,27.845413462320987,0.01805654602746169,100576.33072916667,2.3102781006650686,287.3777639865875,421.8212432861328,1023.0453872680664,15.128799438476562,24
Farrington Lake,2016-07-09,23.794160461425804,0.016319137687484424,100740.392578125,4.038570752280568,206.68892629941305,406.14623641967773,336.544016122818,1.328799955546856,24
Farrington Lake,2016-07-10,23.28458175659182,0.013828004361130297,100816.55501302083,2.918522529020521,290.31722044944763,391.98373794555664,133.87733982006708,7.194399803876877,24
Farrington Lake,2016-07-11,22.911243693033878,0.012075762613676488,101476.86067708333,2.7114605974585935,295.8708914915721,373.47748947143555,4.29333359003067,0.12359999679028988,24
Farrington Lake,2016-07-12,23.197499847412132,0.011245246006486317,101645.767578125,1.9895365274855046,291.85709555943805,361.19623947143555,0.29866668209433556,0.7919999621808529,24
Farrington Lake,2016-07-13,23.122502899169945,0.014532087719999254,101507.59407552083,3.290841902752696,152.1919255654017,408.0062446594238,136.82133988539377,9.737199719063938,24
Farrington Lake,2016-09-21,23.678744252522808,0.012736208504065871,101744.82194010417,2.265964226052569,214.8500923315684,364.05874252319336,90.63733656207721,0.0,24
Farrington Lake,2016-09-22,22.24916737874351,0.010162916771757105,101754.20442708333,2.3386797003879316,223.39138706525168,335.83874130249023,0.0,0.0,24
Farrington Lake,2016-09-23,21.693750000000023,0.01106045430060476,101428.22526041667,1.8192427282378698,218.90217940012613,343.38748931884766,23.68000117937724,0.16519999504089355,24
Farrington Lake,2016-09-24,19.50249888102216,0.011487112652199963,101476.44661458333,3.116769057459216,118.97371355692546,375.7337417602539,11.261333872874578,0.0828000009059906,24
Farrington Lake,2016-09-25,15.574581400553408,0.006395508457596104,101864.40104166667,2.9520086941966195,224.76413853963217,303.46874237060547,1.5840001106262207,1.2103999257087708,24
Farrington Lake,2016-09-26,16.029588317871116,0.0064146042374583585,101821.04817708333,2.9155950813659133,198.90192321936289,312.9549903869629,0.0,0.7983999624848366,24
Farrington Lake,2016-09-27,20.20374959309898,0.011113229285304746,101117.154296875,3.8737623747191816,180.7309662103653,380.52999114990234,1.3706667001048725,2.325599905103445,24
Farrington Lake,2017-04-20,12.712500508626325,0.008094116831974437,101725.14420572917,2.676250760685456,150.71983846028647,356.7349967956543,2.940000057220459,0.029999999329447746,24
Farrington Lake,2017-04-21,13.706252034505232,0.00876848764407138,101120.29166666667,4.168108226825177,195.42013359069824,357.1762390136719,10.54400043686231,1.4495999664068222,24
Farrington Lake,2017-04-22,12.296667989095075,0.008177404194915047,101074.7197265625,2.50985306362076,63.87975295384725,354.95749282836914,1.0000000360111396,2.4623999521136284,24
Farrington Lake,2017-04-23,10.715005493164085,0.006020108393083016,101509.103515625,2.9705542480717857,287.98622131347656,287.36499404907227,4.125333547592163,0.0,24
Farrington Lake,2017-04-24,9.687500254313173,0.006320404218665014,101725.40592447917,3.1314648781199055,127.24496380488078,304.39499855041504,0.0,0.5619999812915921,24
Farrington Lake,2017-04-25,11.405412292480491,0.007695475127547979,101337.09537760417,8.334478958830333,119.12104654312134,362.2812385559082,4.677333523829778,14.75259959907271,24
Farrington Lake,2017-04-26,15.00999476114911,0.009963012649677694,100485.8037109375,4.842996249566581,137.74025662740073,380.37124252319336,8.714667101701101,10.788799753412604,24
Farrington Lake,2017-05-24,15.484581247965517,0.009681645936022202,100525.39908854167,4.157624107295271,177.4616760412852,360.40874099731445,1.6693334057927132,0.5453999945893884,24
Farrington Lake,2017-05-25,14.694168345133486,0.009774325143856307,100190.5546875,5.994645076765433,157.5623812278112,371.05124282836914,29.5680015484492,13.650999583303928,24
Farrington Lake,2017-05-26,17.360412851969425,0.010263004262621203,99915.677734375,4.957959720921575,248.65505250295004,363.7949905395508,34.89866828918457,21.071799191646278,24
Farrington Lake,2017-05-27,18.362914021809917,0.010494025074876845,100793.49967447917,2.67863339346362,213.77259528636932,374.81249237060547,16.00800082584222,0.0,24
Farrington Lake,2017-05-28,18.161246236165386,0.011543041793629527,100971.6103515625,3.6267076370894276,173.07813493410745,384.82624435424805,9.984000479181608,0.0,24
Farrington Lake,2017-05-29,15.085415140787783,0.009953175050516924,101023.11197916667,4.882426199977449,102.72867238521576,379.6099853515625,0.08000000317891438,15.265999838709831,24
Farrington Lake,2017-05-30,14.628338114420595,0.0095143918103228,101716.3291015625,3.6353624137972744,143.5065462986628,356.9524955749512,0.392000009616216,1.068800002336502,24
Farrington Lake,2017-05-31,18.524996693929058,0.0114857959949101,101373.45247395833,2.527046985609472,283.26563640435535,369.6162414550781,560.5920273860296,0.9929999808955472,24
Farrington Lake,2017-06-01,19.627500152587913,0.010868070957561335,101092.54166666667,3.742957521885669,336.588306705157,333.1899948120117,382.73601754506427,0.14280000037979335,24
Farrington Lake,2017-06-02,18.842921193440777,0.008880816768699637,101151.50748697917,3.733723766812022,302.5658897956212,330.48624420166016,161.842673877875,0.0,24
Farrington Lake,2017-06-03,16.21416880289716,0.007642850124587615,101241.2666015625,3.872072913681839,295.53026183446246,315.4524917602539,77.50933640201886,3.860799875110388,24
Farrington Lake,2017-06-04,16.484164174397808,0.008354695960103223,101264.66178385417,2.2597724149405702,197.16005166371664,324.646240234375,8.592000246047974,0.0,24
Farrington Lake,2017-06-05,20.09625651041669,0.01306954596657306,100490.5654296875,2.375331247010716,231.9590950012207,382.992488861084,568.7573577165604,9.93159955367446,24
Farrington Lake,2017-06-06,17.224168395996116,0.011133045967047414,100457.18912760417,3.5689044353376667,213.1340537071228,368.6962432861328,53.909336322297655,7.888399709016085,24
Farrington Lake,2017-06-07,13.761249796549501,0.008147500125536075,101113.9111328125,3.2038704342707063,250.55805496374765,338.68374252319336,9.736000537872314,0.0,24
Farrington Lake,2017-06-08,15.83041661580406,0.008696483331732452,101221.73046875,3.039761450846355,326.4241837660472,315.1779098510742,1.6586667199929555,0.0,24
Farrington Lake,2017-06-09,16.962920125325542,0.008995283550272385,100668.70084635417,3.1171014702561686,335.4058067003886,312.67249298095703,198.64000924428305,0.0,24
Farrington Lake,2017-06-10,20.768328603108746,0.010790204396471381,101170.7216796875,4.382916036919458,305.84688901901245,348.05874252319336,162.54134064912796,0.5571999773383141,24
Farrington Lake,2017-06-11,23.645419057210308,0.013703150053819021,101495.595703125,4.439008888966977,336.46659811337787,364.9474906921387,324.8533477783203,0.1865999972796999,24
Farrington Lake,2017-06-12,25.641670481363956,0.015775496140122414,101326.24837239583,3.5000851227137804,335.20930790901184,378.4974899291992,964.1547002593676,0.0,24
Farrington Lake,2017-07-05,23.972918446858746,0.013772821015057465,101736.099609375,3.207762346075785,326.292142868042,372.7012481689453,100.26933934042852,0.0,24
Farrington Lake,2017-07-06,21.71541620890302,0.013261716696433723,101707.87532552083,3.366400146260842,198.82413466771445,377.45998764038086,13.213333944479624,4.462399985641241,24
Farrington Lake,2017-07-07,21.661663309733097,0.014658058489051959,100783.59114583333,2.599333882373499,168.28584225972494,404.95499420166016,61.85333639880022,16.795999795664102,24
Farrington Lake,2017-07-08,24.744583384195987,0.014869154275705418,100482.5322265625,3.667543755771948,297.09988927841187,388.2187385559082,553.1386909484863,0.013199999928474426,24
Farrington Lake,2017-07-09,22.204173024495464,0.011359145981259644,101125.39453125,3.487140459648099,333.79643273353577,346.10999298095703,55.87733544905981,0.0007999999797903001,24
Farrington Lake,2017-07-10,22.757915751139347,0.012003300207046172,101432.59798177083,3.5759119936254966,322.8574776649475,357.97499084472656,109.9680068095525,0.09600000083446503,24
Farrington Lake,2017-07-11,25.422083791097027,0.015583771009308597,101107.16731770833,4.274421040282989,299.002591530482,395.11749267578125,879.9413782755533,1.4639999773353338,24
Farrington Lake,2017-07-12,26.93583450317385,0.01640813755026708,101197.79361979167,4.092995021389052,295.98934602737427,408.4024887084961,996.8427124023438,0.0,24
Farrington Lake,2017-07-13,27.908752695719425,0.017091550049372017,101278.6416015625,3.451424318732814,261.71001235644025,413.9824905395508,1280.2107264200847,17.145599700510502,24
Farrington Lake,2017-07-14,25.494165039062523,0.017171004321426153,101406.64192708333,2.8961727136045305,159.03729784488678,422.2999954223633,515.8266941706339,12.799199718399905,24
Farrington Lake,2017-07-15,24.602915700276714,0.015603316909012696,101169.8056640625,1.9796530178891227,252.91059335072836,407.29998779296875,318.9920145670573,2.250799981353339,24
Farrington Lake,2017-07-16,24.64583485921226,0.013811062516955038,101131.5166015625,1.7246416877216,323.49072615305585,373.23123931884766,247.72534328699112,0.04639999940991402,24
Farrington Lake,2017-07-17,24.824168141682964,0.01588604595356931,101346.42252604167,3.179516856702574,312.9729733467102,381.23998641967773,1361.4000752766926,0.0,24
Farrington Lake,2017-08-04,25.067922210693382,0.01654052936161558,101398.24674479167,3.815601321915169,278.8563057879607,406.60873794555664,1304.5147349039714,1.5403999835252762,24
Farrington Lake,2017-08-05,23.580425516764347,0.014595354286332926,100986.54296875,3.8907377722308225,268.9491826891899,389.0037422180176,602.3013623555502,25.800399497151375,24
Farrington Lake,2017-08-06,19.937916056315128,0.010552145967570445,101479.1279296875,4.131461987595196,250.89142958819866,336.71874618530273,8.154667022327581,0.0,24
Farrington Lake,2017-08-07,18.51582997639976,0.011804154375568032,101495.455078125,3.271435287589069,101.13783856357138,378.3666585286458,9.554667125145594,22.84639933228027,24
Farrington Lake,2017-08-08,21.15124664306643,0.012741116845669845,101124.94140625,2.507792841010804,237.56684430440268,389.0112419128418,57.71200302864114,1.6535999346524477,24
Farrington Lake,2017-08-09,22.03333180745445,0.011630170900995532,101768.25618489583,1.9428771330514805,308.9251817067464,345.10250091552734,19.65866768360138,0.0,24
Farrington Lake,2017-08-10,21.797498321533226,0.012166525120846927,102032.74576822917,1.7215980189277718,305.83363882700604,343.7474937438965,19.10133417447408,0.0,24
Farrington Lake,2017-09-21,23.107502237955753,0.013377825147472322,101295.123046875,3.704088678440869,206.13992230097452,379.45874786376953,42.29333578298489,0.21679998934268951,24
Farrington Lake,2017-09-22,20.863333638509136,0.011307666815506915,101425.9130859375,4.621832149487496,155.17084217071533,363.8762397766113,0.05333333586653074,0.8327999711036682,24
Farrington Lake,2017-09-23,22.66666437784833,0.01224428768424938,101345.63736979167,3.858028072433575,217.4922604560852,385.5137405395508,0.0,0.0,24
Farrington Lake,2017-09-24,23.097497558593773,0.012299991756056746,101481.4638671875,2.0725789631588993,214.87576007843018,363.64874267578125,14.906667545437813,0.5199999809265137,24
Farrington Lake,2017-09-25,23.155421193440777,0.013814720984858772,101460.1220703125,2.3041691521352337,211.350177248319,381.4637336730957,90.06133651733398,0.42159998789429665,24
Farrington Lake,2017-09-26,21.972910817464214,0.013700545959485074,101439.3818359375,2.52048219817886,199.4720501502355,371.0012435913086,19.56533430640896,0.6739999651908875,24
Farrington Lake,2017-09-27,22.92333501180015,0.0148747458976383,100976.82486979167,4.006791895714826,191.90934252738953,389.74499130249023,186.6666758482655,0.0,24
Farrington Lake,2017-09-28,21.637498474121116,0.012182345924278101,100566.88704427083,4.959453503301129,214.02630523840585,353.5712432861328,36.7440017859141,0.0,24
Farrington Lake,2017-09-29,14.003745015462263,0.00673810006507362,101395.40494791667,3.356052990455515,187.81059205532074,306.4737434387207,0.0,0.0,24
Farrington Lake,2017-09-30,15.044580078125023,0.007424975105095655,101653.65169270833,4.323922917563793,185.52363423506418,326.75499725341797,12.872000555197397,0.0,24
Farrington Lake,2017-10-01,14.357085164388044,0.007267212592220555,102434.291015625,3.1238046854886705,208.4975504676501,321.3674850463867,0.0,0.0,24
Farrington Lake,2017-10-02,13.963333384195986,0.006381416770940025,102509.5654296875,2.4642965664114493,210.66009411215782,285.4112434387207,0.0,1.1357999444007874,24
Farrington Lake,2017-10-03,14.893333689371767,0.0076706791878677905,103134.328125,2.7435083868231764,186.64225935439268,311.22499084472656,3.5440001090367637,0.0,24
Farrington Lake,2017-10-04,15.73917160034182,0.00862510836062332,102724.23958333333,3.6784928813532836,202.9183832804362,310.6987419128418,0.0,0.09600000083446503,24
Farrington Lake,2018-06-26,19.2529121398926,0.009838145924732089,101945.0673828125,2.9262210945662193,338.1470624605815,325.1762466430664,3.7733335494995117,0.0,24
Farrington Lake,2018-06-27,20.085834757487003,0.012767141840110222,101555.34895833333,4.794137739126589,196.73159329096475,362.4637451171875,50.4560032337904,0.0,24
Farrington Lake,2018-06-28,23.27291641235354,0.015114979352802038,100688.44986979167,4.395840219782783,242.05813566843668,402.59624099731445,647.3493610223135,9.875599556078669,24
Farrington Lake,2018-06-29,25.677082316080753,0.015415946099286279,101000.41178385417,2.8508545056166406,335.0218900044759,387.3899917602539,600.7840269108614,1.5487999618053436,24
Farrington Lake,2018-06-30,26.17541147867841,0.015074108416835466,101373.1015625,2.7427094550261817,334.85868287086487,377.06874084472656,399.00535440444946,0.0,24
Farrington Lake,2018-07-01,27.17916895548505,0.016507541993632913,101348.15104166667,2.8814735342812003,318.5098520914714,389.1849937438965,1443.5120671590169,0.0,24
Farrington Lake,2018-07-02,27.808750406901066,0.01762535438562433,101444.78352864583,2.3793415578039703,326.319429397583,396.6499900817871,1833.1254145304363,0.0,24
Farrington Lake,2018-07-05,26.93375167846682,0.01838754171816011,102168.18977864583,3.3091731627978835,268.3060148557027,420.5537414550781,1838.4000956217449,0.0,24
Farrington Lake,2018-07-06,26.360833740234398,0.017954791818434995,101516.89192708333,4.586235254520848,190.14446862538657,428.9762382507324,1155.1520722707112,33.265998631715775,24
Farrington Lake,2018-07-07,19.97166722615562,0.01025365840177983,102113.31901041667,4.713570335089242,340.2553482055664,320.0412406921387,0.8000000218550364,0.0,24
Farrington Lake,2018-07-08,19.620414988199894,0.00964452512562275,102427.0302734375,2.0153385111632365,337.539936542511,319.09374237060547,0.0,0.0,24
Farrington Lake,2018-07-09,20.847077941894554,0.010418666798310975,101990.71061197917,3.0187699699856605,334.9312245051066,329.4449933369954,0.0,0.0,24
Farrington Lake,2018-07-10,22.67958730061851,0.01258439605589956,101178.39518229167,3.4644983775114304,330.2984742323558,352.70624415079754,164.8293415705363,0.0,24
Farrington Lake,2018-07-11,25.038751220703148,0.014451000218590101,101024.23177083333,3.1785612651313424,292.5615545113881,383.3774922688802,705.7306989034017,0.0,24
Farrington Lake,2018-09-12,23.7112492879232,0.01591163765018185,101920.939453125,2.7288482586506126,153.00846469402313,412.92999267578125,342.765349706014,15.165999479591846,24
Farrington Lake,2018-09-13,22.084586079915386,0.014864520945896706,102124.0478515625,4.552922423901909,178.2949686050415,399.7324905395508,101.68533754348755,7.810799829661846,24
Farrington Lake,2018-09-14,22.065005238850933,0.014893275258752206,102012.18912760417,4.514871865274975,170.35450764497122,398.94374084472656,61.13866980870565,1.2947999811149202,24
Farrington Lake,2018-09-15,21.304584757487003,0.014459175174124539,101946.4736328125,2.194714815684504,135.96309038003287,394.78374099731445,16.464000885685284,0.0,24
Farrington Lake,2018-09-16,22.100832875569683,0.013925700099207461,101936.37727864583,1.290567571776953,233.6831777493159,363.31249618530273,79.7733375231425,3.531599998474121,24
Farrington Lake,2018-09-17,22.371247863769554,0.01469477949043115,101723.15625,2.714106111717127,166.0263817111651,379.05749130249023,163.5573426845173,2.32279998876038,24
Farrington Lake,2018-09-18,22.672498321533226,0.01613358350005001,100739.814453125,3.315582353714262,108.2002968788147,412.73123931884766,101.79467103009422,23.991999300167663,24
Farrington Lake,2018-10-12,18.412914530436222,0.011586104325639704,100010.91731770833,5.507357152963852,188.91296895345053,346.25498962402344,49.22133617723981,18.227199874818325,24
Farrington Lake,2018-10-13,9.338747914632185,0.006118479243014008,100832.29557291667,3.855992108509952,93.48467103640239,302.8974952697754,6.232000296314557,3.2905999099020846,24
Farrington Lake,2018-10-14,8.86707712809247,0.0055672459420748055,101881.10319010417,2.8961350978614018,121.89438025156657,289.35749435424805,0.0,0.0,24
Farrington Lake,2018-10-15,13.429162597656273,0.008955166772163162,101605.30891927083,4.436602986759157,65.99862869580586,355.62998962402344,6.54666684071223,1.3531999735860154,24
Farrington Lake,2018-10-16,13.702083841959658,0.007457962570091088,101453.39778645833,5.387035934988401,177.63596375783285,315.40374755859375,19.973334189504385,2.2895999997854233,24
Farrington Lake,2018-10-17,9.564997609456404,0.005644075068024297,101325.4619140625,5.8167333230930405,174.6886747678121,277.3325004577637,9.786667144546906,0.0,24
Farrington Lake,2018-10-18,6.77167154947919,0.004148895881371573,102159.2392578125,6.715609725121978,127.37796306610107,302.1624946594238,18.176000873247784,0.0,24
Farrington Lake,2019-09-11,23.3029240926107,0.015033687775333723,101953.72102864583,4.106155184002115,238.3310527006785,385.2299919128418,715.2933662931124,0.0,24
Farrington Lake,2019-09-12,24.676250712076847,0.016196475092632074,101499.6162109375,3.084534958283014,160.66292667388916,408.81748962402344,1168.0640490849812,0.0,24
Farrington Lake,2019-09-13,18.827915445963566,0.010744766836675504,102520.58528645833,6.425360081375139,207.89530022939047,373.4549903869629,3.544000118970871,0.0,24
Farrington Lake,2019-09-14,18.049998219807964,0.011197008425369859,102352.05891927083,3.5925166775553112,97.76217158635457,371.03124618530273,0.0,0.0,24
Farrington Lake,2019-09-15,22.753329213460308,0.013599754311144352,101816.8857421875,2.625316501905542,236.57897039254507,381.2162399291992,87.12267016371091,0.0,24
Farrington Lake,2019-09-16,20.5899965922038,0.011389533368249735,101452.71354166667,1.671888811072563,147.46658982833227,366.95124435424805,17.608000606298447,0.0,24
Farrington Lake,2019-09-17,19.718334452311222,0.010386137563424805,101589.65592447917,3.363197630928053,237.62784453233084,342.70749282836914,2.874666750431061,0.0,24
Farrington Lake,2019-09-20,15.038751220703148,0.0071344209524492426,102191.07552083333,3.7068232059689943,232.9231763680776,292.34374237060547,0.0,0.0,24
Farrington Lake,2019-09-21,17.860832468668644,0.008913679261847088,102013.5498046875,3.224022956048579,229.60426354408264,318.67624282836914,0.0,0.0,24
Farrington Lake,2019-09-22,20.615422821044945,0.011744133351991573,101796.24837239583,2.7363461924138783,220.17334206899008,350.29748916625977,24.832000772158306,0.0,24
Farrington Lake,2019-09-23,23.231248474121116,0.013425220968201756,101002.708984375,4.7980098555956125,216.174258073171,373.9912414550781,13.120000630617142,0.0,24
Farrington Lake,2019-09-24,21.122082010904972,0.011544091782222191,100587.31575520833,4.580173794550592,221.5702600479126,355.4574851989746,64.05333669980367,0.0,24
Farrington Lake,2019-09-25,18.86500447591148,0.009374133427627385,100935.3203125,3.086013203421947,220.94105656941733,338.48373794555664,1.4026667475700378,0.0,24
Farrington Lake,2019-09-26,19.65708185831708,0.010716795998935899,100702.46842447917,3.755729110479349,197.6173011859258,344.54249572753906,26.648001352945965,0.0,24
Farrington Lake,2019-09-27,17.54874445597333,0.008293437635681281,101506.9208984375,2.968017356391314,219.26130068302155,305.83249282836914,0.0,0.0,24
Farrington Lake,2019-09-28,19.320418294270855,0.011500995877819756,101660.63997395833,3.117853699131697,171.6677986383438,359.6999931335449,422.05335405220586,0.0,24
Farrington Lake,2019-09-29,22.581250762939476,0.0131074459447215,101861.49283854167,3.3439766905267,202.0417997042338,375.62374114990234,457.5813531279564,0.0,24
Farrington Lake,2019-09-30,17.720833079020206,0.010288816721489033,102235.45768229167,3.6222483611218608,97.13229601581891,365.2874946594238,0.0,0.0,24
Farrington Lake,2019-10-01,20.33917388916018,0.01164548343513161,101673.96451822917,3.919671478635172,188.45630085468292,389.7187385559082,29.056001265843708,0.0,24
Farrington Lake,2019-10-04,17.49249674479169,0.009743608456725875,101420.72233072917,4.813494173466944,189.30550702412924,346.42249298095703,0.8880000486969948,0.0,24
Farrington Lake,2019-10-05,9.957498168945335,0.005368254225080212,102611.5458984375,4.035675304003177,207.46347109476724,261.19624519348145,0.0,0.0,24
Farrington Lake,2019-10-06,13.984582519531273,0.008657258411403745,102374.13704427083,4.6490552101635645,74.46204574902852,349.44623947143555,5.568000237147014,0.0,24
Farrington Lake,2019-10-07,20.72041473388674,0.012701816740445793,101826.94986979167,6.0169699033497634,94.05075534184773,405.49999237060547,65.53066996733348,0.0,24
Farrington Lake,2019-10-08,16.942496236165386,0.00992169592063874,101980.02311197917,5.284024057420807,72.06825319925944,378.64373779296875,24.82133452097575,0.0,24
Farrington Lake,2019-10-09,13.706667836507185,0.008474620951650044,102074.61002604167,6.95329097295791,40.25654379526774,364.71124267578125,0.0,0.0,24
Farrington Lake,2019-10-10,13.736664072672548,0.007648929293888311,102096.26692708333,7.185893906554756,89.73146200180054,362.2787437438965,0.0,0.0,24
Farrington Lake,2019-10-11,13.594991302490257,0.007371991717567046,101734.59798177083,7.021059392688176,91.96075439453125,356.9762420654297,0.0,0.0,24
Farrington Lake,2019-10-12,14.847502644856794,0.008381241777290901,101313.48014322917,3.5378321869500584,165.97217456499735,354.7012405395508,0.0,0.0,24
Farrington Lake,2019-10-13,14.892500813802107,0.00753913342487067,101466.6298828125,2.6618369570455642,155.83429725964865,329.4237403869629,0.0,0.0,24
Farrington Lake,2019-10-14,15.961667633056663,0.008114966796711087,101254.13704427083,2.7092661733810233,179.39696804682413,340.51623916625977,0.0,0.0,24
Farrington Lake,2019-10-15,11.907927449544294,0.005538654242021342,101679.10319010417,2.6337964085904275,182.73534186681113,277.9587516784668,0.0,0.0,24
Farrington Lake,2019-10-16,12.953753407796247,0.00794271263293922,100855.13834635417,5.949772391065252,125.18475461006165,315.8787422180176,48.480002085367836,0.0,24
Farrington Lake,2019-10-17,12.440838114420595,0.007035983415941398,99222.63736979167,10.599258598174218,104.0880880355835,324.25749588012695,2.2800001303354898,0.0,24
Farrington Lake,2019-10-18,11.122088368733747,0.00574909591038401,100584.73274739583,6.831016333193421,168.94759146372476,306.64249420166016,0.0,0.0,24
Farrington Lake,2019-10-19,8.76041437784833,0.0050860458868555725,101450.119140625,3.1606230714099017,177.3965074221293,265.6787452697754,0.0,0.0,24
Farrington Lake,2019-10-20,10.695002492268904,0.006806770960489909,101364.0244140625,2.4516971196862607,52.205585996309914,319.8237419128418,0.0,0.0,24
Farrington Lake,2019-10-21,14.532500203450544,0.008517925123063227,101377.958984375,4.780585609932255,167.51530031363168,336.8537483215332,0.0,0.0,24
Farrington Lake,2019-10-22,13.971242523193382,0.009024200165489068,101363.05338541667,4.268891730817361,87.23404546578725,341.7937355041504,0.0,3.5037999376654625,24
Farrington Lake,2020-07-07,24.45666147867841,0.01601508337383469,101577.54231770833,3.5467062396492213,309.7247197628021,392.22624588012695,887.5253702799479,0.0,24
Farrington Lake,2020-07-08,25.77499923706057,0.017023704092328746,101340.0361328125,3.335145743132126,281.18617876370746,408.9024848937988,1021.3760426839193,22.747598884627223,24
Farrington Lake,2020-07-09,26.269164021809917,0.017104862684694428,101199.22526041667,2.5382569893910127,317.60167781511944,402.81249618530273,892.6320476531982,0.0,24
Farrington Lake,2020-07-10,23.769584910074894,0.016996445910384256,100939.24446614583,5.025813381717372,152.48204906781515,403.3587455749512,329.33601665496826,63.375197660177946,24
Farrington Lake,2020-07-11,25.314159647623722,0.01720626256428659,100301.30240885417,3.9859435353822796,249.40626513957977,419.95749282836914,817.8907074928284,5.630799792706966,24
Farrington Lake,2020-07-12,25.501247660319034,0.015326470835134387,100377.625,4.628129401156084,322.24030351638794,386.9574890136719,388.36001920700073,0.29639999475330114,24
Farrington Lake,2020-07-13,25.18375422159833,0.014698762640667459,100572.2216796875,3.3441786248740093,306.9866367181142,389.5962371826172,534.8266868591309,2.2899999767541885,24
Farrington Lake,2020-07-14,23.692496236165386,0.012880054380123815,101031.89811197917,3.0975927144286732,323.63684860865277,364.81249237060547,332.3360130786896,0.0,24
Farrington Lake,2020-07-15,24.64583485921226,0.014146300071539978,101721.15657552083,3.0715284123630986,308.8590136369069,388.7949867248535,105.05867075920105,0.0,24
Farrington Lake,2020-07-16,22.150829569498722,0.013398462673649192,102149.00325520833,4.155927453884245,286.7672237555186,368.28124237060547,12.210667149474224,0.0,24
Farrington Lake,2020-07-17,22.99041392008466,0.015152304316870868,101774.28580729167,3.8425829538581406,194.85409438610077,409.5512390136719,538.4746976296107,0.3353999853134155,24
Farrington Lake,2020-07-18,27.615829722086612,0.01809143360393743,101444.80826822917,1.9299032517756671,307.07576318581897,422.48498916625977,1889.3014322916667,0.0,24
Farrington Lake,2020-07-19,27.28833414713544,0.01703065020653109,101156.89453125,3.921775233053936,318.0708885192871,393.6887372334798,925.5413818359375,0.0,24
Farrington Lake,2020-07-20,28.504998779296898,0.018338175180057686,100822.689453125,4.211059781410116,311.6296865940094,417.0437431335449,1628.4107462565105,0.0,24
Farrington Lake,2020-07-21,27.852082824707054,0.016018341877497733,101196.79817708333,2.4802513074653656,314.02159730593365,397.4424934387207,530.4026936888695,0.0,24
Farrington Lake,2020-07-22,28.43375167846682,0.017772096131617825,101293.31575520833,2.222695493180709,269.4679303963979,426.5799903869629,1319.2907409667969,13.225199814885855,24
Farrington Lake,2020-07-23,27.69875233968101,0.01877092942595482,101352.9619140625,3.223588877211529,202.3453406294187,430.9629135131836,1664.5654169718425,7.451999797485769,24
Farrington Lake,2020-07-24,27.097080485026066,0.0180335461627692,101458.8486328125,1.8439758848217565,182.84030238787332,431.1666552225749,1384.0080693562825,38.91079794961843,24
Farrington Lake,2020-07-25,26.085415140787784,0.016444533714093268,101563.58561197917,2.4385954192482595,301.4845136801402,400.4449920654297,852.8587023417155,0.0,24
Farrington Lake,2020-07-26,27.629585520426456,0.017616491531953216,101334.61067708333,4.520936980897937,305.0644742647807,415.0499954223633,550.7973594665527,0.0,24
Farrington Lake,2020-07-27,27.31958414713544,0.016833112730334204,100811.51041666667,4.415529120691581,313.9532628059387,388.15624237060547,391.88268528381985,0.0,24
Farrington Lake,2020-07-31,25.75833663940432,0.016750633406142395,100659.3173828125,2.6750403938094482,168.1621743788322,418.4774932861328,539.2533553441366,22.275999906065408,24
Farrington Lake,2020-08-01,25.880418395996116,0.015550212507757047,100944.025390625,1.430633088043063,281.04426485300064,411.4612350463867,110.31733918190002,0.0,24
Farrington Lake,2020-08-02,26.514581298828148,0.018070029172425468,101020.07161458333,4.25516925396638,207.66817551851273,428.4329083760579,1204.0160484313965,0.5231999717652798,24
Farrington Lake,2020-08-03,26.739582316080753,0.016297408534834783,101175.86555989583,3.947587383764397,283.99467794100445,402.7512397766113,659.354697505633,0.0,24
Farrington Lake,2020-08-04,24.899587249755882,0.01730411686003208,100911.861328125,6.268276647779531,136.56729984283447,422.39249420166016,628.3866908748945,36.51679920300376,24
Farrington Lake,2020-08-05,24.729160563151066,0.014810000274640819,101231.40625,2.8657027458375026,302.60855409502983,392.3112449645996,297.76801509410143,0.0,24
Farrington Lake,2020-08-06,24.459592437744163,0.014419762728114923,101527.65592447917,2.8665431078787034,226.5310112684965,402.9049873352051,81.40800340970357,2.7563999090343714,24
Farrington Lake,2020-08-07,22.39041671752932,0.01404380437452346,101646.55696614583,3.4717514392901356,224.61363256101808,385.9737358093262,171.58934217691422,4.863999873632565,24
Farrington Lake,2020-08-08,22.984162902832054,0.015114383500379821,101778.03125,2.5524960565331227,189.96571572621664,402.2949905395508,665.520026842753,6.831199667416513,24
Farrington Lake,2020-08-09,24.208755747477237,0.01554520009085536,101656.24153645833,2.445248251119704,265.0013017654419,389.0987434387207,926.5840447743734,0.0,24
Farrington Lake,2020-08-10,26.794581349690777,0.01783229581390818,101381.6181640625,3.313031370593267,270.1836795806885,418.1974868774414,1787.4987538655598,0.0,24
Farrington Lake,2020-08-11,27.072090403238956,0.01846575434319675,101174.35872395833,3.8260612485432275,264.48959414164227,421.081241607666,1749.9120966593425,0.24479998648166656,24
Farrington Lake,2020-08-12,27.119580841064476,0.018650033588831622,101280.32975260417,2.840469288570431,184.27680079142252,437.63124084472656,1851.1040954589844,2.8359999218955636,24
Farrington Lake,2020-08-13,25.981665547688824,0.01716753786119322,101526.31966145833,1.7590877384927115,204.89051055908203,412.0124931335449,1282.0080642700195,1.5667999705474358,24
Farrington Lake,2020-09-05,20.87208455403648,0.010125820990651846,101700.29915364583,2.888436918272898,261.60472265879315,332.5124931335449,0.0,0.0,24
Farrington Lake,2020-09-06,19.787507629394554,0.009756020929974815,101898.4775390625,2.8526778604392984,255.11738602320352,335.8049964904785,27.157334407170612,0.0,24
Farrington Lake,2020-09-07,20.705412801106792,0.01223050015202413,101597.86165364583,3.429525330155151,249.01546955108643,347.04623794555664,38.720001777013145,0.0,24
Farrington Lake,2020-09-08,22.335834757487003,0.01363095020254453,101697.93489583333,2.5739383005772143,248.0881379445394,359.7099952697754,87.3786706328392,0.0,24
Farrington Lake,2020-09-09,22.57875213623049,0.014340596079515914,102121.60384114583,3.2671343006964655,191.99934577941895,376.0499954223633,135.00800635417303,0.0,24
Farrington Lake,2020-09-10,23.639162953694683,0.016173154503727954,102097.62109375,1.925917779978115,105.00567106405894,416.16498947143555,118.11467097202937,19.717599322786555,24
Farrington Lake,2020-09-11,23.10457636515302,0.014629783458076417,101749.048828125,3.23435902409277,230.67971968650818,398.5712432861328,21.85866740345955,36.87759783305228,24
Farrington Lake,2020-10-16,15.466251627604189,0.0103548001886035,101352.77408854167,3.57715707733184,47.29779384533564,368.04623794555664,9.298667152722677,33.89139902591705,24
Farrington Lake,2020-10-17,10.874576822916689,0.00579064591632535,102094.1630859375,4.4389039557600505,181.45292766888937,297.9112434387207,0.0,1.4583000019192696,24
Farrington Lake,2020-10-18,10.89416402180992,0.005337595900831123,102735.40071614583,2.8153534785661294,154.7361739476522,282.5662441253662,1.2480000257492065,0.0,24
Farrington Lake,2020-10-19,14.494168853759788,0.008968941673325995,102343.50455729167,3.174433188726138,112.62442163626353,340.4774971008301,17.733334104220074,0.0,24
Farrington Lake,2020-10-20,17.87082951863609,0.011280246001357833,102067.36686197917,2.3383859946287204,125.14787936210632,369.05832926432294,48.49600235621134,0.26419998332858086,24
Farrington Lake,2020-10-21,18.175414021809917,0.011447066674008965,102147.2802734375,3.0492154396386706,152.84021560351053,346.9237365722656,169.0213425954183,0.0,24
Farrington Lake,2020-10-22,18.780407206217472,0.011955220873157183,102058.47526041667,2.1927879033495348,152.9806338349978,351.2612419128418,229.67734430233637,0.0,24
Farrington Lake,2024-10-15,7.836667633056663,0.004277891702561949,100901.31673177083,5.119806374739726,138.9619164466858,281.4266700744629,4.734583258628845,0.0,24
Farrington Lake,2024-10-16,7.9070805867513245,0.004230254213325679,101288.07877604167,4.826710887486593,158.6173324584961,278.20375061035156,0.6929166838526726,0.0,24
Farrington Lake,2024-10-17,10.36499938964846,0.0048483874804029865,101984.0712890625,3.8193730428036172,175.81075104077658,297.122501373291,1.1237499713897705,0.0,24
Farrington Lake,2024-10-18,10.5983342488607,0.004528437469465037,102480.646484375,3.4094779332853093,176.57333286603293,267.3200054168701,0.0,0.007699999725446105,24
Farrington Lake,2024-10-19,12.742917633056663,0.005341370784056683,102950.62890625,1.274028700133038,173.42791664600372,278.466251373291,0.0,0.009099999675527215,24
Farrington Lake,2024-10-20,12.757084147135439,0.005668429114545385,102428.00065104167,2.654246626219109,172.51103854179382,278.75999641418457,0.0,0.0,24
Farrington Lake,2024-10-21,14.601248677571638,0.005672012455761433,101946.94596354167,3.060909212319093,167.07850042978922,293.34374237060547,0.0,0.0,24
Farrington Lake,2024-10-24,15.992500559488954,0.0076799875241704285,100977.7373046875,4.281209342272599,157.4052901516358,318.17499923706055,7.091249994933605,0.0,24
Farrington Lake,2024-10-25,10.291665649414085,0.00492520418871815,101607.35384114583,3.500086606615358,163.96196142832437,267.3012504577637,0.0,0.0,24
Farrington Lake,2024-10-26,12.474582926432314,0.005080570835464944,101554.58365885417,4.9940332412704835,146.99499893188477,314.9000015258789,0.0,0.1738000065088272,24
Farrington Lake,2024-10-27,8.347501373291038,0.0033566958348577223,102466.55013020833,3.1795663483408467,162.07754262288412,247.85499954223633,0.0,0.0,24
Farrington Lake,2024-10-28,8.571665700276716,0.00357068750114801,102604.08365885417,2.538516576079079,143.62433052062988,276.82666397094727,0.0,0.0,24
Farrington Lake,2024-10-29,12.253752644856794,0.006927475061578055,102748.2666015625,3.851997787115437,127.57391548156738,319.3012466430664,18.076249877611797,0.0,24
Farrington Lake,2024-10-30,16.267083740234398,0.00861064587176467,102410.42057291667,3.3115148511766,146.90429242451987,339.6999969482422,0.8595833579699198,0.0,24
Furnace Lake,2015-06-03,14.476249949137392,0.009074333337290833,100101.42740885417,3.1161265076254723,266.70122428735095,339.0616569519043,0.0,2.701999880373478,24
Furnace Lake,2015-06-04,13.768334960937523,0.008759420888964087,100227.6640625,3.599340569105888,143.12042466799417,335.6924934387207,0.0,0.0,24
Furnace Lake,2015-06-05,14.892915344238304,0.009881491772830486,99850.06966145833,2.3860160422253522,130.43892155090967,377.5945739746094,0.2800000111262004,0.589399978518486,24
Furnace Lake,2015-06-06,19.40291493733726,0.011831720941700041,99263.08203125,2.6138357805874617,260.21584431330365,375.85582733154297,430.2960183300699,0.35519999265670776,24
Furnace Lake,2015-06-07,17.075418090820335,0.009212471020873636,99903.34114583333,2.62249915348209,256.51259740193683,324.8374951680501,8.272000471750895,0.0,24
Furnace Lake,2015-06-08,19.298753356933616,0.012291250245956084,99391.81640625,4.990962881015868,259.3085103034973,361.8474934895833,343.9093457857768,2.019199892412871,24
Furnace Lake,2015-06-09,23.18708953857424,0.014720499981194735,98569.638671875,5.3294532489884325,260.31830342610675,402.2654062906901,568.6826922098795,29.39079987697187,24
Furnace Lake,2016-07-07,26.936251576741558,0.017401129434195656,98855.12532552083,2.247971493443066,250.64009594917297,403.90623982747394,1187.3147252400715,0.20679999276762828,24
Furnace Lake,2016-07-08,26.27707697550458,0.016200995887629688,98868.4111328125,2.0886276556229695,263.03293045361835,403.07832463582355,580.1253627141317,5.4675997614103835,24
Furnace Lake,2016-07-09,23.237908935546898,0.01570472101836155,98949.75260416667,3.775292510117344,179.88925623893738,405.4374885559082,442.6533536911011,0.48639997973805293,24
Furnace Lake,2016-07-10,22.028747812906925,0.013002154339725772,99079.38151041667,2.960919829311313,266.0165544350942,385.0266583760579,173.50934261083603,10.573599502444267,24
Furnace Lake,2016-07-11,21.261663055419945,0.011476146018443009,99712.32845052083,2.584062893702027,328.33538842201233,351.7937405904134,8.456000328063965,0.0,24
Furnace Lake,2016-07-12,22.651250457763695,0.011156995935986439,99828.86067708333,2.8972090675295306,327.21260102589923,343.9612414042155,2.8373334308465323,0.0,24
Furnace Lake,2016-07-13,24.010835266113304,0.014590170971738795,99670.18033854167,3.2855046400853603,243.1152616341909,407.8187395731608,229.14934540291628,0.1431999939668458,24
Furnace Lake,2016-09-21,23.170831298828148,0.011141425115056336,100026.39518229167,2.507775959049018,213.95275982220969,342.70207595825195,59.50400290886561,0.0,24
Furnace Lake,2016-09-22,21.99333470662437,0.008234466736515364,100006.09700520833,1.8965132949731178,218.32447131474814,325.8808237711589,0.0,0.0,24
Furnace Lake,2016-09-23,21.67542165120445,0.009840887660781542,99660.22591145833,1.8486910530453737,176.02534099419913,341.0641619364421,26.706667800744373,0.0,24
Furnace Lake,2016-09-24,19.28958663940432,0.010376812579731146,99736.60709635417,2.5850249540773245,132.5544654329618,374.26582463582355,8.648000245292982,0.2087999916402623,24
Furnace Lake,2016-09-25,13.38583653767906,0.005381208417626719,100109.17415364583,2.9143330674745003,217.79621616999307,286.1566575368245,0.0,0.0007999999797903001,24
Furnace Lake,2016-09-26,14.992088572184267,0.005739370865436892,99970.54134114583,2.9471962950801314,179.37675658861795,304.4199918111165,0.0,0.0,24
Furnace Lake,2016-09-27,18.950002288818382,0.009963796085988482,99310.91569010417,3.3652756451014074,193.57746851444244,354.84415944417316,1.1120000680287678,7.106799827888608,24
Furnace Lake,2017-04-20,12.754170989990257,0.0082289168300728,99876.69108072917,2.3292962928063226,192.71167850494385,354.4087384541829,0.024000000829497974,0.0031999998609535396,24
Furnace Lake,2017-04-21,13.972918446858747,0.009119304285074273,99282.77213541667,4.218592729219045,210.1344666481018,354.8645718892415,8.55066722134749,12.071799531579018,24
Furnace Lake,2017-04-22,12.045002237955751,0.007960337602222959,99278.1591796875,2.4680319680882965,80.98875300089519,347.1083246866862,4.4400002239272,1.6489999368786812,24
Furnace Lake,2017-04-23,9.632510121663435,0.005485558397291849,99699.47721354167,2.7813015272152577,292.55222002665204,271.0104122161865,1.6840000947316487,0.0,24
Furnace Lake,2017-04-24,11.722918446858747,0.0063330042563999695,99851.21842447917,3.0454927770362326,190.4574670791626,295.65124384562176,0.0,0.0147999994806014,24
Furnace Lake,2017-04-25,11.372913614908876,0.007376008414818595,99594.00162760417,7.433888464646098,86.34754570325215,361.2291552225749,1.296000063419342,4.190999850878143,24
Furnace Lake,2017-04-26,15.656243896484398,0.01042682925860087,98760.06966145833,4.572456861476077,129.22434051831564,384.01665623982746,12.225333909193674,4.1911998963332735,24
Furnace Lake,2017-05-24,15.27375183105471,0.00933419594851633,98707.37272135417,3.640376248344573,189.4256743590037,348.1924908955892,4.994666854540507,4.650999933015555,24
Furnace Lake,2017-05-25,13.74583460489911,0.009248508450885614,98404.7412109375,5.943292455893302,170.76988371213278,362.31999079386395,11.12266706675291,13.570399761199951,24
Furnace Lake,2017-05-26,16.774162546793644,0.010255970953342816,98165.09147135417,4.706021089772802,237.79205131530762,358.7758280436198,18.450667669375736,7.180799797642976,24
Furnace Lake,2017-05-27,17.382910664876324,0.010234108427539468,99016.859375,2.7131456922029016,223.5779291788737,369.1737416585286,21.08266754945119,0.0,24
Furnace Lake,2017-05-28,18.343333180745464,0.011812091727430621,99130.5703125,3.5246490620916955,189.50780002276102,382.59166208902997,32.832001527150474,0.0,24
Furnace Lake,2017-05-29,15.027918752034529,0.01014839174846808,99225.11197916667,4.347322304551899,149.3898404041926,371.94498952229816,3.1920000786582627,7.638199656677898,24
Furnace Lake,2017-05-30,14.89624938964846,0.009908858492660025,99852.56803385417,3.7091581811493737,183.3947180112203,348.079158782959,6.778667027751605,0.4187999963760376,24
Furnace Lake,2017-05-31,17.967916107177757,0.011105812581566473,99542.27962239583,2.515079641384952,275.9773036638896,355.5287450154622,548.4213579396406,1.4203999871388078,24
Furnace Lake,2017-06-01,18.61958465576174,0.009371254340900729,99337.95540364583,3.7193254662240416,316.93680421511334,322.9470748901367,145.54133888085684,0.35579998791217804,24
Furnace Lake,2017-06-02,17.45541915893557,0.008215783416138342,99374.4677734375,4.097368258863577,276.9248857498169,329.4112408955892,119.45333690444629,0.0,24
Furnace Lake,2017-06-03,14.992503102620466,0.006949616790128251,99481.48014322917,4.047209625563136,290.3067642847697,301.9824956258138,50.770668824513756,4.583199933171272,24
Furnace Lake,2017-06-04,15.351664479573591,0.00793149599727864,99482.15592447917,1.9645002855287759,160.22871565818787,322.7466570536296,1.768000066280365,5.025599775835872,24
Furnace Lake,2017-06-05,20.19250640869143,0.012698546051979065,98717.818359375,2.0882946919195957,226.97742640972137,378.93666076660156,478.79736002286273,3.892399877309799,24
Furnace Lake,2017-06-06,16.63541946411135,0.010640312607089678,98705.77506510417,2.8483644334684635,215.6432145436605,361.3004086812337,50.78133562207222,12.738399809692055,24
Furnace Lake,2017-06-07,12.926250712076845,0.007953600046069672,99330.203125,2.6542317537014792,240.90322065353394,341.36582310994464,14.029334008693695,0.31759999692440033,24
Furnace Lake,2017-06-08,16.950832621256534,0.008731150068342686,99432.42317708333,2.9340311855953534,321.2498496373494,319.92290751139325,4.373333523670833,0.0,24
Furnace Lake,2017-06-09,17.27625172932945,0.008806550060398877,98887.02083333333,2.9959767421976644,312.5453044573466,315.87499109903973,206.69867719709873,0.0,24
Furnace Lake,2017-06-10,20.452493286132835,0.010237737578184655,99354.72135416667,4.472127126810623,271.6105550924937,344.8662389119466,164.28534149130186,0.6769999861717224,24
Furnace Lake,2017-06-11,24.214583333333355,0.013550966900462905,99711.35546875,4.329363621454971,323.0309287707011,362.15957768758136,277.4346760908763,0.12060000002384186,24
Furnace Lake,2017-06-12,25.313335673014347,0.015707245950276654,99597.76888020833,3.360049420161394,322.68581104278564,365.85540771484375,1024.9867086410522,0.0,24
Furnace Lake,2017-07-05,23.595833079020206,0.013176470917339126,99969.7001953125,2.9490289279052324,326.06497208277386,364.3370755513509,165.99734260638556,0.03680000081658363,24
Furnace Lake,2017-07-06,21.92083384195966,0.012961616778435806,99913.314453125,3.112633878124756,205.61613257726034,381.5224901835124,23.480000893274944,0.05919999908655882,24
Furnace Lake,2017-07-07,21.128333028157574,0.014338025202353796,99046.0703125,2.340403673940089,183.83167600631714,403.2958234151204,134.37600807348886,54.478800013661385,24
Furnace Lake,2017-07-08,23.8604192097982,0.014266021045235297,98762.74544270833,3.567074232496506,311.72855869929,376.0333251953125,419.16002146402997,1.7635999834164977,24
Furnace Lake,2017-07-09,20.22250137329104,0.010380545863881707,99386.22135416667,3.481856824302561,335.2181001504262,330.6899948120117,14.66133451461792,0.0,24
Furnace Lake,2017-07-10,21.95041427612307,0.011513100160906712,99640.70475260417,3.3565135721454595,320.3333082993825,348.487491607666,154.21067678928375,0.22759998822584748,24
Furnace Lake,2017-07-11,25.015415445963566,0.015465104447988173,99340.607421875,3.815325098605245,291.95009628931683,393.9220720926921,711.0800406138102,0.48079997673630714,24
Furnace Lake,2017-07-12,25.814168548584007,0.015240287602258226,99462.75325520833,3.9248820816754235,283.60818123817444,393.7262420654297,611.9200293223063,0.0,24
Furnace Lake,2017-07-13,26.75875116984052,0.016400900242539745,99541.8681640625,3.0331086426432115,248.17317843437195,403.46582412719727,975.4240404764811,9.159999907016754,24
Furnace Lake,2017-07-14,23.290002441406273,0.015966554327557485,99661.9755859375,2.6905995931039413,176.52763509750366,410.19248962402344,205.39467732111612,11.632399658672512,24
Furnace Lake,2017-07-15,23.030828094482445,0.014338766845564047,99408.68587239583,2.2693974526743967,293.0059285958608,386.1649920145671,149.29334004720053,1.0523999676806852,24
Furnace Lake,2017-07-16,22.467914835612003,0.012735862634144723,99426.8505859375,2.0109765734763463,325.3082263469696,351.6541582743327,278.3706800341606,0.0,24
Furnace Lake,2017-07-17,24.489169057210308,0.014862062642350793,99559.88899739583,2.8581125109214933,258.2139726479848,381.2937405904134,1235.4000422159831,10.6871996819973,24
Furnace Lake,2017-08-04,24.087917582194034,0.015719446159588795,99584.06022135417,3.6375397798159255,222.55730460087457,406.77748998006183,1161.5707168579102,25.764399277046323,24
Furnace Lake,2017-08-05,22.73792419433596,0.014135537669062614,99200.03548177083,3.8133528225885045,263.0716746052106,383.65207290649414,509.41069380442303,21.24400008536759,24
Furnace Lake,2017-08-06,18.65458196004234,0.009780095928969482,99678.1162109375,3.8249743975815043,249.49076299866041,326.0612424214681,10.448000391324362,0.0,24
Furnace Lake,2017-08-07,17.587915039062523,0.010943720932118595,99711.00162760417,3.084876574250061,111.79567261536916,364.7441596984863,10.962667206923166,20.581199131382164,24
Furnace Lake,2017-08-08,19.204578653971378,0.011539250146597624,99406.115234375,2.3288915038384066,272.78384628891945,367.4745724995931,95.1626711289088,0.27239998430013657,24
Furnace Lake,2017-08-09,21.21999384562177,0.01069322096494337,100029.642578125,1.799423938261434,305.88617932175595,333.57791264851886,26.024001568555832,0.0,24
Furnace Lake,2017-08-10,21.75791193644208,0.011167058410743872,100233.78645833333,1.658451167171867,300.5159721374512,339.9604085286458,25.853334228197735,0.0,24
Furnace Lake,2017-09-21,22.35875218709312,0.012915575178340077,99608.216796875,3.600066037748654,205.0464277267456,361.63415781656903,50.41066934913397,0.0,24
Furnace Lake,2017-09-22,20.647086079915386,0.010473016649484634,99749.40690104167,3.885484193973077,210.1403433481852,338.12374623616535,0.0,0.0,24
Furnace Lake,2017-09-23,22.049581146240257,0.011297737713903189,99676.1171875,3.2835137263405993,214.70859320958456,368.0720748901367,0.0,0.0,24
Furnace Lake,2017-09-24,23.55291392008466,0.0118807750986889,99768.82486979167,2.0106404950284165,209.18551218509674,358.82540639241535,82.41066996256511,0.0,24
Furnace Lake,2017-09-25,24.8450014750163,0.014297954311283926,99701.98860677083,2.1659033283204123,206.09525899092355,377.78665924072266,376.70668570200604,0.0,24
Furnace Lake,2017-09-26,23.328328704834007,0.01420809596311301,99666.44921875,2.1689301832001306,200.3103833993276,372.7433230082194,169.25867457687855,0.0,24
Furnace Lake,2017-09-27,23.626667277018253,0.01439069591773053,99258.77083333333,3.040324225424227,191.6851768096288,376.773738861084,260.12268024683,0.0,24
Furnace Lake,2017-09-28,20.826668039957706,0.011437262524850667,98908.59342447917,4.799134053380596,209.00471752882004,337.18624623616535,91.83733749389648,0.0,24
Furnace Lake,2017-09-29,12.878748830159529,0.006296316782633464,99592.7646484375,3.208268878697229,168.84650854269663,305.0024948120117,0.141333336631457,0.0,24
Furnace Lake,2017-09-30,13.357082621256533,0.0068631750958350795,99883.4375,4.13883888599893,126.1106297870477,321.23749415079754,7.2720004717508955,0.005599999916739762,24
Furnace Lake,2017-10-01,12.567082977294945,0.0064039292628876865,100656.31770833333,2.4500791128396258,205.70379831145206,304.9237429300944,0.0,0.0,24
Furnace Lake,2017-10-02,13.732083892822288,0.005700466708124925,100734.95279947917,2.116516501982273,206.74517504374185,275.8604100545247,0.0,0.0,24
Furnace Lake,2017-10-03,14.81750386555992,0.00691986254726847,101281.18098958333,2.4297828068786336,193.56167570749918,298.9966570536296,0.0,0.0,24
Furnace Lake,2017-10-04,15.610837554931663,0.008438258490059525,100860.77213541667,3.5969242760950757,198.07888571421304,303.4391581217448,0.0,0.0,24
Furnace Lake,2018-06-26,17.305828348795597,0.008665312547236681,100170.05436197917,2.816600338103331,309.2702220280965,315.7791582743327,0.0,0.0,24
Furnace Lake,2018-06-27,19.208333587646507,0.012552408501505852,99698.41634114583,4.2308835952938475,142.28992366790771,365.30457305908203,21.093334237734478,1.0307999700307846,24
Furnace Lake,2018-06-28,22.38541692097984,0.014708545951483151,98932.423828125,3.584267750821796,226.4626360734304,402.61874262491864,427.9840230445067,14.011599508114159,24
Furnace Lake,2018-06-29,24.294995880126976,0.014755645960879823,99284.51822916667,2.9637239522868524,322.2012240886688,368.4004084269206,447.0106885433197,0.0,24
Furnace Lake,2018-06-30,25.213329569498722,0.01473302518328031,99644.1943359375,2.876285970728445,321.29734563827515,364.8279113769531,495.46135965983075,0.0,24
Furnace Lake,2018-07-01,26.970000203450542,0.016647725249640644,99608.365234375,2.8014059333955483,317.77635010083515,379.4583257039388,1359.0960578918457,0.0,24
Furnace Lake,2018-07-02,27.654168701171898,0.017345287565452356,99712.27669270833,2.2817061843640642,328.82843255996704,386.1145757039388,1832.0054194132488,0.0,24
Furnace Lake,2018-07-05,26.91333414713544,0.018119041885559756,100364.24251302083,2.9505194439744504,282.30918010075885,419.42082087198895,1619.994748433431,0.042400000093039125,24
Furnace Lake,2018-07-06,25.71958185831708,0.016634275089018047,99733.21256510417,4.18262000848038,233.85863780975342,412.1199900309245,889.213379184405,1.6483999509364367,24
Furnace Lake,2018-07-07,17.894164021809917,0.00895814176571245,100377.93229166667,3.882650547818235,342.3655203183492,304.03082911173504,0.0,0.025999998673796654,24
Furnace Lake,2018-07-08,19.176667785644554,0.008903441756653288,100631.8837890625,1.255788134253198,338.63959948221844,313.8958257039388,0.0,0.0,24
Furnace Lake,2018-07-09,20.84374643961591,0.01040403345056499,100190.92350260417,2.9114953294052213,336.0168890953064,325.9887415568034,0.0,0.0,24
Furnace Lake,2018-07-10,23.312085723876976,0.012886679304453233,99415.755859375,3.3462842854784345,327.2946384747823,351.4216601053874,232.13867551088333,0.0,24
Furnace Lake,2018-07-11,24.50416717529299,0.013636566776161393,99333.64388020833,3.2520922366347538,293.6688901583354,373.90207799275714,508.66935269037884,0.0031999999191612005,24
Furnace Lake,2018-09-12,22.35958124796552,0.01477757100171099,100181.44498697917,2.523286243098657,151.2344664732615,407.91290791829425,247.26934266090393,5.945999813236995,24
Furnace Lake,2018-09-13,21.275835927327496,0.014308787610692283,100387.3818359375,3.6625036980567125,170.08529861768088,391.70040766398114,154.41067482034364,1.8437999713787576,24
Furnace Lake,2018-09-14,21.586672719319683,0.014450775148967901,100263.841796875,3.8415777810203218,181.07875672976175,387.26373926798504,88.13333753744762,0.33319999248487875,24
Furnace Lake,2018-09-15,21.649585978190128,0.01437474174114565,100193.88704427083,1.9696144415778323,196.91959325472513,387.4866600036621,94.83733956019084,0.0011999999405816197,24
Furnace Lake,2018-09-16,22.929580942789737,0.014273500069975853,100158.51106770833,1.5146487651652842,227.36742826302847,359.4124921162923,106.24800431976716,0.0,24
Furnace Lake,2018-09-17,22.483749643961612,0.014400145970284939,99933.05110677083,2.726778864170494,165.1625523964564,374.4091567993164,91.33600405852,7.9335998594760895,24
Furnace Lake,2018-09-18,20.773750559488956,0.01440910017117858,99004.0,2.931947256773766,112.76696393887202,405.8524907430013,47.773335019747414,17.415599569678307,24
Furnace Lake,2018-10-12,15.467916107177757,0.00972710425655047,98383.50390625,5.488654662811375,183.47713295618692,323.653746287028,5.242666880289714,3.7299999445676804,24
Furnace Lake,2018-10-13,8.038748677571638,0.005704079230781645,99001.17578125,3.2089136243424865,92.70750506718953,299.1120719909668,9.826667060454687,5.461599871981889,24
Furnace Lake,2018-10-14,8.101664479573591,0.0054176792812844115,100022.83723958333,2.7622147688295673,117.10388056437175,284.14624277750653,0.0,0.19179999828338623,24
Furnace Lake,2018-10-15,11.839164988199892,0.008183716757533451,99742.98893229167,3.8716697391167716,64.84029499689738,345.5312436421712,3.128000259399414,2.4635999579913914,24
Furnace Lake,2018-10-16,11.206250762939476,0.006469462610160311,99635.87760416667,5.141834024768271,176.55379931131998,290.98499425252277,11.736000696818033,5.217199984937906,24
Furnace Lake,2018-10-17,8.164580281575544,0.005074158407902966,99428.15494791667,5.368633612599699,154.97717507680258,270.18957837422687,14.184000492095947,0.0,24
Furnace Lake,2018-10-18,5.30167160034182,0.003724712529219687,100260.65299479167,6.113219068353081,136.77363069852194,293.091246287028,18.840000816000003,0.0,24
Furnace Lake,2019-09-11,23.183335876464866,0.015174670921017727,100144.8671875,3.840665998505004,230.71322520573935,380.28415807088214,849.3200325171152,0.0,24
Furnace Lake,2019-09-12,24.890000915527366,0.015640741912648082,99761.61686197917,2.8322563555325444,165.44434026877084,400.27040735880536,807.0693730513254,0.0,24
Furnace Lake,2019-09-13,17.188747660319034,0.01031645011001577,100742.771484375,5.40077050771919,139.74196569124857,380.46999486287433,0.8000000494842728,0.0,24
Furnace Lake,2019-09-14,17.289165751139347,0.011020041808175543,100521.578125,3.191171349223317,91.38750445842743,378.84624099731445,0.0,0.0,24
Furnace Lake,2019-09-15,21.2512514750163,0.012413254279332856,100049.81868489583,2.752118781882235,232.57346693674722,354.45582580566406,55.44533618291219,0.0,24
Furnace Lake,2019-09-16,19.62416229248049,0.011005433509126306,99705.78059895833,1.7898315551584556,123.63967219988506,367.6204083760579,18.176000754038494,0.0,24
Furnace Lake,2019-09-17,18.19541447957359,0.009345337593307098,99866.13704427083,2.9189802438170926,231.48551233609518,326.6949933369954,0.8320000171661377,0.0,24
Furnace Lake,2019-09-20,15.399584706624372,0.007287504306683938,100401.501953125,3.374377384546072,225.24567866325378,288.3141619364421,0.0,0.0,24
Furnace Lake,2019-09-21,18.650415039062523,0.009260162614130726,100238.37727864583,3.0393284781733967,223.2605942885081,314.3104070027669,0.0,0.0,24
Furnace Lake,2019-09-22,21.2333440144857,0.011820466800903281,99990.24869791667,2.452702299428861,213.50059262911478,348.3849919637044,82.28267163286607,0.0,24
Furnace Lake,2019-09-23,23.863745625813824,0.013584087719209492,99234.20279947917,4.592487428192838,204.8619262377421,372.3066584269206,26.3013346074149,0.0,24
Furnace Lake,2019-09-24,20.117500559488956,0.010522308526560664,98854.99641927083,4.278208239912361,209.11909421284994,345.33999252319336,62.3013366262118,0.0,24
Furnace Lake,2019-09-25,18.004588063557964,0.00929756670181329,99141.26692708333,3.0119786820168426,213.9082192579905,329.12624104817706,3.157333413759867,0.0,24
Furnace Lake,2019-09-26,19.38208414713544,0.009923062597711882,98926.52115885417,3.6391270478290774,165.51705054442087,339.1941604614258,15.352000802755356,0.0,24
Furnace Lake,2019-09-27,16.18290990193687,0.007614804295978199,99723.08040364583,2.8982647500572423,211.68379708131155,295.10332743326825,0.0,0.0,24
Furnace Lake,2019-09-28,19.141665395100933,0.011223195974404613,99833.57454427083,3.0279872064791573,199.52521522839865,346.48082605997723,475.45602146784466,0.0,24
Furnace Lake,2019-09-29,21.67666397094729,0.012065895949490368,100165.33268229167,3.1001573911443967,198.72505086660385,358.5991579691569,302.35735036929447,0.0,24
Furnace Lake,2019-09-30,15.814588165283226,0.00890070009821405,100447.35188802083,3.2138263366878994,70.2852945079406,359.91748936971027,0.0,0.0,24
Furnace Lake,2019-10-01,19.376252746582054,0.012008033498811225,99848.01725260417,3.629384341316399,190.21438422302404,381.6012420654297,89.4826695996647,0.0,24
Furnace Lake,2019-10-04,14.87208201090497,0.008627825125586241,99687.6025390625,4.428745435195303,182.022341410319,326.95040639241535,3.4400001565615335,0.0,24
Furnace Lake,2019-10-05,8.182075754801454,0.004740470855419214,100780.26529947917,3.3562141948889277,203.15829944610596,249.91624387105307,0.0,0.0,24
Furnace Lake,2019-10-06,12.07458394368492,0.00814832504450654,100497.55110677083,3.9475072644895692,60.038044373194374,337.7183265686035,0.8880000313123068,0.0,24
Furnace Lake,2019-10-07,19.14374694824221,0.012283800092215339,99967.26953125,5.2653169326681075,73.83992115656535,396.3466567993164,30.08000099658966,0.0,24
Furnace Lake,2019-10-08,14.937497711181663,0.008202945968757073,100253.43587239583,4.525346472933113,146.16992378234863,354.6070734659831,1.773333450158437,0.0,24
Furnace Lake,2019-10-09,11.860833740234398,0.006865220920493205,100366.1298828125,5.266492777765401,75.73254561424255,334.19498952229816,0.0,0.0,24
Furnace Lake,2019-10-10,13.16166458129885,0.006780245923437178,100389.5205078125,5.438714847203563,149.81113227208456,336.58416112263996,0.0,0.0,24
Furnace Lake,2019-10-11,13.11457468668622,0.0061161417203644914,100042.46419270833,5.426314063497575,158.53058989842734,323.67499287923175,0.0,0.0,24
Furnace Lake,2019-10-12,13.854583994547548,0.007907291680263976,99520.83951822917,2.790405391830286,146.30850664774576,343.7629102071126,0.0,0.0,24
Furnace Lake,2019-10-13,13.11124954223635,0.006881350030501683,99653.05631510417,2.5628620294488718,179.48796971638998,293.98082478841144,0.024000000829497974,0.0,24
Furnace Lake,2019-10-14,13.101246134440126,0.006667433461795251,99442.484375,2.885126413407034,180.3799688021342,296.68249384562176,0.0,0.0,24
Furnace Lake,2019-10-15,10.668342844645204,0.005008904185766975,99875.26399739583,2.709135391831124,177.02250703175864,267.95374488830566,0.0,0.0,24
Furnace Lake,2019-10-16,11.820837910970075,0.007374112533094983,99040.84407552083,5.472475428822269,105.91508821646373,313.0129102071126,46.86400226751963,0.0,24
Furnace Lake,2019-10-17,10.783339436848982,0.006699716769314061,97421.32975260417,9.602383953293545,91.47775268554688,317.29707590738934,0.5893333504597346,0.0,24
Furnace Lake,2019-10-18,9.661669667561872,0.005574495842059453,98776.35904947917,6.406509521472302,170.1172591050466,289.884573618571,0.0,0.0,24
Furnace Lake,2019-10-19,7.187083180745465,0.004889745963737369,99628.78580729167,2.9115670328649963,172.4991770585378,252.70541127522787,0.0,0.0,24
Furnace Lake,2019-10-20,9.613337453206404,0.006080620941550781,99546.3447265625,2.1223604588124068,50.715918143590294,315.9579086303711,0.0,0.0,24
Furnace Lake,2019-10-21,12.495414988199892,0.007752008445095271,99631.052734375,3.348367469968899,164.6969674428304,314.6829071044922,0.0,0.0,24
Furnace Lake,2019-10-22,12.964997863769554,0.008573533520878604,99551.05436197917,4.149875164898649,63.44337842861811,338.55666224161786,0.3706666827201843,6.829799667000771,24
Furnace Lake,2020-07-07,24.061661020914737,0.01613078359514475,99764.90299479167,3.642460323587629,285.96488904953003,392.8862419128418,1143.2987200419109,0.013599999248981476,24
Furnace Lake,2020-07-08,25.00208180745445,0.016879854490980506,99570.40950520833,2.9642258799881094,227.1285138130188,406.6516583760579,1018.0187212626139,7.878799838013947,24
Furnace Lake,2020-07-09,25.859165445963566,0.016353395922730368,99437.1728515625,2.377119401731616,316.7533489863078,393.9066569010417,739.7333655357361,0.1159999993396923,24
Furnace Lake,2020-07-10,23.830834960937523,0.016528846191552777,99251.29752604167,4.465180546355958,181.44071658452353,396.78790791829425,355.34668668111163,41.70839875936508,24
Furnace Lake,2020-07-11,22.77374674479169,0.015258462711547812,98548.10188802083,3.292950206994371,239.52959577242532,407.02582295735675,523.1013587117195,10.869599834550172,24
Furnace Lake,2020-07-12,23.769164021809917,0.0139852041999499,98622.5048828125,4.585921807171918,305.77397322654724,378.9879086812337,243.18934355179468,3.0431999787688255,24
Furnace Lake,2020-07-13,24.338756815592472,0.01384087927484264,98850.32975260417,3.331202384686651,318.8631392319997,379.8666585286458,449.3573571840922,6.652799871226307,24
Furnace Lake,2020-07-14,22.834583536783878,0.012574137576545278,99312.19108072917,3.1899485020392646,325.44584663709,361.93665822347003,293.9200155412157,0.0,24
Furnace Lake,2020-07-15,22.847085571289085,0.013225500200254222,99971.609375,2.993643146608461,309.932181596756,367.3345781962077,124.22667241096497,0.0,24
Furnace Lake,2020-07-16,22.208751932779972,0.013945695982935527,100317.29654947917,4.143117604991176,229.6338827610016,383.0870768229167,21.088000734647114,0.0,24
Furnace Lake,2020-07-17,22.564583079020206,0.01503460439077268,99948.89908854167,3.2334406746010753,259.74426158269245,405.3008219401042,671.8667004903158,0.04879999905824661,24
Furnace Lake,2020-07-18,26.939577992757183,0.016632966813631356,99724.43489583333,1.6933144721860571,322.2655990123749,391.5916557312012,1160.2107111612956,0.0,24
Furnace Lake,2020-07-19,26.779167429606144,0.01581030016920219,99413.80013020833,3.8009408385140957,312.1192197004954,382.57749430338544,861.4853782653809,0.0019999999494757503,24
Furnace Lake,2020-07-20,28.3241643269857,0.01824942526097099,99076.6103515625,4.0552969825546485,310.6316789786021,414.51332092285156,1541.261395772298,0.0,24
Furnace Lake,2020-07-21,26.177498118082706,0.014878191868774593,99488.47786458333,2.5676273927339888,316.00143178304035,379.9408238728841,338.41068492333096,0.0,24
Furnace Lake,2020-07-22,27.950835164388042,0.016704662702977657,99552.35579427083,1.958639822120236,258.9382607142131,418.33832422892254,881.8000272115072,39.38439862430096,24
Furnace Lake,2020-07-23,26.47125396728518,0.016987862686316173,99601.4150390625,3.3225879752526803,233.50767731666565,415.3549868265788,1011.8293774922689,21.5523993819952,24
Furnace Lake,2020-07-24,25.850832875569683,0.01599481263353179,99748.63639322917,1.857975797257528,258.9323000709216,408.08124287923175,752.3520393371582,3.157999907620251,24
Furnace Lake,2020-07-25,25.30999908447268,0.015380450136338672,99818.171875,2.3855038645939026,309.94434797763824,382.5183245340983,599.8746999104818,0.0,24
Furnace Lake,2020-07-26,26.803748067220074,0.01658120840632667,99575.8115234375,4.2689501985857,314.5523063341777,392.4279085795085,325.9226824442546,0.0,24
Furnace Lake,2020-07-27,26.582082366943382,0.016035646083764732,99078.79036458333,4.316554453312259,314.83659193913144,378.79541142781574,490.41602623462677,0.0,24
Furnace Lake,2020-07-31,24.288751220703148,0.014189800208744904,98978.11751302083,2.486018763194047,165.7368412812551,403.1108233133952,178.8266757329305,11.388799710199237,24
Furnace Lake,2020-08-01,24.936250305175804,0.013998129249860844,99208.18522135417,1.3989548549344988,303.3307657639186,385.8108278910319,68.02133625745773,0.0,24
Furnace Lake,2020-08-02,25.08624674479169,0.01695171285731097,99222.52506510417,3.7038970733737617,176.6155060927073,427.3774884541829,804.4160404205322,42.8419991210103,24
Furnace Lake,2020-08-03,25.197081502278667,0.01444134182141473,99410.3447265625,3.8473301146969185,303.76185166835785,382.23666127522785,388.7413529753685,7.823599774390459,24
Furnace Lake,2020-08-04,22.754585520426456,0.01527351668725411,99160.046875,5.30931262176641,132.1099638144175,409.96791076660156,302.2880106096466,123.40119692194276,24
Furnace Lake,2020-08-05,22.984990692138695,0.013633350065598885,99463.912109375,2.715306619328528,307.1612287859122,373.38207626342773,94.85600420832634,14.979999089613557,24
Furnace Lake,2020-08-06,21.92334391276044,0.011968195942851404,99806.74869791667,2.851495865745889,251.3921786646048,367.9308268229167,44.461335837841034,0.6787999793887138,24
Furnace Lake,2020-08-07,21.17708485921226,0.013193320909825465,99933.09016927083,3.3055049284868883,184.67130092779794,383.7820752461751,181.12534288565317,10.507999496534467,24
Furnace Lake,2020-08-08,22.127083079020206,0.014389750082045794,100019.20540364583,2.4452448452541655,239.53021864096323,392.1383221944173,673.0293606917063,0.11759999580681324,24
Furnace Lake,2020-08-09,23.98750457763674,0.015375816961750388,99877.04264322917,2.4671520072470283,281.2658068674306,378.6349957784017,783.4613733291626,0.0,24
Furnace Lake,2020-08-10,25.933750406901066,0.016225546249188483,99633.29720052083,2.946743730274489,291.8801794052124,393.3008219401042,1203.4560521443684,0.0,24
Furnace Lake,2020-08-11,26.84250666300458,0.018006670909623306,99385.42610677083,3.471423552760759,259.0787607828776,411.66124216715497,1647.6427510579426,0.0,24
Furnace Lake,2020-08-12,27.10500233968101,0.01768616687816878,99527.1025390625,2.40115528661885,263.40180015563965,424.6191584269206,1410.5680669148762,0.10719999670982361,24
Furnace Lake,2020-08-13,25.646667734781925,0.016536687772410612,99764.7998046875,1.6458660709215633,204.15034325917563,401.1899922688802,1246.6507199605305,3.653599977493286,24
Furnace Lake,2020-09-05,18.991255696614605,0.008606854302342981,99955.76497395833,3.1063563531121523,254.78055699666342,315.11040751139325,0.010666667173306147,0.0,24
Furnace Lake,2020-09-06,19.613750712076847,0.009044020921768,100101.970703125,2.6554506307736143,240.6777227719625,335.1254056294759,27.552001394331455,0.0,24
Furnace Lake,2020-09-07,20.171248372395855,0.011307133516917625,99784.28743489583,3.484570601070414,243.46446673075357,338.6420758565267,8.432000358899435,0.0,24
Furnace Lake,2020-09-08,22.076253509521507,0.012468383531086147,99923.10872395833,2.347192178325628,242.1051403681437,354.6516596476237,63.34133738279343,0.0,24
Furnace Lake,2020-09-09,22.525422668457054,0.012992679296682278,100340.83040364583,2.9051818024898517,221.71567821502686,362.02624257405597,76.28800439834595,0.0,24
Furnace Lake,2020-09-10,21.40832926432294,0.014738971018232405,100372.34114583333,1.859355183511302,64.57967015107472,403.88999303181964,45.75466833511988,16.389599854534026,24
Furnace Lake,2020-09-11,21.58957951863609,0.013308133464306593,100045.98177083333,2.7983803266746947,221.28013602892557,381.41082763671875,8.482667247454325,0.0,24
Furnace Lake,2020-10-16,13.954582468668642,0.009346600156277418,99562.48079427083,3.4550727362982356,44.85146085421244,353.4349937438965,4.813333570957184,5.90659987993422,24
Furnace Lake,2020-10-17,9.337497965494814,0.005027095864837368,100272.40234375,3.336142652540177,176.03842639923096,283.8499921162923,0.0,0.08899999596178532,24
Furnace Lake,2020-10-18,9.97582906087242,0.004428862545561667,100823.18684895833,2.647543543543054,167.1788428624471,266.808744430542,0.0,0.036399997770786285,24
Furnace Lake,2020-10-19,12.98542429606122,0.008589825166078905,100523.69075520833,3.108632083016152,74.90891953309377,333.1712417602539,8.493333756923676,0.0,24
Furnace Lake,2020-10-20,17.552081044514996,0.010944095983480414,100221.34016927083,2.577215762816612,128.70604773362479,372.49749120076496,13.805333932240805,0.4819999933242798,24
Furnace Lake,2020-10-21,18.49707692464195,0.011550083407200873,100291.78743489583,3.2298388046244715,144.90521581967673,350.8274892171224,256.56801160176593,0.03480000048875809,24
Furnace Lake,2020-10-22,19.661248779296898,0.012317020950528482,100233.99479166667,2.1663790510231835,147.48463280995688,348.6729100545247,275.0720130801201,0.0,24
Furnace Lake,2024-10-15,6.556247965494815,0.00425963334661598,99090.095703125,4.455053167056634,114.8737924893697,283.1174971262614,13.202083496997753,0.0,24
Furnace Lake,2024-10-16,7.853334045410179,0.004445233362882088,99485.19986979167,4.252318117776292,150.0927517414093,290.37875111897785,2.641666700442632,0.0,24
Furnace Lake,2024-10-17,7.488331095377627,0.004281408366902421,100193.05436197917,3.1622530412638565,175.28800042470297,256.4883340199788,0.0,0.0,24
Furnace Lake,2024-10-18,10.089167531331404,0.004308041650801897,100697.02897135417,3.0043682633126867,171.39762512842813,263.1679172515869,0.0,0.0,24
Furnace Lake,2024-10-19,12.840833282470726,0.0046529583050869405,101101.287109375,1.2410413929239492,169.57075055440268,271.57874997456867,0.0,0.0,24
Furnace Lake,2024-10-20,13.73999938964846,0.0050696458395880955,100593.587890625,2.598640175824252,168.76820731163025,271.50250244140625,0.0,0.0,24
Furnace Lake,2024-10-21,16.08833465576174,0.005689424947680284,100144.14127604167,3.141375139166902,160.06345796585083,301.6770820617676,0.0,0.0,24
Furnace Lake,2024-10-24,15.912500000000023,0.007095458315840612,99279.53287760417,4.492045463974244,157.44183222452799,310.8112500508626,8.979583422342936,0.47689999639987946,24
Furnace Lake,2024-10-25,8.837916310628279,0.00451817086044078,99820.2294921875,3.492126937388665,159.3315431177616,255.33791542053223,0.0,0.0,24
Furnace Lake,2024-10-26,12.651666259765648,0.0048990625073201954,99771.28352864583,4.913701027576282,143.28454113006592,317.1766649881999,1.6704166854421298,0.0,24
Furnace Lake,2024-10-27,8.210417683919294,0.003140725001382331,100617.029296875,3.1917719237509155,157.44604269663492,246.78208287556967,0.0,0.0,24
Furnace Lake,2024-10-28,8.88708394368492,0.003191700001480058,100766.56608072917,2.2138788550242228,141.40858236948648,278.25583267211914,0.0,0.0,24
Furnace Lake,2024-10-29,10.675000762939476,0.00588931249997889,100915.220703125,3.501694664988104,140.06695779164633,292.75833257039386,2.0216666559378305,0.0,24
Furnace Lake,2024-10-30,15.788752492268904,0.008291833296728631,100541.45833333333,3.1785492701062377,142.96587467193604,334.8975003560384,0.0,0.0,24
Greenwood Lake,2015-06-03,13.51291173299156,0.008487566704085717,99142.974609375,2.862697991676143,314.77522325515747,322.45249430338544,1.2880000441024702,0.19280000030994415,24
Greenwood Lake,2015-06-04,13.064995066324892,0.008149070975681147,99266.67643229167,3.396488341596328,249.4304280281067,314.95165888468426,0.0,0.0,24
Greenwood Lake,2015-06-05,14.349165852864607,0.009562058413090805,98886.5771484375,1.472674591595439,125.71042295296986,373.36040751139325,0.12266667435566585,0.03920000046491623,24
Greenwood Lake,2015-06-06,18.12500152587893,0.01091645440707604,98325.02897135417,3.2433750711363065,261.08934676647186,371.8849906921387,219.08001065254211,4.279799908748828,24
Greenwood Lake,2015-06-07,15.55166905721031,0.008003087636704246,98943.607421875,3.7245611839387713,284.35176555315655,310.5179100036621,0.02666666793326537,0.0,24
Greenwood Lake,2015-06-08,17.287088012695335,0.011090250103734434,98447.388671875,5.81293040894501,274.3771821657817,351.5924898783366,201.83468000094095,3.509599845157936,24
Greenwood Lake,2015-06-09,21.317088063557964,0.013464383548125625,97592.81184895833,5.80408309034114,246.689635515213,391.5308252970378,341.21335283915204,10.670799672981957,24
Greenwood Lake,2016-07-07,26.11500447591148,0.01677926261133204,97913.52506510417,2.6097342499757263,251.46176433563232,401.56082280476886,1224.2400563557942,2.803999950643629,24
Greenwood Lake,2016-07-08,25.531242624918644,0.016183779419710238,97947.63704427083,2.3461739565160578,266.2370974620183,403.1416549682617,545.5653619766235,14.136000275611877,24
Greenwood Lake,2016-07-09,21.804992930094425,0.015112471029472848,98033.0859375,4.038894504847679,189.60342494646707,398.74499130249023,260.34667758146924,1.860799947171472,24
Greenwood Lake,2016-07-10,20.16458663940432,0.01220853766426444,98122.9013671875,3.307669247444229,230.4315491517385,381.99832407633465,70.49867057303588,13.739199858158827,24
Greenwood Lake,2016-07-11,20.147080993652366,0.011170879278021554,98724.3544921875,2.8143114468915376,293.8633889357249,360.6999931335449,8.797333553122977,0.0,24
Greenwood Lake,2016-07-12,21.760832722981792,0.010550012617992858,98872.513671875,3.35492925448053,325.21660137176514,336.51999282836914,0.0,0.0,24
Greenwood Lake,2016-07-13,22.650835927327496,0.013356520949552456,98738.20735677083,4.289511690974705,231.73842684427896,389.3924903869629,194.37334376573563,0.0,24
Greenwood Lake,2016-09-21,22.144584910074894,0.010882158433863273,99055.94205729167,3.108249977525347,219.5338434378306,337.41832733154297,66.33333632039528,0.0,24
Greenwood Lake,2016-09-22,21.237084960937523,0.007844116732788583,99052.17708333333,1.7253509472883353,224.36680603027344,320.61290740966797,0.0,0.0,24
Greenwood Lake,2016-09-23,20.376250203450542,0.009589920906970898,98695.18489583333,2.618420552910265,164.49067362149557,340.82873789469403,25.50400137901306,0.0,24
Greenwood Lake,2016-09-24,17.676250712076847,0.009689362719655037,98793.37955729167,3.1250839828884556,132.22529776891074,367.2695782979329,13.256000806887945,1.8155999332666397,24
Greenwood Lake,2016-09-25,12.16208419799807,0.005221291716831426,99095.8134765625,3.407051801477964,224.099635442098,278.31040954589844,0.0,0.0,24
Greenwood Lake,2016-09-26,13.482923126220726,0.005273387553946425,99016.22135416667,3.4544372484278725,210.3685905536016,289.54624048868817,0.0,0.0,24
Greenwood Lake,2016-09-27,18.287915802001976,0.009622512540469566,98312.994140625,4.196476812619175,204.3363023598989,353.5770772298177,0.23333334426085153,4.935599982738495,24
Greenwood Lake,2017-04-20,10.787915802001976,0.007342450087890029,98924.8515625,3.010968593390397,147.87284183502197,357.6624921162923,0.1346666750808557,5.995599674992263,24
Greenwood Lake,2017-04-21,12.632918294270857,0.008552804259428134,98351.3056640625,4.694182555056215,176.7046356201172,360.1708246866862,0.4000000059604645,10.660799697041512,24
Greenwood Lake,2017-04-22,11.096665954589866,0.007403320962718378,98303.22623697917,3.0621925173167086,94.68942197163899,340.34165318806964,4.06933356790493,1.6619999720714986,24
Greenwood Lake,2017-04-23,9.451262410481794,0.005301791708916426,98655.8232421875,3.121705734976869,307.6525576909383,273.3562431335449,1.734666706994176,0.0,24
Greenwood Lake,2017-04-24,11.596663411458357,0.00618395422740529,98897.85904947917,3.6576724389945983,281.29614130655926,278.89124488830566,0.0,0.004799999878741801,24
Greenwood Lake,2017-04-25,10.462915039062523,0.007252791741242011,98757.73567708333,6.9087762773536765,75.78004574775696,349.8691584269206,0.0,5.20339984446764,24
Greenwood Lake,2017-04-26,14.372078196207704,0.009663862525485456,97872.62955729167,5.2088660818177015,100.3440891901652,378.50040944417316,5.033333535927038,14.604199904948473,24
Greenwood Lake,2017-05-24,14.450418090820335,0.008690229209605604,97783.42447916667,3.73280552500541,212.13351194063821,333.2404136657715,0.0,0.0,24
Greenwood Lake,2017-05-25,12.534585571289085,0.00858272509261345,97579.91341145833,6.102338445568477,132.31021436055502,356.2079086303711,8.922667020310959,15.136399441864341,24
Greenwood Lake,2017-05-26,15.51124216715497,0.009625354199670255,97146.3984375,4.884293682769079,237.06888417402902,358.25124486287433,24.50400099530816,21.463599649257958,24
Greenwood Lake,2017-05-27,15.957915242513044,0.00938409174947689,98020.8076171875,2.3494347768874704,176.0149265329043,359.6458269755046,8.778667122125626,0.0,24
Greenwood Lake,2017-05-28,16.53666458129885,0.010583525213102499,98210.08984375,3.697473952351378,185.29496908187866,374.03624471028644,9.000000367561976,0.0,24
Greenwood Lake,2017-05-29,13.06666208902997,0.009154575100789467,98329.2724609375,4.120437332044522,81.42100397745769,365.1504046122233,0.0,7.182799834758043,24
Greenwood Lake,2017-05-30,13.125004069010439,0.008931275127300372,98915.66145833333,3.86874334789716,149.48088177045187,339.2024917602539,0.01600000075995922,0.4987999848090112,24
Greenwood Lake,2017-05-31,16.201244608561222,0.010312545928172767,98567.3720703125,3.3527828988516166,260.7258006334305,350.8087387084961,487.7520284727216,1.9599999180063605,24
Greenwood Lake,2017-06-01,17.854165649414085,0.009576270977656046,98361.421875,4.20741833257593,308.86997119585675,320.59040959676105,227.24534543355307,6.615199763327837,24
Greenwood Lake,2017-06-02,16.40625406901044,0.007887366751674563,98361.34765625,4.573629107212922,270.3020562330882,325.8754081726074,153.8560070991516,0.0015999999595806003,24
Greenwood Lake,2017-06-03,13.41208674112958,0.006400933372788131,98454.70703125,4.522108522913402,318.2630998293559,290.6437479654948,46.10666902860006,0.0,24
Greenwood Lake,2017-06-04,13.03416468302411,0.007373612587495397,98514.44889322917,2.5299277922424706,156.070716381073,318.7145767211914,0.45066668062160414,3.497999941697344,24
Greenwood Lake,2017-06-05,17.569590504964214,0.011384445902270576,97789.87109375,2.4575632049905076,259.1080963611603,366.85582478841144,445.73069071769714,3.055599944666028,24
Greenwood Lake,2017-06-06,14.204585011800154,0.009962312605542442,97778.2294921875,3.5346041143047935,122.80388180414836,364.4716542561849,34.45600173870722,8.638799629348796,24
Greenwood Lake,2017-06-07,12.162918345133486,0.007431933442906787,98345.00390625,3.1014994798012387,267.28522280852,337.0629069010417,10.805333932240805,0.25119998631998897,24
Greenwood Lake,2017-06-08,16.024167633056663,0.008128666804016879,98471.9169921875,2.9489907793694514,329.9106816450755,312.08957290649414,1.6373334129651387,0.0,24
Greenwood Lake,2017-06-09,16.342919921875023,0.008858866737379381,97869.126953125,3.375932491604931,287.32497119903564,328.9533284505208,210.792010307312,0.0,24
Greenwood Lake,2017-06-10,19.458748118082706,0.00992533762473613,98331.201171875,5.067195141110784,295.84455553690594,339.3799934387207,181.33867796262106,0.0,24
Greenwood Lake,2017-06-11,22.943332926432316,0.013245266784603396,98699.72819010417,5.290908638138148,333.2392684618632,355.6754086812337,289.9573471446832,0.0,24
Greenwood Lake,2017-06-12,24.332498168945335,0.015137695940211415,98565.955078125,3.779179086670989,333.1793061097463,361.4541600545247,946.6000461845348,0.0,24
Greenwood Lake,2017-07-05,22.362500762939476,0.012293587671592832,99083.38020833333,3.40498765129639,327.99213886260986,358.61832427978516,73.45333592096965,0.0,24
Greenwood Lake,2017-07-06,20.565414683024112,0.012088483471112946,98992.9951171875,3.4140959587126503,250.06646927197775,363.55041122436523,2.461333431303501,0.0,24
Greenwood Lake,2017-07-07,20.024995422363304,0.013399225077591836,98128.20345052083,2.695440148164234,182.1736733118693,395.17207590738934,89.68533698717754,55.81559833139181,24
Greenwood Lake,2017-07-08,22.47541961669924,0.013774487655609846,97786.18619791667,3.7479437589454534,236.62888765335083,378.7741584777832,383.3093557357788,5.275599962100387,24
Greenwood Lake,2017-07-09,19.372088368733746,0.009946362658714255,98379.6357421875,3.935682524901018,332.6527677377065,323.9970766703288,10.72000010808309,0.0,24
Greenwood Lake,2017-07-10,20.99041392008466,0.010838133360569676,98660.75846354167,4.457656377239582,322.42097242673236,341.9179102579753,99.01867135365804,0.7800000021234155,24
Greenwood Lake,2017-07-11,23.87875137329104,0.015009821004544696,98371.14095052083,4.29496673650591,296.7534288565318,396.8491566975911,801.6640357971191,9.372799649834633,24
Greenwood Lake,2017-07-12,24.757918294270855,0.014756087795831263,98494.56705729167,3.578416041951039,240.31767646471658,390.38665771484375,592.0773601531982,2.2223999071284197,24
Greenwood Lake,2017-07-13,24.677503204345726,0.015301000171651443,98613.33561197917,2.7116915940044968,217.97567534446716,397.13415781656903,802.2827002207438,5.655199766159058,24
Greenwood Lake,2017-07-14,22.142088826497417,0.015187320920328299,98764.935546875,2.8647282421451767,161.85879997412363,408.7137387593587,136.85067303975424,35.840399260632694,24
Greenwood Lake,2017-07-15,21.88041458129885,0.013673350214958191,98450.47200520833,3.030965327072862,282.62793103853863,383.12499237060547,113.38933676481247,2.7185999378561974,24
Greenwood Lake,2017-07-16,21.759581502278667,0.012326829290638367,98444.93131510417,2.569397155418431,321.4403910636902,350.6162414550781,317.4853493639578,0.0,24
Greenwood Lake,2017-07-17,24.08417154947919,0.014748712613557776,98649.80826822917,3.256969905890631,306.089802980423,375.05916086832684,1285.2000630696614,3.2607998847961426,24
Greenwood Lake,2017-08-04,22.860420481363956,0.01482416270300746,98702.8330078125,3.8863910034169344,211.3579702253143,395.67124303181964,924.6533762613932,1.3709999807178974,24
Greenwood Lake,2017-08-05,21.64209136962893,0.013699071016162634,98281.31608072917,3.964250322229607,237.52484678228697,379.1183217366536,475.3280226389567,6.886799963191152,24
Greenwood Lake,2017-08-06,18.18583196004234,0.009372262711015841,98653.5830078125,4.242095452054976,267.26593049367267,321.6991589864095,5.394666939973831,0.0,24
Greenwood Lake,2017-08-07,16.982080078125023,0.010358620784245431,98773.58854166667,2.9406766066299785,91.93733714024226,360.67665990193683,5.8080003162225085,9.72359977796441,24
Greenwood Lake,2017-08-08,18.984167989095074,0.011439833479623,98439.5546875,2.444395750860129,271.48118273417157,366.53540802001953,74.61866966883342,0.08320000156527385,24
Greenwood Lake,2017-08-09,20.12666219075523,0.010079971010175845,99036.22884114583,2.1070957674969333,307.60784943898517,329.1237449645996,21.098667548969388,0.0,24
Greenwood Lake,2017-08-10,21.48291422526044,0.010994925047270954,99284.90625,2.3141048852441877,300.92413743336994,342.4808235168457,59.52800373981396,0.0,24
Greenwood Lake,2017-09-21,21.427082316080753,0.012556441904356083,98644.00260416667,4.2923946831762185,210.85093140602112,358.5770772298177,13.744000534216562,0.0,24
Greenwood Lake,2017-09-22,18.766250864664737,0.010001416822584966,98750.072265625,4.5440848833011165,194.3369244734446,337.1304079691569,0.0,0.0,24
Greenwood Lake,2017-09-23,21.047495778401714,0.011276137665845454,98702.51822916667,3.629996782569695,220.76584259668985,368.58165613810223,0.0,0.0,24
Greenwood Lake,2017-09-24,22.250830586751324,0.011790475187202295,98792.53157552083,1.9556801883904225,214.93559646606445,355.6516596476237,105.80267302195232,0.0,24
Greenwood Lake,2017-09-25,24.065833028157574,0.013846437679603696,98779.77473958333,1.8042625678499835,212.0772581100464,372.7479082743327,445.3520278930664,0.0,24
Greenwood Lake,2017-09-26,22.426241811116558,0.013779012641559044,98716.7685546875,2.400939979906044,206.68938573201498,371.1349932352702,175.38934192061424,0.0,24
Greenwood Lake,2017-09-27,22.824168141682964,0.013943862519226968,98321.8115234375,2.061605840304094,185.20775798956552,373.2612444559733,249.98134280865392,0.0,24
Greenwood Lake,2017-09-28,20.34208196004234,0.011649579314204553,97941.154296875,4.9989837211620065,213.85521761576334,340.3824920654297,100.42133800188701,0.0,24
Greenwood Lake,2017-09-29,11.979166920979841,0.0060932501025187475,98567.48470052083,3.3879118058407482,176.21159291267395,296.82541211446124,0.0,0.0,24
Greenwood Lake,2017-09-30,13.13541183471682,0.006801758427172899,98842.79720052083,4.3664435994096396,146.25838202238083,321.581241607666,12.616000533103943,0.29159998893737793,24
Greenwood Lake,2017-10-01,12.06458435058596,0.006323145954714467,99640.29134114583,2.490001412567526,214.82550785938898,304.96498998006183,0.0,0.0,24
Greenwood Lake,2017-10-02,12.684166208903017,0.0055614333832636476,99734.73860677083,2.359697956749382,215.1501746972402,271.4783299763997,0.0,0.0,24
Greenwood Lake,2017-10-03,13.720418548584007,0.006819645835397144,100322.35481770833,2.7392364503031277,188.141260912021,303.20582580566406,1.19733337747554,0.0,24
Greenwood Lake,2017-10-04,14.88333409627281,0.008186508377548307,99858.7724609375,4.656315533551559,205.97109363072863,300.583745320638,0.0,0.0,24
Greenwood Lake,2018-06-26,16.66082916259768,0.008433462566851327,99189.4931640625,3.057248105962231,312.89522854487103,316.5424944559733,0.0,0.0,24
Greenwood Lake,2018-06-27,18.72124888102216,0.01169394189491868,98763.5361328125,4.878581467826486,176.9127572377523,361.6254081726074,30.68800175189972,4.835600107908249,24
Greenwood Lake,2018-06-28,20.9700014750163,0.013948512768062452,98006.31705729167,4.18933075941742,224.6571352481842,393.9337463378906,360.3200232256204,20.925999355036765,24
Greenwood Lake,2018-06-29,23.592497762044292,0.014046679367311299,98321.77213541667,3.505573046041661,332.6208966573079,364.5291570027669,486.60268727938336,0.0,24
Greenwood Lake,2018-06-30,24.446243540445987,0.014146625141923627,98683.02180989583,3.298132227780716,330.83484919865924,363.4433250427246,424.7973527113597,0.0,24
Greenwood Lake,2018-07-01,26.4333320617676,0.016633825143799186,98614.95149739583,3.039357221317355,308.7998468875885,384.778325398763,1796.6720962524414,0.0,24
Greenwood Lake,2018-07-02,27.519170379638695,0.017711337733392913,98770.4912109375,2.6874583971593204,326.2655996481578,389.02415974934894,2004.7920888264973,0.0,24
Greenwood Lake,2018-07-05,26.587087249755882,0.01812952500768006,99432.4560546875,3.4503978787023653,287.73967536290485,418.81415939331055,1814.8747431437175,0.2919999957084656,24
Greenwood Lake,2018-07-06,25.31208190917971,0.016447758573728304,98745.87890625,5.193575191031852,235.37530636787415,406.8158251444499,976.178703546524,2.7555999215401243,24
Greenwood Lake,2018-07-07,17.337497965494816,0.008603875195452323,99420.73307291667,3.5443487598892767,338.71301714579266,301.77416102091473,0.0,0.0,24
Greenwood Lake,2018-07-08,18.916249847412132,0.00878624173734958,99656.15104166667,0.9507181908419821,334.23943567276,318.97374471028644,0.0,0.0,24
Greenwood Lake,2018-07-09,20.618328348795597,0.01049843345147868,99173.05729166667,3.5032488640208386,331.28222401936847,329.882080078125,0.0,0.0,24
Greenwood Lake,2018-07-10,22.6729192097982,0.012577929378797611,98431.435546875,3.6496272073279283,327.6573068300883,349.0395787556966,285.9706841309865,0.0,24
Greenwood Lake,2018-07-11,23.47583414713544,0.013080166808019081,98397.00455729167,3.698976887597985,258.4482220013936,373.89207712809247,501.1973573366801,0.6483999788761139,24
Greenwood Lake,2018-09-12,20.90457941691083,0.013822871027514338,99259.79231770833,2.2942991937719612,163.222549756368,394.34791056315106,184.0400089994073,2.6903999608184677,24
Greenwood Lake,2018-09-13,19.468750254313175,0.0130420041969046,99445.11458333333,2.975008658477971,136.95346506436667,392.62707138061523,115.00000735620658,0.6207999847829342,24
Greenwood Lake,2018-09-14,20.71458714803062,0.013711641814249257,99343.1220703125,3.30453881660134,203.38709529240927,376.7987429300944,87.2133369743824,0.6199999824166298,24
Greenwood Lake,2018-09-15,20.911255137125675,0.013535708421841264,99229.0078125,1.759184410061672,223.16243060429892,368.55791091918945,131.32267407576242,0.0,24
Greenwood Lake,2018-09-16,22.294581349690777,0.01395691690656046,99195.23014322917,2.198087196340571,232.64809558788934,360.77374267578125,178.00800801813602,0.0,24
Greenwood Lake,2018-09-17,21.85416692097984,0.01380412932485342,98988.27766927083,3.302776522353989,204.52955233554044,365.6158281962077,99.63466980059941,5.05999993532896,24
Greenwood Lake,2018-09-18,21.618750508626324,0.0150464668792362,98035.7080078125,3.388622375778097,114.38354730606079,405.4862416585286,54.39733591799935,12.850399646442384,24
Greenwood Lake,2018-10-12,15.962912495931013,0.009843304268239686,97313.07682291667,5.937302348402247,187.62296724319458,331.86957295735675,5.757333583508928,0.33319999277591705,24
Greenwood Lake,2018-10-13,7.1383326212565335,0.005351779167540371,97913.49544270833,3.7827138442264445,92.83783761660258,294.21082433064777,6.202666997909546,4.296399874612689,24
Greenwood Lake,2018-10-14,7.303328450520856,0.005043812522975107,98956.51692708333,3.133701731442154,113.90838122367859,281.5470790863037,0.0,0.0,24
Greenwood Lake,2018-10-15,10.473744964599632,0.007434216832431654,98726.1083984375,4.974586857409776,60.44212826093038,332.67790603637695,2.872000217437744,0.6464000004343688,24
Greenwood Lake,2018-10-16,10.543751017252626,0.006084329177004595,98547.42447916667,6.193349938970808,185.65546782811484,285.06832949320477,10.861333926518759,3.261200062930584,24
Greenwood Lake,2018-10-17,7.1070826212565335,0.004648658388759941,98323.6748046875,6.03856888160955,144.9390039841334,266.9379113515218,16.026667137940724,0.007199999876320362,24
Greenwood Lake,2018-10-18,4.25250651041669,0.0033995958704811833,99127.34635416667,7.2797503127737455,138.73496516545615,285.71291097005206,10.690667152404785,0.0,24
Greenwood Lake,2019-09-11,22.080836232503277,0.014090120986414453,99124.7607421875,4.752949919646874,237.84939050674438,378.1854070027669,775.9013846119245,0.0,24
Greenwood Lake,2019-09-12,22.840833282470726,0.014728941838257015,98822.01725260417,3.1786808889804234,118.57583928108215,390.1720720926921,720.1227064927419,0.0,24
Greenwood Lake,2019-09-13,15.745417531331404,0.00918105011805892,99817.86393229167,5.122838504780037,239.90413610140482,333.0041567484538,1.2853333720316489,0.0,24
Greenwood Lake,2019-09-14,14.821251169840517,0.009776675103542706,99570.16471354167,4.034365150875092,83.32067106167476,357.91040802001953,0.0,0.02219999930821359,24
Greenwood Lake,2019-09-15,20.13458404541018,0.011575187595250705,99040.91178385417,3.51908752829827,236.97380256652832,353.4170735677083,43.90933514634768,0.040399998892098665,24
Greenwood Lake,2019-09-16,18.48166681925458,0.010309300113779804,98732.95345052083,2.165907935747747,122.75442183017731,365.40415954589844,26.586667617162068,0.0,24
Greenwood Lake,2019-09-17,16.61332982381187,0.008167137605293343,98888.90950520833,3.3647011745032835,239.44184547662735,307.5358250935872,0.8586667279402415,0.0,24
Greenwood Lake,2019-09-20,14.655000305175804,0.006735071016009897,99339.7412109375,3.6687766785115024,231.42126337687174,285.51916122436523,0.0,0.0,24
Greenwood Lake,2019-09-21,17.769167836507183,0.008581312586708615,99227.73697916667,3.1852459757717746,229.78884625434875,309.5033302307129,0.0,0.0,24
Greenwood Lake,2019-09-22,20.15833943684898,0.010683066754912337,99034.38216145833,3.454313637985173,220.92776036262512,336.76832580566406,43.00800244013468,0.0,24
Greenwood Lake,2019-09-23,22.73791656494143,0.012953454279340804,98235.98958333333,5.2411394397203175,214.94501010576883,367.7820790608724,37.2186678647995,0.0,24
Greenwood Lake,2019-09-24,19.722919718424503,0.01028957508970052,97841.8232421875,4.9902492896106265,217.01768000920615,341.6758295694987,91.35733767350514,0.0,24
Greenwood Lake,2019-09-25,16.550005849202496,0.008413183502852917,98142.38802083333,3.4519018864073523,220.25180069605508,321.2474937438965,1.5733334223429363,0.0,24
Greenwood Lake,2019-09-26,18.880835469563824,0.009524195978883654,97930.81477864583,4.394953940484601,160.57979996999106,335.4541600545247,19.42933456103007,0.015999999945051968,24
Greenwood Lake,2019-09-27,15.851246134440126,0.007423904297562937,98711.48177083333,3.3970531240747284,216.58755310376486,295.5479100545247,0.029333335037032764,0.004799999689566903,24
Greenwood Lake,2019-09-28,17.95624694824221,0.010160512659543505,98872.80045572917,4.502028721250299,204.17988526821136,337.0704065958659,325.253346602122,0.0,24
Greenwood Lake,2019-09-29,20.362499491373722,0.011183395865373313,99188.0263671875,3.8349605876643627,210.03172028064728,345.1937421162923,288.35734534387785,0.0,24
Greenwood Lake,2019-09-30,14.231249745686872,0.007452250089651595,99523.05859375,3.432842631205501,106.07529688874881,340.5216585795085,0.0,0.0,24
Greenwood Lake,2019-10-01,18.23792419433596,0.010996366812226674,98853.56477864583,4.857738651600628,189.90654951334,379.1333287556966,108.47733994325002,0.0,24
Greenwood Lake,2019-10-04,13.805828348795595,0.008015508414246142,98682.13509114583,4.842140972139496,188.9796369606629,327.63332748413086,2.594666746755441,0.020999998989282176,24
Greenwood Lake,2019-10-05,7.329581197102887,0.004297504240336518,99758.8525390625,3.127025982414684,211.89930152893066,246.06416257222494,0.0,0.0,24
Greenwood Lake,2019-10-06,10.475417073567732,0.007144658418837935,99548.80403645833,4.700017272145259,66.62404457728069,324.6812432607015,0.12533333959678808,0.0,24
Greenwood Lake,2019-10-07,18.356248474121116,0.01159651686126987,99004.20247395833,6.878677272242324,66.59741934140523,391.7420768737793,29.093334837506216,0.015199999790638685,24
Greenwood Lake,2019-10-08,14.594164784749372,0.007985695924920341,99301.48958333333,4.700351808867104,166.9475933710734,345.4862429300944,1.661333428695798,0.12019999853509944,24
Greenwood Lake,2019-10-09,10.608332570393904,0.006480604274353634,99421.38313802083,5.631348903801654,69.44221198558807,324.4174982706706,0.0,0.06419999990612268,24
Greenwood Lake,2019-10-10,11.899166361490908,0.006537329250325759,99462.240234375,6.250031100707734,136.2692969640096,337.8608258565267,0.0,0.008399999875109643,24
Greenwood Lake,2019-10-11,12.064577992757185,0.0060116750925468905,99070.06510416667,6.192958330754235,124.55142084757487,335.5408299763997,0.0,0.0,24
Greenwood Lake,2019-10-12,13.232504781087263,0.007544641771043341,98546.35872395833,3.0874505559675285,162.03367455800375,345.91998799641925,0.0,0.0,24
Greenwood Lake,2019-10-13,13.773753102620466,0.006989250037198265,98615.93587239583,2.711631383231264,188.80180231730142,302.17041015625,0.0,0.0,24
Greenwood Lake,2019-10-14,12.744580841064476,0.006315133437359084,98389.52408854167,4.021796203685452,186.48446369171143,286.61999766031903,0.0,0.0,24
Greenwood Lake,2019-10-15,10.235009765625023,0.004886004258878529,98843.98470052083,3.079633281991738,185.28967380523682,266.1649913787842,0.0,0.0,24
Greenwood Lake,2019-10-16,10.376667277018251,0.006520645867567509,98131.671875,5.777987753834346,127.83508952458699,298.3608277638753,30.488001505533855,0.0,24
Greenwood Lake,2019-10-17,10.655422465006533,0.0069628334216152625,96150.2900390625,10.120645168821392,74.72708662350972,333.7058283487956,0.09866667228440444,0.0,24
Greenwood Lake,2019-10-18,9.042503611246767,0.005339279227579634,97643.58723958333,7.736292871337342,167.69625647862753,293.65082422892254,0.0,0.0,24
Greenwood Lake,2019-10-19,7.072501118977887,0.004744079216228177,98562.78678385417,3.017168007494081,178.3115111986796,254.3641586303711,0.0,0.0,24
Greenwood Lake,2019-10-20,9.183339691162132,0.005762220942415297,98568.66373697917,2.2964111525959723,70.02525299787521,300.84666124979657,0.0,0.059599998872727156,24
Greenwood Lake,2019-10-21,11.928748067220075,0.007417358477444698,98638.94498697917,3.413115206373508,170.5861361424128,310.87999216715497,0.0,0.01279999950202182,24
Greenwood Lake,2019-10-22,12.056659952799501,0.007924483332317322,98635.79915364583,4.539684483378782,82.35737919807434,328.40999094645184,0.0,4.150599875894841,24
Greenwood Lake,2020-07-07,22.827493286132835,0.01530491680993388,98873.5166015625,3.9084804171419836,314.29622586568195,381.9991569519043,922.6347107092539,0.24239998776465654,24
Greenwood Lake,2020-07-08,23.793328857421898,0.01627393769255529,98630.03580729167,3.4113885056740263,226.96167532602945,402.82915751139325,918.6027119954427,6.5255995988845825,24
Greenwood Lake,2020-07-09,25.106245930989605,0.016339862641567986,98509.91861979167,3.0678529393926013,320.5440152486165,389.12498982747394,837.4240398406982,0.0,24
Greenwood Lake,2020-07-10,22.937084452311222,0.016118996078148484,98373.08333333333,4.598239420529409,161.52088030179343,391.05082448323566,302.6426830291748,50.186398706398904,24
Greenwood Lake,2020-07-11,21.739160156250023,0.01449164612373958,97624.79524739583,4.372909634367628,249.21993009249368,402.5012385050456,537.781358798345,13.325199763290584,24
Greenwood Lake,2020-07-12,23.539165751139347,0.014193904353305697,97585.59830729167,5.208220696019699,322.505557179451,372.05291112263996,353.40535338719684,0.03199999872595072,24
Greenwood Lake,2020-07-13,23.970838165283226,0.013525945988173286,97847.79622395833,3.62494832357833,310.66864013671875,382.3529103597005,516.1440251668295,1.9995999839156866,24
Greenwood Lake,2020-07-14,22.49083226521812,0.012292837724089622,98295.68326822917,3.494459701378855,320.878680229187,366.7424914042155,409.66668542226154,0.0,24
Greenwood Lake,2020-07-15,21.850835418701195,0.01230095016459624,99016.01009114583,2.8642266919974424,284.4071822166443,365.60415776570636,85.59466952768464,0.13920000195503235,24
Greenwood Lake,2020-07-16,21.351249949137394,0.013361446093767881,99398.20279947917,4.43364571440258,263.9373877843221,378.94790776570636,12.40000037352244,0.0,24
Greenwood Lake,2020-07-17,20.387497202555362,0.013723971011737982,99027.912109375,3.8215477564351374,193.09442675113678,394.9879086812337,439.90934363007545,0.04740000024321489,24
Greenwood Lake,2020-07-18,25.343748982747417,0.015813583430523675,98778.40690104167,2.216888135601208,320.0254321893056,377.8529103597005,1025.8773778279622,0.667999992147088,24
Greenwood Lake,2020-07-19,25.661248779296898,0.014778916956856847,98441.13444010417,4.795441069624709,315.3138916492462,372.8483250935872,683.4000348250071,0.0,24
Greenwood Lake,2020-07-20,27.221665954589866,0.017760125221684575,98109.06315104167,4.773842483300072,308.41868058840436,410.12915293375653,1531.202730814616,0.03999999933876097,24
Greenwood Lake,2020-07-21,25.20874684651695,0.014288941747508943,98513.35774739583,2.8609398574227503,313.7295978864034,373.48124440511066,265.1306775677949,0.0,24
Greenwood Lake,2020-07-22,26.51624959309898,0.01564157921044777,98617.5556640625,2.170986528478611,263.97809592882794,406.50082143147785,760.2800371646881,3.6115998529130593,24
Greenwood Lake,2020-07-23,25.892083740234398,0.01666461272786061,98594.56087239583,3.9499044763300835,233.1093451579412,416.00290934244794,1097.442715326945,2.529200006276369,24
Greenwood Lake,2020-07-24,24.987915293375675,0.015210346047145626,98801.46126302083,2.3961848346001786,288.2239720026652,385.4237429300944,626.0506973266602,1.4621999934315681,24
Greenwood Lake,2020-07-25,24.546665445963566,0.014672550178753832,98835.79817708333,2.9064149598818836,310.73118273417157,373.59499104817706,490.85068861643475,0.0,24
Greenwood Lake,2020-07-26,25.662082926432316,0.015453825277897218,98577.4638671875,4.472798922928496,311.60430618127185,380.42624537150067,194.98667542139688,0.0,24
Greenwood Lake,2020-07-27,25.526666259765648,0.015311795907715956,98063.56412760417,4.663014651494597,312.00126671791077,373.5679105122884,371.7253468222916,0.0,24
Greenwood Lake,2020-07-31,23.599582926432316,0.013724400157419344,98052.73111979167,2.409265570480379,232.9075079957644,389.8816553751628,186.28267764734724,11.041199471335858,24
Greenwood Lake,2020-08-01,24.035000101725284,0.013301379318969945,98266.158203125,1.764622112008052,304.27943334976834,377.77749252319336,65.92800281445186,0.0,24
Greenwood Lake,2020-08-02,23.740416463216167,0.015750346006825566,98323.77799479167,4.193565519224914,172.7950104524692,407.1649932861328,704.6320319448909,5.8951997347176075,24
Greenwood Lake,2020-08-03,24.807912445068382,0.014769991937403878,98409.14485677083,4.651387303606497,307.0986786807577,378.90123748779297,499.38402074140805,0.0819999961531721,24
Greenwood Lake,2020-08-04,22.86291656494143,0.015255966883463165,98241.06087239583,5.221090241144532,123.47929795583089,408.37540435791016,383.43734605113667,77.60199899971485,24
Greenwood Lake,2020-08-05,21.360832468668644,0.012414666824042797,98467.5654296875,3.895345053621694,308.1017208099365,358.1899922688802,53.05866891145706,4.830399990081787,24
Greenwood Lake,2020-08-06,21.11750946044924,0.010770262684673071,98838.349609375,2.8294892776041043,287.0636807382107,354.3066571553548,1.0720000465710957,0.0,24
Greenwood Lake,2020-08-07,19.895003255208355,0.011012587579898536,99006.2900390625,3.3806747605055225,164.5143003463745,374.2066599527995,22.370667695999146,1.3967999544693157,24
Greenwood Lake,2020-08-08,21.075832621256534,0.013172050200713178,99066.51204427083,2.5512765709986085,211.652050336202,380.7770767211914,601.0160343647003,1.6271999180316925,24
Greenwood Lake,2020-08-09,23.279168701171898,0.014467750171509882,98906.58854166667,3.3491400057788447,277.60446707407635,374.38749440511066,753.1627044677734,0.0,24
Greenwood Lake,2020-08-10,25.256250000000023,0.01557042938657105,98663.43001302083,3.598784217137338,292.74884668986004,390.4966557820638,1036.7360649108887,0.0,24
Greenwood Lake,2020-08-11,25.982508595784527,0.016866370919160545,98432.62532552083,4.327136339711524,269.6959279378255,398.384573618571,1506.2880732218425,0.0,24
Greenwood Lake,2020-08-12,26.44999974568687,0.017049600292618077,98572.11555989583,2.9623531994198484,262.9536368052165,419.509573618571,1288.368064880371,0.18879999220371246,24
Greenwood Lake,2020-08-13,25.38499730428062,0.015420454166208705,98842.98600260417,2.237291870713464,252.49384625752768,389.2883237202962,981.5440470377604,0.0,24
Greenwood Lake,2020-09-05,18.200002288818382,0.00819745430878053,98932.35221354167,3.687661109310692,262.1993908882141,310.61415990193683,0.0,0.0,24
Greenwood Lake,2020-09-06,18.292086537679058,0.008720804296899587,99108.02376302083,3.310200099975273,227.92255210876465,337.0274912516276,24.11200068394343,0.0,24
Greenwood Lake,2020-09-07,19.528745269775413,0.011179566810217997,98831.43359375,4.449404193222288,247.2253049214681,340.6358273824056,11.050667161742846,0.0,24
Greenwood Lake,2020-09-08,20.88458658854169,0.012006650135541955,99009.48111979167,2.7540489445445977,249.06397199630737,349.7887446085612,6.840000397836168,0.0,24
Greenwood Lake,2020-09-09,21.411668395996116,0.012092462740838528,99448.0576171875,2.4835101817483016,229.048761844635,351.35207748413086,22.69600138068199,0.0,24
Greenwood Lake,2020-09-10,20.29374974568687,0.013771171021896103,99429.86100260417,1.7457697234118326,90.19925431410472,394.0879096984863,35.418667839840055,17.60679970390629,24
Greenwood Lake,2020-09-11,20.689993794759136,0.012844000166902939,99095.95572916667,2.966792388997322,196.91455189387003,377.9116579691569,9.304000417391459,0.5227999687194824,24
Greenwood Lake,2020-10-16,13.752500152587913,0.009372283413540572,98580.18815104167,3.95886458606839,48.685128251711525,355.4016596476237,3.672000148333609,12.645999661181122,24
Greenwood Lake,2020-10-17,9.098331705729189,0.00522117920142288,99215.33528645833,3.7750613279719825,182.51542361577353,284.99791145324707,0.0,0.8615999817848206,24
Greenwood Lake,2020-10-18,9.530411020914736,0.004352745852277924,99860.22688802083,3.4242146078150077,164.41500786940256,266.6183261871338,0.04000000158945719,0.0,24
Greenwood Lake,2020-10-19,11.814167277018251,0.00787732507645463,99542.30436197917,3.5077105917856866,94.94592128197353,322.53624598185223,11.013333934048811,1.083600014448166,24
Greenwood Lake,2020-10-20,15.829578653971376,0.010205212708873054,99247.84733072917,3.2060061487273868,96.83904572327931,367.4087397257487,13.176000595092773,0.0,24
Greenwood Lake,2020-10-21,16.788747406005882,0.010687416846243044,99336.69368489583,3.9249323182434215,146.71304742495218,337.8279088338216,134.9093395868937,0.0015999999595806003,24
Greenwood Lake,2020-10-22,18.186245218912784,0.011220520983139673,99278.2890625,2.846470608843951,146.22613007823625,344.24915822347003,115.70133868853252,0.0,24
Greenwood Lake,2024-10-15,5.91541442871096,0.004195158360137914,97981.87890625,4.737451397624773,114.1026672522227,279.89833386739093,14.032500267028809,0.0,24
Greenwood Lake,2024-10-16,7.037503814697288,0.004329887480707839,98363.51236979167,5.106975409710185,135.87087353070578,291.88583246866864,1.9900000095367432,0.0,24
Greenwood Lake,2024-10-17,7.3883326212565335,0.004202879150398076,99164.80045572917,3.0382110249842698,181.99966851870218,260.39292017618817,0.0,0.0,24
Greenwood Lake,2024-10-18,8.974165852864607,0.004336279128134872,99662.4501953125,3.3252099352035622,177.64449723561606,257.85333188374835,0.0,0.0,24
Greenwood Lake,2024-10-19,11.414164479573591,0.004798079190853362,100098.87076822917,1.602591775175133,175.70612331231436,266.62875111897785,0.0,0.0,24
Greenwood Lake,2024-10-20,12.377083079020204,0.005467624985612929,99565.68294270833,3.2395765380318355,174.76650150616965,267.3895829518636,0.0,0.0,24
Greenwood Lake,2024-10-21,14.69333674112958,0.006035633326973766,99119.6328125,3.557655836843462,152.55725103616714,303.39166768391925,0.0,0.0,24
Greenwood Lake,2024-10-24,15.366248067220075,0.007516429216290514,98260.49934895833,4.614540773900454,161.97366778055826,309.50458399454754,4.809999942779541,0.051900001242756844,24
Greenwood Lake,2024-10-25,8.69583663940432,0.004732579186869164,98779.27473958333,3.3402618927804855,164.28845882415771,256.05249977111816,0.0,0.0,24
Greenwood Lake,2024-10-26,10.901249186197939,0.004715691660142814,98706.79557291667,5.451362788647741,141.8923308054606,304.25166447957355,3.6725000540415444,0.0,24
Greenwood Lake,2024-10-27,6.950836435953799,0.003125558355047057,99546.35481770833,3.598523740245082,163.54608503977457,239.4729175567627,0.0,0.0,24
Greenwood Lake,2024-10-28,7.855418141682965,0.0034995250074037663,99750.845703125,2.544315081465748,146.54583231608072,280.757085164388,0.0,0.0,24
Greenwood Lake,2024-10-29,9.57541681925458,0.006243187390888731,99936.25846354167,4.259733709546695,103.597709496816,314.33291244506836,14.780416828890642,0.00139999995008111,24
Greenwood Lake,2024-10-30,15.270415242513044,0.008838575022915999,99528.67513020833,3.7725227161345543,146.80029392242432,336.3908348083496,1.6666666666666667,0.0,24
Lake Hopatcong,2015-06-03,13.592075602213564,0.00871558339955906,98886.33463541667,2.970729946868517,291.4793887535731,328.1295738220215,0.0,1.0672000050544739,24
Lake Hopatcong,2015-06-04,12.864162699381533,0.008304237543294827,99019.15690104167,3.4201826595608598,159.8562591870626,326.75165939331055,0.0,0.0,24
Lake Hopatcong,2015-06-05,14.127498881022158,0.009543641742008427,98646.04361979167,1.6914513548994812,123.19075612227122,373.9699846903483,0.056000002970298134,1.9377999641001225,24
Lake Hopatcong,2015-06-06,18.51708501180015,0.01141295419074595,98073.05533854167,3.0241476004127623,256.0545113484065,370.9254086812337,347.69868008295697,3.425199947319925,24
Lake Hopatcong,2015-06-07,16.049166615804058,0.008729821012821048,98722.353515625,3.528681376686119,270.86359548568726,316.2058270772298,4.784000237782796,0.0,24
Lake Hopatcong,2015-06-08,18.386254882812523,0.011777200115223726,98223.78873697917,6.233866644391839,261.8473455111186,354.35291290283203,288.43734765052795,3.398799803107977,24
Lake Hopatcong,2015-06-09,22.315841929117862,0.014203116724578043,97417.958984375,6.163849353235999,258.33096913496655,395.41249084472656,470.50402514139813,15.083999878552277,24
Lake Hopatcong,2016-07-07,26.18250172932945,0.016969895960452657,97707.52604166667,2.7652335442321654,265.91176676750183,398.53332901000977,1232.7707188924153,0.6143999722553417,24
Lake Hopatcong,2016-07-08,25.38332901000979,0.015772062703035772,97718.5439453125,2.3607753951275354,263.5717607339223,398.018741607666,561.2026904424032,15.266399562358856,24
Lake Hopatcong,2016-07-09,22.2012395222982,0.01509098766837269,97806.87239583333,3.826531515871981,182.9680918852488,396.970401763916,362.3626888195674,0.48079998791217804,24
Lake Hopatcong,2016-07-10,20.984165445963566,0.012503854387129346,97907.86165364583,3.3920791780325974,263.98988540967304,379.80415598551434,106.81333863735199,17.749599700269755,24
Lake Hopatcong,2016-07-11,20.402911122639996,0.011214346042834222,98516.91438802083,2.8788455026660515,324.51605637868244,349.70165761311847,9.685333718856176,0.0,24
Lake Hopatcong,2016-07-12,21.784168497721378,0.010661596044277152,98657.5009765625,3.2711518759958964,326.0372687975566,337.38332239786786,1.253333380445838,0.0,24
Lake Hopatcong,2016-07-13,22.921253458658878,0.013874187638672689,98524.84765625,4.221414170285077,227.22225991884866,399.11665598551434,207.15734187761942,0.3391999825835228,24
Lake Hopatcong,2016-09-21,22.540416971842472,0.01071380847133696,98850.36751302083,3.1310691174789143,214.83759562174478,339.9499918619792,64.72266960702837,0.0,24
Lake Hopatcong,2016-09-22,21.519172922770206,0.007737950111428897,98823.08430989583,1.911004744559522,219.41621669133505,322.93416086832684,0.0,0.0,24
Lake Hopatcong,2016-09-23,21.174170430501324,0.009272870840504766,98483.77213541667,2.530159266173288,179.00867263476053,337.6504096984863,24.533334771792095,0.0,24
Lake Hopatcong,2016-09-24,18.35749969482424,0.00998931263651078,98546.580078125,3.18401181206041,128.4569648106893,369.5279083251953,10.962667087713877,5.8411998096853495,24
Lake Hopatcong,2016-09-25,12.769166564941429,0.005122608369371544,98870.39973958333,3.3812156068806463,219.00963481267294,283.7024974822998,0.03733333510657152,0.0,24
Lake Hopatcong,2016-09-26,14.407085673014345,0.005418120902807762,98765.12760416667,3.4204537842291214,190.7129281759262,298.5016632080078,0.0,0.0,24
Lake Hopatcong,2016-09-27,18.420418039957706,0.009628946039204797,98131.50065104167,4.267313270004058,197.05763590335846,353.4824867248535,0.1640000082552433,6.94240001111757,24
Lake Hopatcong,2017-04-20,11.689166005452497,0.00783636673198392,98664.79850260417,2.9113392120158506,182.54150899251303,350.699156443278,0.6373333732287089,0.14379999856464565,24
Lake Hopatcong,2017-04-21,12.94583409627281,0.008729654267275086,98091.49251302083,4.197597334503873,218.89697170257568,346.08082580566406,0.9813333749771118,13.492799550294876,24
Lake Hopatcong,2017-04-22,11.102501169840517,0.007631137579058607,98069.54622395833,3.175228244677211,81.02775414784749,340.6549898783366,3.634666825955113,1.3291999506764114,24
Lake Hopatcong,2017-04-23,8.871675109863304,0.005351958408330877,98455.2900390625,3.227825209490977,292.8910557428996,267.50041071573895,2.148000064616402,0.0,24
Lake Hopatcong,2017-04-24,10.821668243408226,0.006142504222225398,98638.17903645833,3.534790409981952,194.1291340192159,290.7720775604248,0.0,0.15799999935552478,24
Lake Hopatcong,2017-04-25,10.467912292480491,0.007096208379759143,98399.361328125,7.283422890916662,91.42021266619365,355.8808237711589,1.218666712443034,5.810199816711247,24
Lake Hopatcong,2017-04-26,14.786660766601585,0.010090312648875019,97575.00358072917,4.877479459951014,128.9510056177775,378.57290776570636,11.15600044094026,6.062799908220768,24
Lake Hopatcong,2017-05-24,14.3637519836426,0.008927079228063425,97524.30533854167,3.6805654050961727,185.94650967915854,341.2920786539714,2.682666809608539,0.4789999835193157,24
Lake Hopatcong,2017-05-25,12.83291905721031,0.008805625063056747,97236.23404947917,5.85765225423791,174.3218825260798,356.26082611083984,12.157333771387735,10.941799730062485,24
Lake Hopatcong,2017-05-26,15.934578196207704,0.00991155420585225,96967.99772135417,4.654967951491113,243.0387233098348,354.21665445963544,24.669334332148235,12.331399668124504,24
Lake Hopatcong,2017-05-27,16.496247863769554,0.009869208520588776,97826.9130859375,2.63244448695268,209.3202596505483,363.5083236694336,17.530667573213577,0.0,24
Lake Hopatcong,2017-05-28,17.173329925537132,0.011262091769215962,97959.95735677083,3.4745831536560146,184.87296756108603,375.8849919637044,16.93866753578186,0.0,24
Lake Hopatcong,2017-05-29,13.802915191650413,0.009542091866023839,98035.40592447917,3.970221039934158,127.99733793735504,366.05623626708984,1.0293333816031616,7.459999897517264,24
Lake Hopatcong,2017-05-30,13.575008646647158,0.009356025140732527,98657.6083984375,3.96026889182299,164.11188356081644,341.0579071044922,1.3280000885327656,0.7367999837733805,24
Lake Hopatcong,2017-05-31,17.015415445963566,0.010766862619978687,98356.14615885417,3.2152177158278317,275.69363713264465,351.1337432861328,545.0746943155924,2.0695999896124704,24
Lake Hopatcong,2017-06-01,17.86041666666669,0.0092539043398574,98143.68912760417,4.182200864624177,315.47147313753766,319.29540634155273,200.6106745402018,0.659599999897182,24
Lake Hopatcong,2017-06-02,16.665003712972027,0.00808326672995463,98175.88151041667,4.546035564390967,277.1892237663269,325.26415888468426,150.81067518393198,0.0,24
Lake Hopatcong,2017-06-03,13.993337249755882,0.006724516802933067,98274.38671875,4.512309539838152,297.0165979067485,296.1174901326497,58.008003195126854,1.279199942946434,24
Lake Hopatcong,2017-06-04,14.284580485026064,0.007611062532911698,98281.96842447917,2.246685006169132,163.41638445854187,317.33707427978516,0.43733335348467034,4.181599896401167,24
Lake Hopatcong,2017-06-05,19.132923380533878,0.012217912590131164,97552.35221354167,2.1576664535472374,236.45026191075644,373.10207112630206,496.53335968653363,1.4791999689477962,24
Lake Hopatcong,2017-06-06,15.434166208903017,0.010265729273669422,97525.00260416667,2.9665046275309064,191.94021844863892,356.0529073079427,46.10133470222354,9.261199743428733,24
Lake Hopatcong,2017-06-07,12.096252695719423,0.007650533380607764,98110.44303385417,3.13114063901496,258.76771752039593,331.28999455769855,15.258667389551798,0.0,24
Lake Hopatcong,2017-06-08,15.9262519836426,0.00829823346187671,98237.5439453125,2.9099438438122536,321.3813479741414,311.1020736694336,2.221333405623833,0.0,24
Lake Hopatcong,2017-06-09,16.28125152587893,0.008508650081542632,97691.447265625,3.2890564674658975,302.1896433035533,310.96832784016925,224.79200871785483,0.0,24
Lake Hopatcong,2017-06-10,19.59374516805015,0.00999938768412297,98181.20084635417,4.996792785602967,276.09622200330097,338.6304079691569,189.301340341568,0.12379999458789825,24
Lake Hopatcong,2017-06-11,23.43958180745445,0.013255916846295198,98539.94140625,5.219138930179302,324.7097638448079,355.6654103597005,301.9520144810279,0.0,24
Lake Hopatcong,2017-06-12,24.507918294270855,0.015233095968142152,98417.8759765625,3.689494140636875,324.54563943545025,360.07915751139325,1007.8773872057596,0.0,24
Lake Hopatcong,2017-07-05,22.605835215250675,0.012709820953508219,98808.60579427083,3.249978720831844,327.43047459920246,356.19998931884766,126.83734023571014,0.0,24
Lake Hopatcong,2017-07-06,21.02999903361005,0.01224731677211821,98752.64908854167,3.4792485388402734,212.7489689985911,372.0412406921387,9.18400052251915,0.025599999353289604,24
Lake Hopatcong,2017-07-07,20.449582672119163,0.013898575135196248,97870.7900390625,2.35559580619108,193.74151182174683,396.5716603597005,137.82133849461874,59.23279869102407,24
Lake Hopatcong,2017-07-08,23.130835469563824,0.013995187706314027,97604.6123046875,3.873011893438122,303.71339082717896,373.16624704996747,439.080020904541,12.765199714747723,24
Lake Hopatcong,2017-07-09,19.375421142578148,0.010118295904248953,98204.701171875,3.7927915018964957,333.08160122235614,324.2999890645345,15.00266695022583,0.0,24
Lake Hopatcong,2017-07-10,21.014162953694683,0.011189816830058893,98470.7314453125,4.333851356169849,323.28863946596783,341.7129071553548,135.27734251817068,0.1391999910119921,24
Lake Hopatcong,2017-07-11,24.233749643961612,0.015163521049544215,98185.91373697917,4.493952304977923,291.7477632363637,388.9224904378255,793.6826947530111,1.6179999036248773,24
Lake Hopatcong,2017-07-12,24.973332977294945,0.01487942113696287,98305.953125,3.9774294669503027,272.29418166478473,389.0570755004883,647.138697942098,0.07599999755620956,24
Lake Hopatcong,2017-07-13,25.873752848307316,0.0159538669201235,98389.97428385417,3.147243432181188,246.7055139541626,397.1420733133952,958.7253761291504,5.092799795558676,24
Lake Hopatcong,2017-07-14,22.622082010904972,0.015580521042769154,98509.1484375,2.8098280527510178,169.7382994890213,407.3279037475586,201.1786789894104,16.25279964110814,24
Lake Hopatcong,2017-07-15,22.226247406005882,0.013935483332412938,98244.36555989583,2.9571953802115556,292.7370978196462,378.8037401835124,136.17867370446524,0.6001999760046601,24
Lake Hopatcong,2017-07-16,21.671248372395855,0.0124089460587129,98246.3984375,2.436890771706105,322.7548916339874,347.1304054260254,304.21867711345357,0.0,24
Lake Hopatcong,2017-07-17,23.7945864359538,0.014583812599691251,98414.18196614583,3.117050341438883,284.27530392011005,372.6674919128418,1301.154706319173,5.617599725723267,24
Lake Hopatcong,2017-08-04,23.301667785644554,0.015185112715698779,98448.77994791667,3.9004917537278776,218.5779703259468,400.3999938964844,1131.405392964681,8.03279994847253,24
Lake Hopatcong,2017-08-05,21.984176890055362,0.01365813760397335,98042.67578125,4.230705950220322,257.09951480229694,377.7179069519043,513.9760265350342,13.79799969587475,24
Lake Hopatcong,2017-08-06,17.989165242513042,0.009489795852762958,98484.7021484375,4.26129360276833,250.21642895539603,321.75415802001953,6.1706669727961225,0.0,24
Lake Hopatcong,2017-08-07,16.8329165140788,0.010494970949366689,98534.17513020833,3.127533760632295,111.02917180458705,360.10915501912433,8.920000414053598,16.183999583125114,24
Lake Hopatcong,2017-08-08,18.529161071777366,0.011236750210324923,98213.87532552083,2.624123718644231,269.0181801766157,363.89123789469403,85.23200559616089,0.018399999476969242,24
Lake Hopatcong,2017-08-09,20.38040949503583,0.010259987708802024,98850.81608072917,1.8990950367280794,303.6075137456258,328.55790583292645,21.336000723143417,0.0,24
Lake Hopatcong,2017-08-10,21.034997558593773,0.010841891906845072,99048.986328125,2.158298299830453,299.03897221883136,335.5099932352702,34.38133509953817,0.0,24
Lake Hopatcong,2017-09-21,21.585836029052757,0.01257350854575634,98424.37662760417,4.181202791275905,205.15525738398233,357.55707422892254,31.608000953992207,0.0,24
Lake Hopatcong,2017-09-22,19.580003356933616,0.010104950206975142,98560.8193359375,4.448887973242211,203.70984371503195,337.2141596476237,0.0,0.0,24
Lake Hopatcong,2017-09-23,21.374997711181663,0.011013470939360559,98493.26399739583,3.9114404075438,215.61034377415976,366.38540776570636,0.0,0.0,24
Lake Hopatcong,2017-09-24,22.806250508626324,0.011520658464481434,98587.8642578125,2.0404860054530136,210.27175855636597,354.22041447957355,86.8986684481303,0.0,24
Lake Hopatcong,2017-09-25,24.038749949137394,0.013817937695421278,98541.56217447917,2.0957065726332473,207.22992797692618,372.80874888102215,387.75201829274494,0.0,24
Lake Hopatcong,2017-09-26,22.4458315531413,0.013600045970330635,98498.1826171875,2.338158513683157,202.09421916802725,365.25249099731445,146.52267209688821,0.0,24
Lake Hopatcong,2017-09-27,22.810418701171898,0.013916029362007976,98097.62532552083,2.589818495488553,184.03017628192902,373.0762430826823,248.44001173973083,0.0,24
Lake Hopatcong,2017-09-28,20.125000254313175,0.011198345959807435,97723.12760416667,5.494941198284541,210.04371905326843,334.5099906921387,85.38666959106922,0.0,24
Lake Hopatcong,2017-09-29,12.07791671752932,0.006086083361878991,98372.84505208333,3.7561982615101743,176.30000940958658,297.5154088338216,1.1440000534057617,0.0,24
Lake Hopatcong,2017-09-30,12.811245218912783,0.006676958427609255,98650.29264322917,4.809601039276127,139.975548128287,317.27498626708984,9.408000499010086,0.07579999873996712,24
Lake Hopatcong,2017-10-01,11.88083419799807,0.006242695904802531,99423.35807291667,2.763331604738182,206.94871846834818,301.13415908813477,0.0,0.0,24
Lake Hopatcong,2017-10-02,12.882499949137392,0.005508300033397973,99499.00553385417,2.3124287034291338,207.95300741990408,271.2512397766113,0.0,0.0,24
Lake Hopatcong,2017-10-03,14.087918853759788,0.006805429293308407,100057.7685546875,2.7390127625621496,196.74717807769775,290.8687464396159,0.6933333730945984,0.0,24
Lake Hopatcong,2017-10-04,14.760835266113304,0.008122758435395857,99641.01236979167,4.589901704432116,199.29455057779947,296.0366579691569,0.0,0.0,24
Lake Hopatcong,2018-06-26,16.63999455769859,0.00847237923881039,98966.74739583333,3.114788591690281,310.43288628260296,312.2574920654297,0.03733333572745323,0.0,24
Lake Hopatcong,2018-06-27,18.744166310628277,0.012211041913057366,98534.12337239583,5.03193413701136,151.09759203592935,360.0612373352051,35.92533510054151,0.7303999960422516,24
Lake Hopatcong,2018-06-28,21.655835723876976,0.014294495961318413,97768.95670572917,4.523073431506759,225.0103030204773,398.64791615804035,414.17601644744474,17.54399957275018,24
Lake Hopatcong,2018-06-29,23.56208190917971,0.014381046174094081,98120.3056640625,3.434726273305341,324.49339000384015,364.4616559346517,495.4906883239746,0.0,24
Lake Hopatcong,2018-06-30,24.433330790201847,0.014232458469147483,98485.68912760417,3.139002963152674,322.98784557978314,359.4658266703288,471.3733489463727,0.0,24
Lake Hopatcong,2018-07-01,26.227085367838566,0.0163539753217871,98449.404296875,3.1069118845528862,314.09901507695514,375.6541557312012,1555.1334228515625,0.0,24
Lake Hopatcong,2018-07-02,26.92416915893557,0.016991621038566034,98561.796875,2.756976572633485,327.50343052546185,380.8320782979329,1882.7414169311523,0.0,24
Lake Hopatcong,2018-07-05,26.088753000895206,0.017693758476525545,99212.53515625,3.3903290057468953,290.79901154836017,409.5745786031087,1760.9254099527996,0.0,24
Lake Hopatcong,2018-07-06,24.954582468668644,0.016349925193935633,98568.46516927083,5.131751023434644,231.48680305480957,408.46082560221356,962.0080479780833,3.237599958665669,24
Lake Hopatcong,2018-07-07,17.130832926432316,0.008730791761384657,99170.09212239583,3.961083588345517,339.8558518091838,298.86332575480145,0.0,0.0,24
Lake Hopatcong,2018-07-08,18.489582316080753,0.008662958454806358,99435.32389322917,1.0123636734685353,335.95943387349445,310.07082494099933,0.0,0.0,24
Lake Hopatcong,2018-07-09,20.029163614908878,0.010212716782310357,99000.76432291667,3.3794608198562046,333.3255573113759,322.3491617838542,0.0,0.0,24
Lake Hopatcong,2018-07-10,22.50666961669924,0.012606412599173685,98247.06184895833,3.5858320306904132,327.1423106988271,345.48957951863605,263.1653405825297,0.0,24
Lake Hopatcong,2018-07-11,23.685833231608097,0.013289566811484596,98165.2451171875,3.7436971527573313,287.0760572751363,370.23290761311847,557.9893563588461,0.01640000008046627,24
Lake Hopatcong,2018-09-12,21.55916620890302,0.014336670865304768,99011.873046875,2.337847321317479,151.75029802322388,403.4420750935872,241.73067919413248,11.66919946949929,24
Lake Hopatcong,2018-09-13,20.233335113525413,0.01370803767349571,99205.64811197917,3.2488289650393924,158.4004658063253,389.94832102457684,130.4666741391023,2.796199969947338,24
Lake Hopatcong,2018-09-14,20.772088623046898,0.0139854084700346,99083.921875,3.4390444152385786,186.12767521540323,380.7412389119466,81.39200288057327,2.35679991543293,24
Lake Hopatcong,2018-09-15,20.78333943684898,0.013714058479915062,99011.1669921875,1.9620927461942854,211.00534387429556,371.7162386576335,99.17867147922516,0.0,24
Lake Hopatcong,2018-09-16,22.14166412353518,0.013791283476166427,98980.27083333333,2.0680490797384867,228.12059207757315,354.8916600545247,135.16800804932913,0.0,24
Lake Hopatcong,2018-09-17,21.847085571289085,0.013944629308146736,98765.93033854167,3.327010437551777,175.59421555201212,368.172908782959,99.54400411248207,8.029999678954482,24
Lake Hopatcong,2018-09-18,20.55875167846682,0.014247300025696555,97835.09440104167,3.393138763517309,111.0146315942208,401.9654083251953,59.632002249360085,16.97439971845597,24
Lake Hopatcong,2018-10-12,15.03124898274742,0.009566637648579976,97163.66276041667,6.141129661342855,185.63680171966553,321.6849899291992,7.16800011570255,3.186999964527786,24
Lake Hopatcong,2018-10-13,7.121666208903018,0.005445645928072433,97748.98828125,3.697584676462585,88.86867014567058,291.4412415822347,10.538667142391205,4.973999939858913,24
Lake Hopatcong,2018-10-14,7.306247965494815,0.00518464590034758,98776.14322916667,3.1308047986142373,117.24871253967285,279.0445753733317,0.0,0.0,24
Lake Hopatcong,2018-10-15,11.210836029052757,0.00795093341730535,98520.08203125,5.19024175734616,68.70112721125285,338.8712450663249,3.184000253677368,0.8799999665934592,24
Lake Hopatcong,2018-10-16,10.494588470459007,0.006266045888575415,98400.9443359375,6.017430015188847,177.21163272857666,288.1541608174642,11.312000393867493,1.6643999367952347,24
Lake Hopatcong,2018-10-17,7.434163665771507,0.004907425007938097,98176.2890625,6.0401137140427545,156.57534066836038,265.872075398763,16.34666758775711,0.0,24
Lake Hopatcong,2018-10-18,4.493753051757835,0.003565595883022373,98986.17252604167,7.194170900089765,139.62246330579123,289.3316599527995,18.965333898862202,0.0,24
Lake Hopatcong,2019-09-11,22.409171040852886,0.014695670998965701,98971.32096354167,4.991038572076869,231.96205536524454,374.57665761311847,836.3760372797648,0.0,24
Lake Hopatcong,2019-09-12,23.956249491373722,0.01517677508915464,98590.86979166667,3.060437141964231,156.01025533676147,395.48248799641925,815.0747075080872,0.0,24
Lake Hopatcong,2019-09-13,16.279995218912784,0.009770666792367896,99546.21061197917,5.32353842068923,190.65072123209634,357.966246287028,1.0186667361607153,0.0,24
Lake Hopatcong,2019-09-14,16.379582977294945,0.010548408414858082,99322.85904947917,4.201397835819324,96.14333732922871,368.55040613810223,0.0,0.0,24
Lake Hopatcong,2019-09-15,20.601251220703148,0.012115821048306922,98862.21842447917,3.602945111371307,233.03071880340576,352.19582239786786,49.877334892749786,0.0,24
Lake Hopatcong,2019-09-16,18.82291437784833,0.010641866751636067,98515.83365885417,2.1236846794902133,124.48800712823868,362.40582911173504,28.453334738810856,0.0,24
Lake Hopatcong,2019-09-17,17.096246337890648,0.0087692043161951,98675.14973958333,3.3522926977355243,232.90617879231772,315.3966585795085,0.9040000240008036,0.0,24
Lake Hopatcong,2019-09-20,14.572503662109398,0.007018920887882511,99175.58170572917,3.778593205786388,226.5324273109436,284.0958251953125,0.0,0.0,24
Lake Hopatcong,2019-09-21,17.8833315531413,0.008936545986216515,99039.791015625,3.2500513856062105,224.49042797088623,309.3908271789551,0.0,0.0,24
Lake Hopatcong,2019-09-22,20.399175262451195,0.011350116925314069,98812.72884114583,3.2764650904779273,215.06459506352743,341.03040568033856,71.20800366997719,0.0,24
Lake Hopatcong,2019-09-23,23.13000005086265,0.013150321086868644,98071.50911458333,5.412711879396011,208.97476251920065,366.0795758565267,30.773334324359894,0.0,24
Lake Hopatcong,2019-09-24,19.473748779296898,0.010265241765106717,97661.18326822917,4.8336919260250975,211.77117721239725,340.8233286539714,74.07467038432758,0.0,24
Lake Hopatcong,2019-09-25,17.14125213623049,0.00887016684282571,97954.01432291667,3.3869440828567883,215.15329925219217,323.5779101053874,2.6453334440787635,0.0,24
Lake Hopatcong,2019-09-26,18.82999954223635,0.009654996004731705,97745.48111979167,4.478948494579017,172.6704664627711,334.94415791829425,19.68800115585327,0.0,24
Lake Hopatcong,2019-09-27,15.519995625813825,0.007372037662814061,98517.02766927083,3.2690879001043904,212.62988619009653,291.4233258565267,0.0,0.0,24
Lake Hopatcong,2019-09-28,18.438750203450542,0.010842279356438667,98648.96028645833,4.351563059107303,200.21305016676584,340.96332422892254,421.79201703021926,0.0,24
Lake Hopatcong,2019-09-29,20.790415700276714,0.01164184599959602,98974.3193359375,3.7571301029475737,201.75555018583933,351.2466583251953,318.7546796798706,0.0,24
Lake Hopatcong,2019-09-30,14.846668497721376,0.008359016753577938,99248.12630208333,3.4469550729385676,82.60979629556338,351.6312446594238,0.0,0.0,24
Lake Hopatcong,2019-10-01,18.569170888264996,0.011489533470012248,98663.2978515625,4.9203723128549814,193.92771794398627,375.8454081217448,90.88533683617909,0.0,24
Lake Hopatcong,2019-10-04,14.209580993652366,0.00837647517134125,98464.64192708333,5.109677605928565,187.8218444188436,323.8287467956543,4.2506669126451015,0.0,24
Lake Hopatcong,2019-10-05,7.365833536783877,0.004481954170235743,99528.1865234375,3.452594434089679,204.4649658203125,245.66916211446127,0.0,0.0,24
Lake Hopatcong,2019-10-06,11.57541681925458,0.00789684175591295,99276.83040364583,4.91181163646448,65.98721090952556,331.265827814738,0.8560000316550335,0.0,24
Lake Hopatcong,2019-10-07,18.581667836507183,0.01193180016707629,98783.3486328125,6.8297422785970054,77.41742086410522,391.2062454223633,37.30133497714996,0.0,24
Lake Hopatcong,2019-10-08,14.361667887369814,0.007991029298864305,99034.58235677083,4.9873949566419435,143.92892154057822,350.5891571044922,2.064000129699707,0.0,24
Lake Hopatcong,2019-10-09,11.059584554036482,0.006635187542997301,99139.00911458333,6.092380089693498,69.91987852255504,332.0537452697754,0.0,0.0,24
Lake Hopatcong,2019-10-10,12.311664835612001,0.006440112580700467,99161.81380208333,6.624944488560288,133.31630023320517,337.4762433369954,0.0,0.0,24
Lake Hopatcong,2019-10-11,12.35999450683596,0.005875575065147132,98799.82486979167,6.587355817701884,133.72342228889465,330.62540435791016,0.0,0.0,24
Lake Hopatcong,2019-10-12,13.130002593994163,0.007645691783788304,98309.61263020833,3.3659840546980972,156.50250585873923,341.1316604614258,0.0,0.0,24
Lake Hopatcong,2019-10-13,12.693751271565779,0.006743600048745672,98429.32356770833,2.839367522977779,180.79579973220825,293.0570755004883,0.0,0.0,24
Lake Hopatcong,2019-10-14,12.685830688476585,0.006551616786358257,98221.79036458333,3.88033343958179,180.89980204900107,296.4195734659831,0.0,0.0,24
Lake Hopatcong,2019-10-15,9.947507476806663,0.004830270908617725,98642.01106770833,3.096189045296528,178.0818427403768,264.4658266703288,0.0,0.0,24
Lake Hopatcong,2019-10-16,11.247919972737654,0.00711052924937879,97843.8037109375,5.9205352582574315,116.82275633017223,305.4379081726074,39.050669153531395,0.0,24
Lake Hopatcong,2019-10-17,10.180839792887392,0.0065552000887691975,96158.95735677083,10.110465743264301,88.46758762995402,316.08207448323566,2.1306667824586234,0.0,24
Lake Hopatcong,2019-10-18,8.960422770182314,0.005376295923876266,97527.95963541667,7.647947665444646,170.93025875091553,284.02374267578125,0.0,0.0,24
Lake Hopatcong,2019-10-19,6.48791910807294,0.004691662538486223,98380.78548177083,3.1160237179631363,173.23384030659994,249.7612444559733,0.0,0.0,24
Lake Hopatcong,2019-10-20,9.092502848307314,0.005848337643935035,98325.35709635417,2.5738237377177815,54.525752087434135,309.8041572570801,0.0,0.0,24
Lake Hopatcong,2019-10-21,12.033330535888695,0.007585041807033122,98404.83821614583,3.7502912674731568,165.3639624516169,312.9441655476888,0.0,0.0,24
Lake Hopatcong,2019-10-22,12.300828552246116,0.008256133490552505,98351.45345052083,4.534378934910343,67.25304465492566,333.0074920654297,0.01600000075995922,4.159599930047989,24
Lake Hopatcong,2020-07-07,23.1224927266439,0.015501333439412216,98626.23600260417,3.823630265171951,303.5147219498952,381.5791613260905,1067.832051595052,0.0,24
Lake Hopatcong,2020-07-08,24.29707997639976,0.016281121022378404,98416.94173177083,3.406389468577393,243.4553451538086,399.7466557820638,985.1173871358236,3.3323999121785164,24
Lake Hopatcong,2020-07-09,25.0620793660482,0.01592422932541619,98289.99869791667,2.945895539231698,318.4121820131938,386.74082438151044,790.6560357411703,0.07319999998435378,24
Lake Hopatcong,2020-07-10,22.932503000895206,0.015922712666603427,98101.72428385417,4.53528067445608,182.26821716626486,389.00873947143555,326.66935125986737,61.79199846833944,24
Lake Hopatcong,2020-07-11,22.047495778401714,0.01486892932249854,97388.20963541667,3.8942562395249993,246.63842956225076,402.2237383524577,571.4346922797462,10.70679962541908,24
Lake Hopatcong,2020-07-12,23.11249694824221,0.013802537655768296,97454.05110677083,4.915400751636376,314.04380830128986,371.63540903727215,296.40801246960956,0.13599998969584703,24
Lake Hopatcong,2020-07-13,23.636670684814476,0.013549379422329366,97682.46256510417,3.579202018963175,316.14547117551166,376.439156850179,488.1680212020874,3.0527998389443383,24
Lake Hopatcong,2020-07-14,22.150833384195987,0.012254520940283934,98127.8974609375,3.5468491326498786,322.7378515402476,357.6395746866862,369.33868301908177,0.0,24
Lake Hopatcong,2020-07-15,21.996668752034527,0.01276153353198121,98799.50358072917,3.075155022548211,314.09201407432556,360.38123830159503,111.76533831780155,0.0,24
Lake Hopatcong,2020-07-16,21.262085215250675,0.013258012710139155,99152.12337239583,4.3632358041296975,247.79138851165771,373.6395746866862,15.42933419967691,0.0,24
Lake Hopatcong,2020-07-17,21.530414835612003,0.014418520964682102,98779.93912760417,3.8870274116174826,242.44559478759766,398.5529073079427,591.0240220228831,0.021599999628961086,24
Lake Hopatcong,2020-07-18,26.020415242513042,0.016189816989935935,98564.91536458333,2.0257698534444217,319.54726425806683,386.2574882507324,1199.514727274577,0.0,24
Lake Hopatcong,2020-07-19,25.916665649414085,0.015296100173145533,98261.85514322917,4.58671012543716,313.6612226168315,375.2687454223633,801.3947016398112,0.0,24
Lake Hopatcong,2020-07-20,27.614581044514996,0.01780670857988298,97927.62337239583,4.6677187790425085,309.6323467890422,408.4620768229167,1602.741419474284,0.0,24
Lake Hopatcong,2020-07-21,25.38082911173505,0.014438041718676686,98333.6259765625,2.8303590918899615,314.0692647298177,374.4962450663249,339.9226834277312,0.0,24
Lake Hopatcong,2020-07-22,27.157916005452496,0.016118579311296344,98401.92903645833,2.0264544264171027,267.82926166057587,412.0249900817871,876.685378074646,30.035998245468363,24
Lake Hopatcong,2020-07-23,25.823336537679058,0.016611546006364126,98445.84114583333,3.861575565390661,244.33001271883646,409.4866536458333,1120.8187115987141,5.983199767884798,24
Lake Hopatcong,2020-07-24,25.057916259765648,0.015464879455976188,98589.35579427083,2.347107999493256,254.10780107975006,403.08666229248047,720.0320358276367,7.358599901199341,24
Lake Hopatcong,2020-07-25,24.544165547688824,0.014817316822397212,98650.412109375,2.7573391013242374,310.6033521493276,376.38916015625,576.5360260009766,0.0,24
Lake Hopatcong,2020-07-26,26.12458699544273,0.01602005846022318,98422.6376953125,4.549059747953547,312.0133048693339,386.73665110270184,292.5226788520813,0.0,24
Lake Hopatcong,2020-07-27,25.917082722981792,0.015471029405792555,97916.736328125,4.673885004174907,313.096098780632,373.69165802001953,448.6560207605362,0.0,24
Lake Hopatcong,2020-07-31,23.552083587646507,0.013828783490074178,97817.74446614583,2.769253251931557,162.96634210646152,398.00332895914715,201.3866774191459,15.119999694637954,24
Lake Hopatcong,2020-08-01,24.207084910074894,0.013360612715284029,98046.74479166667,1.8209994234011804,303.43959836289287,377.2454083760579,69.57600308954716,0.0,24
Lake Hopatcong,2020-08-02,24.424999491373722,0.01638097936908404,98090.3388671875,4.190257432320016,172.2661770184835,418.60998662312824,837.2187054157257,10.737599588930607,24
Lake Hopatcong,2020-08-03,24.723332977294945,0.014060691891548535,98254.69140625,4.62190702745628,301.37867897748947,377.78873952229816,454.1546842555205,0.7108000011648983,24
Lake Hopatcong,2020-08-04,22.41458663940432,0.014999433575818935,97995.6220703125,5.2663125232381995,131.0356283982595,406.37790807088214,354.6080187273522,90.13959665596485,24
Lake Hopatcong,2020-08-05,22.27249679565432,0.013133566826581955,98289.53971354167,3.5262219615151946,304.26439050833386,369.5145721435547,88.48000500102837,14.028799593448639,24
Lake Hopatcong,2020-08-06,21.277926381429058,0.011416029340277115,98635.22884114583,2.9854399144742874,250.91584546367326,362.8099950154622,14.949334175636372,0.32439999282360077,24
Lake Hopatcong,2020-08-07,20.115834808349632,0.01223002098655949,98766.63704427083,3.3504052088075746,179.29796742399535,378.02040990193683,86.09600355724494,7.106799840927124,24
Lake Hopatcong,2020-08-08,21.287080383300804,0.013865766930393875,98844.751953125,2.547147099900533,225.4452212303877,387.3816566467285,651.4933594067892,0.7895999550819397,24
Lake Hopatcong,2020-08-09,23.28666966756187,0.014857883487517634,98714.45572916667,3.2464242679741253,274.5356381734212,374.7808303833008,802.2906999588013,0.0,24
Lake Hopatcong,2020-08-10,25.294581349690777,0.01577707934969415,98479.5634765625,3.41037342252307,291.5920139948527,389.84457143147785,1184.976069132487,0.0,24
Lake Hopatcong,2020-08-11,26.079592641194683,0.01730558757359783,98237.3193359375,4.153414703386194,268.67193094889325,399.8349914550781,1628.506741841634,0.0,24
Lake Hopatcong,2020-08-12,26.392082468668644,0.017115500134726364,98368.83561197917,2.7559580268227926,262.3549737930298,417.2104123433431,1388.3814010620117,0.564799964427948,24
Lake Hopatcong,2020-08-13,24.827915445963566,0.015885504389492173,98613.30631510417,2.122675645339087,203.20484352111816,394.915823618571,1174.0267232259114,5.594399720430374,24
Lake Hopatcong,2020-09-05,18.296253458658878,0.00826037087244913,98747.60546875,3.5040865805297527,255.90105215708414,311.1108220418294,0.0,0.0,24
Lake Hopatcong,2020-09-06,18.79875462849937,0.008709304267540574,98905.94498697917,3.3512768302952836,239.60105180740356,330.4408238728841,27.78133447964986,0.0,24
Lake Hopatcong,2020-09-07,19.633747355143253,0.011070100124925375,98614.1806640625,4.346937928479925,244.394717057546,334.9045753479004,10.016000548998514,0.0,24
Lake Hopatcong,2020-09-08,21.457504526774112,0.012001983588561416,98764.38704427083,2.658537110383124,243.1199730237325,349.2474937438965,32.87733490765095,0.0,24
Lake Hopatcong,2020-09-09,21.89042180379234,0.012332729413174093,99184.37662760417,2.8357927732049646,221.04834079742432,356.45874404907227,47.002669801314674,0.0,24
Lake Hopatcong,2020-09-10,20.907497660319034,0.014407104308096072,99195.46126302083,1.7814094432882237,70.17758667469025,401.100824991862,44.082669431964554,20.670799732324667,24
Lake Hopatcong,2020-09-11,21.106663004557316,0.013098400086164474,98862.91536458333,2.9493094108275564,219.73305241266885,379.4416567484538,11.040000637372335,0.0,24
Lake Hopatcong,2020-10-16,13.56333185831708,0.00926673348294571,98349.333984375,4.494666229789456,47.52379365762075,350.47373962402344,3.3493335222204528,11.727599749341607,24
Lake Hopatcong,2020-10-17,8.712080891927107,0.00491354590243039,99017.57649739583,4.091395779965605,177.04742709795633,282.81957817077637,0.0,0.3555999791715294,24
Lake Hopatcong,2020-10-18,9.43540980021161,0.004357012580536927,99598.3603515625,3.3795318876771105,165.9338414669037,264.56958134969074,0.056000002970298134,0.0,24
Lake Hopatcong,2020-10-19,12.675002034505232,0.008456825201089183,99312.3037109375,3.6020330839425956,91.17875476678212,325.7724952697754,11.896000632395348,0.0011999999696854502,24
Lake Hopatcong,2020-10-20,16.85250116984052,0.01060696276059995,99032.96712239583,3.422341296317162,126.11171293258667,367.3691571553548,18.738667498032253,0.0,24
Lake Hopatcong,2020-10-21,17.684580739339214,0.011191033525392413,99105.28059895833,3.736574685624957,143.19471410910288,343.33666229248047,206.58401171366373,0.07360000163316727,24
Lake Hopatcong,2020-10-22,18.80041020711265,0.011869537566478053,99047.14127604167,2.8859431977034133,145.48146390914917,344.3270785013835,207.87467331439257,0.0,24
Lake Hopatcong,2024-10-15,5.724998728434268,0.004094437482611586,97822.90397135417,4.8330758019194,116.65745949745178,276.2908369700114,14.881250113248825,0.0,24
Lake Hopatcong,2024-10-16,7.183749135335309,0.004295191669370979,98220.92122395833,5.020861897966055,147.57700069745383,288.28083356221515,4.368333409229915,0.0,24
Lake Hopatcong,2024-10-17,6.876666005452496,0.00411627083667554,98935.21647135417,3.3499772305887223,176.25470797220865,254.04749743143717,0.0,0.010999999940395355,24
Lake Hopatcong,2024-10-18,9.299586232503279,0.004133929168650259,99452.04947916667,3.5178886615122056,172.2581288019816,258.99833424886066,0.0,0.0,24
Lake Hopatcong,2024-10-19,12.058333333333357,0.004535737486245732,99864.84700520833,1.5747286585917297,170.31170479456583,268.0124982198079,0.0,0.0,24
Lake Hopatcong,2024-10-20,12.91208419799807,0.004935833334457129,99366.07063802083,3.1676200134639565,169.5672889550527,268.2958342234294,0.0,0.0,24
Lake Hopatcong,2024-10-21,15.389582570393904,0.005467175020991514,98928.3994140625,3.588347937802535,161.1595420440038,297.59541575113934,0.0,0.0,24
Lake Hopatcong,2024-10-24,15.367080942789736,0.006973783310968429,98059.94596354167,4.939768162385911,157.6337485561768,307.5954170227051,6.409583270549774,0.028700000839307904,24
Lake Hopatcong,2024-10-25,8.260001118977888,0.004408504154222707,98567.18717447917,3.678103505840166,160.03858375549316,252.7883332570394,0.0,0.0,24
Lake Hopatcong,2024-10-26,11.756251271565779,0.004721841658465564,98539.49967447917,5.633992651854341,139.73666604359946,312.19916280110675,2.3375000258286796,0.0,24
Lake Hopatcong,2024-10-27,7.233330027262393,0.0029862958375209323,99362.298828125,3.5873897869449585,158.38462511698404,240.13499959309897,0.0,0.0,24
Lake Hopatcong,2024-10-28,8.104168192545595,0.003120212505261103,99521.1376953125,2.510575272940618,141.98779265085855,276.353333791097,0.0,0.0,24
Lake Hopatcong,2024-10-29,10.292502339681013,0.006055633285238097,99678.93359375,4.203896984527939,135.82495911916098,295.19249725341797,6.9987499713897705,0.0,24
Lake Hopatcong,2024-10-30,15.36499938964846,0.008236258290708065,99329.6787109375,3.7657385783335062,143.60120995839438,333.28332392374676,0.389166663090388,0.0,24
Lake Mohawk,2015-06-03,14.067077891031923,0.008827583398669958,99715.45475260417,2.8016362590262944,296.20905844370526,328.4729118347168,0.3840000132719676,0.4503999948501587,24
Lake Mohawk,2015-06-04,13.466247812906923,0.008518804252768556,99846.169921875,3.44045820113962,176.55209294954935,327.665823618571,0.0,0.0,24
Lake Mohawk,2015-06-05,14.739577229817732,0.009835825068876147,99466.65657552083,1.6005970445925362,125.077255209287,377.3974901835124,0.26133335133393604,0.2607999872416258,24
Lake Mohawk,2015-06-06,18.972913360595726,0.01156188768800348,98882.97591145833,3.108007427610636,258.81501432259876,373.9437446594238,312.21335045496625,0.5539999854518101,24
Lake Mohawk,2015-06-07,16.369583384195987,0.00871590425958857,99531.9267578125,3.601737326474861,268.5177623430888,318.11249287923175,1.3280000686645508,0.0,24
Lake Mohawk,2015-06-08,18.622502899169945,0.011960200111692151,99018.85579427083,6.009073624343962,258.05384707450867,357.06957626342773,292.94134704271954,5.3323999885469675,24
Lake Mohawk,2015-06-09,22.597506459554058,0.014408100163564086,98189.26497395833,5.843496546566491,253.9573880036672,398.3924929300944,443.2186934153239,15.85399955813773,24
Lake Mohawk,2016-07-07,26.56250152587893,0.01730596270256986,98481.552734375,2.64462778830961,262.2982602914174,401.6374918619792,1211.7547225952148,0.2631999980658293,24
Lake Mohawk,2016-07-08,25.743745422363304,0.016084762755781412,98501.18359375,2.4215068876342247,267.3202579021454,400.53624216715497,500.8586885134379,9.947999686002731,24
Lake Mohawk,2016-07-09,22.636242167154972,0.015429321055610975,98591.51236979167,3.963265781001969,185.10025986035666,401.40790303548175,369.85602192083996,1.2675999477505684,24
Lake Mohawk,2016-07-10,21.26791407267255,0.012731404315369824,98700.76888020833,3.472696297563266,259.827388604482,383.1833241780599,105.53600378831227,16.40960017684847,24
Lake Mohawk,2016-07-11,20.762911732991558,0.011376345995813608,99315.4736328125,2.9455770471809295,323.32322637240094,352.6199951171875,9.594667226076126,0.0,24
Lake Mohawk,2016-07-12,22.207082366943382,0.010881129225405553,99452.1669921875,3.132827519443925,327.8587679862976,339.90832265218097,1.418666700522105,0.0,24
Lake Mohawk,2016-07-13,23.41500116984052,0.014180554503885409,99303.38053385417,4.146358410823072,236.5964266459147,400.86082967122394,236.93867564201355,0.00559999980032444,24
Lake Mohawk,2016-09-21,22.84583180745445,0.010875891816491881,99648.8212890625,3.0620727817461724,216.58559393882751,340.76290766398114,55.301335990428925,0.0,24
Lake Mohawk,2016-09-22,21.831249491373722,0.007921900095728537,99628.3642578125,1.7401649011702098,221.07005246480307,324.535826365153,0.0,0.0,24
Lake Mohawk,2016-09-23,21.359585062662784,0.009556487551890314,99282.1728515625,2.521451702794223,173.39542293548584,341.4895757039388,26.421334783236187,0.0,24
Lake Mohawk,2016-09-24,18.66874974568687,0.010130712646059692,99360.1533203125,3.0953980344082908,132.05621604124704,372.1062367757161,11.253333821892738,11.21179972961545,24
Lake Mohawk,2016-09-25,12.969584401448591,0.00523637510680904,99704.8271484375,3.461991334103153,220.59688572088876,283.560827255249,0.0,0.0,24
Lake Mohawk,2016-09-26,14.572084045410179,0.0055331208859570324,99590.115234375,3.5016253174927496,194.22292939821878,299.1787414550781,0.0,0.0,24
Lake Mohawk,2016-09-27,18.762082672119163,0.009768429328687489,98924.03352864583,4.1583956862671005,199.33963654438654,354.46540451049805,0.0,6.322799816727638,24
Lake Mohawk,2017-04-20,12.067081705729189,0.007967816743378838,99496.61165364583,2.881642485679746,181.3713404337565,354.9870770772298,0.28666667143503827,0.8065999753016513,24
Lake Mohawk,2017-04-21,13.54416681925458,0.008971787562283376,98912.55826822917,4.640711487221135,215.03796895345053,352.62749099731445,0.6880000233650208,13.843199491500854,24
Lake Mohawk,2017-04-22,11.610837554931663,0.007754670941115667,98892.55989583333,3.3313295611310227,86.85075489679973,343.1024932861328,4.776000206669171,0.7455999795347452,24
Lake Mohawk,2017-04-23,9.411673482259138,0.005418491724412888,99289.849609375,3.2288006843482235,295.9168882369995,269.7383276621501,1.8560000856717427,0.0,24
Lake Mohawk,2017-04-24,11.619162495931013,0.006263070875623574,99470.55143229167,3.585078842946253,217.95630009969076,290.28332710266113,0.0,0.11399999726563692,24
Lake Mohawk,2017-04-25,11.008330281575544,0.007281225077652683,99256.66959635417,7.049319716250248,88.10287849108379,357.60957463582355,0.5760000298420588,3.7425999474944547,24
Lake Mohawk,2017-04-26,15.22415949503583,0.01024066268776854,98403.5634765625,4.857407036984328,124.64392169316609,382.11415990193683,10.104000469048819,4.571999863954261,24
Lake Mohawk,2017-05-24,14.913751220703148,0.00906007927066336,98337.66471354167,3.7495507737611913,197.01067439715067,342.3724899291992,2.5813334584236145,0.14659999683499336,24
Lake Mohawk,2017-05-25,13.222502644856794,0.008948458552670976,98072.9541015625,6.027638559497171,164.2593808968862,359.58374277750653,10.290667215983072,14.300799705088139,24
Lake Mohawk,2017-05-26,16.372496541341167,0.010084454241829613,97758.23795572917,4.711302209099819,242.00905402501425,357.2537434895833,24.42666780948639,12.894599802792072,24
Lake Mohawk,2017-05-27,16.827499643961612,0.010009675131489834,98629.39322916667,2.5548998025538916,199.38942730426788,366.85791269938153,17.46933415532112,0.0,24
Lake Mohawk,2017-05-28,17.59999745686851,0.011410391811902324,98763.63736979167,3.6408178710446872,186.08063451449075,378.7437388102214,16.77333430449168,0.0,24
Lake Mohawk,2017-05-29,14.223748779296898,0.009739108538875977,98860.71158854167,4.070255373727341,125.04667397340138,368.9966557820638,1.1360000272591908,6.383799902512692,24
Lake Mohawk,2017-05-30,14.041670735677107,0.009500758450788757,99478.96907552083,4.168393254015361,164.68321641286215,343.6608250935872,1.6773334195216496,0.261199991684407,24
Lake Mohawk,2017-05-31,17.352916971842472,0.010890429373830557,99163.185546875,3.3186395318875626,272.2693030834198,353.5149917602539,544.7226952314377,1.6377999847754836,24
Lake Mohawk,2017-06-01,18.2320864359538,0.009419570948618153,98948.59537760417,4.20244861761345,312.729305267334,321.93332544962567,175.67734225591025,1.6099999281577766,24
Lake Mohawk,2017-06-02,17.052501932779972,0.008184550097212195,98975.74772135417,4.606849267735851,274.09788751602173,329.09582646687824,151.7546730041504,0.0,24
Lake Mohawk,2017-06-03,14.324585215250673,0.006776800088118762,99088.59993489583,4.61379124166347,302.5525977611542,296.7841606140137,50.82400190830231,0.4291999861598015,24
Lake Mohawk,2017-06-04,14.479582722981794,0.007716145948506892,99099.40787760417,2.406155187868137,157.82655000686646,320.6599934895833,0.5813333789507548,4.20239993929863,24
Lake Mohawk,2017-06-05,19.317090606689476,0.012289279412167767,98350.32552083333,2.235142480022121,235.70026202996573,375.4629084269206,477.6266951560974,1.4011999443173409,24
Lake Mohawk,2017-06-06,15.641249593098982,0.010390229212741056,98338.6552734375,3.0401593553178246,176.85605112711588,360.7079086303711,43.95466852312287,14.258399613201618,24
Lake Mohawk,2017-06-07,12.606253560384138,0.0077772334722491605,98938.44368489583,2.9851773376917925,258.9645576874415,336.086243947347,14.896000601351261,0.0,24
Lake Mohawk,2017-06-08,16.495835876464866,0.008458183457454046,99050.05013020833,2.855619120951168,322.5571783383687,314.3541628519694,2.314666753013929,0.0,24
Lake Mohawk,2017-06-09,16.80416641235354,0.008740833417202035,98491.60774739583,3.3312265515223776,300.48630436261493,317.3037401835124,225.3866761525472,0.0,24
Lake Mohawk,2017-06-10,20.003742472330753,0.01020447100745514,98963.09440104167,4.883571507692366,279.2328894138336,341.8029085795085,191.88800517717996,0.04179999977350235,24
Lake Mohawk,2017-06-11,23.80291392008466,0.013553316821344197,99317.40885416667,5.179789170056519,325.63009810447693,358.67665990193683,299.9493536055088,0.0,24
Lake Mohawk,2017-06-12,24.90708440144859,0.015546679341544708,99191.3681640625,3.6664361764780122,325.482306321462,362.9337412516276,1011.4640338321527,0.0,24
Lake Mohawk,2017-07-05,23.009168243408226,0.012957804293061296,99612.63313802083,3.287753041466019,329.47631033261615,361.461243947347,131.73600606123605,0.0,24
Lake Mohawk,2017-07-06,21.457083638509136,0.01255543347603331,99553.07389322917,3.559594812080272,219.5548005104065,375.0512390136719,9.309333796302477,0.0,24
Lake Mohawk,2017-07-07,20.90666478474937,0.014164291865502795,98673.27018229167,2.4201591450764366,190.03934105237326,400.2679049173991,142.93067423502603,60.84639863297343,24
Lake Mohawk,2017-07-08,23.3762514750163,0.014196321018971503,98375.91927083333,3.72869885006196,292.2805548508962,376.8016586303711,400.3226801554362,10.975599680095911,24
Lake Mohawk,2017-07-09,19.74792124430341,0.010252962509791056,98988.62141927083,3.868516377550103,335.06443150838214,326.63540776570636,10.738667170206705,0.0,24
Lake Mohawk,2017-07-10,21.371663665771507,0.011355283398491641,99260.27799479167,4.175677251360297,324.98947405815125,344.4604072570801,133.6266725063324,0.05119999824091792,24
Lake Mohawk,2017-07-11,24.62332941691083,0.015453254415964087,98958.63444010417,4.259332565382184,292.0126006603241,394.05957412719727,771.5920346577963,1.8043999574147165,24
Lake Mohawk,2017-07-12,25.2766675313314,0.01508855439412097,99086.08723958333,3.699232848883568,266.05067960421246,391.7437438964844,587.9386965433756,0.7015999866998754,24
Lake Mohawk,2017-07-13,26.04958368937177,0.016096483372772735,99168.88151041667,2.903357238723259,240.43201327323914,400.1770706176758,871.5173797607422,3.5703999259276316,24
Lake Mohawk,2017-07-14,22.9258374532064,0.015791854355484247,99305.14973958333,2.8093296269397627,174.30063382784525,409.6545702616374,167.0186735788981,31.072399568278342,24
Lake Mohawk,2017-07-15,22.586248016357445,0.014129716825361053,99035.05891927083,3.0824436631506758,290.09109926223755,383.4924914042155,110.26667189598083,1.9269999696407467,24
Lake Mohawk,2017-07-16,22.103751118977886,0.012594096013344824,99040.18391927083,2.5522745266110927,324.60622731844586,349.9841588338216,314.3626860926549,0.0,24
Lake Mohawk,2017-07-17,24.291253662109398,0.014823095950608453,99199.515625,3.0929125653928367,284.6194740931193,377.4829037984212,1276.2160619099934,3.2751998901367188,24
Lake Mohawk,2017-08-04,23.633332824707054,0.01542404608335346,99236.7265625,3.969027546378298,217.29463551441827,402.83290990193683,1048.3413823445637,5.982799934223294,24
Lake Mohawk,2017-08-05,22.36417414347333,0.013910621016596755,98834.27604166667,4.300538786566324,256.38784378767014,380.64999135335285,506.6053549448649,11.616399259713944,24
Lake Mohawk,2017-08-06,18.433747863769554,0.0096315125701949,99281.42220052083,4.3410055559439344,252.3874302705129,324.0733248392741,6.221333692471187,0.0,24
Lake Mohawk,2017-08-07,17.26291681925458,0.0106949876062572,99340.86848958333,3.0085473038349257,106.30567169189453,362.9629084269206,7.949333657821019,11.515999771654606,24
Lake Mohawk,2017-08-08,19.037494913737003,0.011466600117273629,99019.04752604167,2.5980530482416784,272.67484619716805,366.4695765177409,89.88533814748128,0.2183999940752983,24
Lake Mohawk,2017-08-09,20.7524976094564,0.010416470972510675,99650.2294921875,2.000537246898784,304.8025137583415,331.19374084472656,25.264001061518986,0.0,24
Lake Mohawk,2017-08-10,21.540830230712913,0.011091691829885045,99852.3994140625,2.104181521739507,299.8368037541707,339.7533264160156,45.01600209871928,0.0,24
Lake Mohawk,2017-09-21,22.03875376383466,0.012782258563674986,99223.9228515625,4.144242106003631,207.3455932935079,359.8495750427246,25.562668283780415,0.0,24
Lake Mohawk,2017-09-22,19.978748575846378,0.010253533410529295,99365.2724609375,4.304763457625169,207.18892749150595,338.1941604614258,0.0,0.0,24
Lake Mohawk,2017-09-23,21.758334096272808,0.011252071048753956,99294.14453125,3.9095321172632342,217.4117571512858,368.21082814534503,0.0,0.0,24
Lake Mohawk,2017-09-24,23.243747965494816,0.011825725203379989,99381.14420572917,2.0367773031630287,211.83126227060953,357.4504102071126,110.00267140070598,0.0,24
Lake Mohawk,2017-09-25,24.60500361124677,0.014180804253555834,99331.98860677083,1.903057824026981,208.7852557102839,375.92541122436523,458.43469365437824,0.0,24
Lake Mohawk,2017-09-26,22.996663665771507,0.014017229356492559,99289.11490885417,2.3329661142801927,203.5058037439982,370.0699882507324,207.74667330582938,0.0,24
Lake Mohawk,2017-09-27,23.361667887369816,0.014192045821497837,98889.30501302083,2.247802573730341,189.27076037724814,375.1529057820638,260.3840108513832,0.0,24
Lake Mohawk,2017-09-28,20.56666717529299,0.0114322459558025,98524.16764322917,5.5082172978008925,211.60346829891205,337.2554105122884,102.88000645240147,0.0,24
Lake Mohawk,2017-09-29,12.487502034505232,0.006211216755521794,99194.337890625,3.746946667065447,175.13209118445715,300.65332412719727,1.1253333687782288,0.0,24
Lake Mohawk,2017-09-30,13.168748474121116,0.00685345841338858,99474.4775390625,4.700207152998606,137.1382958292961,320.57457478841144,8.344000450025002,1.0391999771818519,24
Lake Mohawk,2017-10-01,12.29291687011721,0.006358462599261354,100254.8515625,2.7082792354867196,208.80271796385446,303.2820752461751,0.0,0.0,24
Lake Mohawk,2017-10-02,13.30291646321617,0.005615633388515562,100333.96451822917,2.3049430052291435,209.71425690253577,273.1529070536296,0.0,0.0,24
Lake Mohawk,2017-10-03,14.463337198893251,0.006891795919121553,100899.34147135417,2.82875259804065,195.87984148661295,296.2124964396159,0.40800002217292786,0.0,24
Lake Mohawk,2017-10-04,15.234171803792341,0.00830319180386141,100459.3330078125,4.447818391752171,200.77088356018066,299.4583257039388,0.0,0.0,24
Lake Mohawk,2018-06-26,17.005830383300804,0.008592045943563184,99782.693359375,3.0354015777891896,311.4757212003072,314.6545804341634,0.0,0.0,24
Lake Mohawk,2018-06-27,19.116665140787784,0.0124013585348924,99330.76432291667,4.880022493698399,150.1874222755432,364.41832224527997,32.701334834098816,3.214400038123131,24
Lake Mohawk,2018-06-28,21.948745981852237,0.014533595958103737,98558.02311197917,4.348038524322361,223.50297045707703,400.69166056315106,389.90401458740234,20.913999121636152,24
Lake Mohawk,2018-06-29,23.958328501383487,0.014599345934887728,98906.19889322917,3.556425273635611,325.39088861147565,366.2924868265788,480.2586895624797,0.0,24
Lake Mohawk,2018-06-30,24.86124445597333,0.014534358672487238,99271.10188802083,3.213864017973954,323.6873456637065,362.7529067993164,483.92002190152806,0.0,24
Lake Mohawk,2018-07-01,26.684997812906925,0.01680520875379443,99217.7509765625,3.037901252913864,314.88934803009033,380.0324897766113,1623.138750712077,0.0,24
Lake Mohawk,2018-07-02,27.419585164388042,0.017468854319304228,99340.0107421875,2.6853658387013586,329.2775944073995,384.7858238220215,1895.960080464681,0.0,24
Lake Mohawk,2018-07-05,26.596668497721378,0.018095141819988687,99995.015625,3.225636447795941,291.38617666562396,413.2737401326497,1712.3814214070637,0.006399999838322401,24
Lake Mohawk,2018-07-06,25.412500000000023,0.016685042064636946,99342.59798177083,5.051840134669996,234.16397190093994,410.67290751139325,930.9067086378733,2.476799941447098,24
Lake Mohawk,2018-07-07,17.53666458129885,0.008863325133764496,99989.5849609375,3.7076770567593456,341.824848651886,301.2841606140137,0.0,0.0,24
Lake Mohawk,2018-07-08,18.977916971842472,0.008860475189673403,100246.123046875,0.9096403109989292,337.7305989265442,313.8370768229167,0.0,0.0,24
Lake Mohawk,2018-07-09,20.544574991862003,0.01052470012412717,99794.52278645833,3.3048310345061385,335.05289061864215,326.38082631429035,0.0,0.0,24
Lake Mohawk,2018-07-10,22.983750915527366,0.012934095847109953,99032.15462239583,3.5403689710772865,328.8009754816691,349.2241630554199,286.36534516016644,0.0,24
Lake Mohawk,2018-07-11,24.080000813802105,0.013469733453045288,98961.35091145833,3.7049907096598407,284.06721925735474,373.5241635640462,520.3173599243164,0.5051999730058014,24
Lake Mohawk,2018-09-12,21.835000610351585,0.014483170894285044,99819.0986328125,2.198972584458527,153.75171502431235,404.56374104817706,232.26667841275534,18.086799490673002,24
Lake Mohawk,2018-09-13,20.61250203450523,0.013892987626604736,100018.47428385417,3.0421769051282115,162.51788393656412,391.8612416585286,139.0720063050588,1.2747999476996483,24
Lake Mohawk,2018-09-14,21.247922515869163,0.014218058437108994,99888.880859375,3.3581424638336874,192.2348419825236,381.5616594950358,92.045338143905,0.982399970293045,24
Lake Mohawk,2018-09-15,21.35042597452802,0.014007191833419105,99810.65885416667,1.7989952164892105,216.1650952498118,374.7120755513509,120.19467186927795,0.0,24
Lake Mohawk,2018-09-16,22.696668243408226,0.014138300127039352,99776.296875,2.0580714715030273,229.83859717845917,359.22790781656903,153.76267411311468,0.0,24
Lake Mohawk,2018-09-17,22.32374725341799,0.014217295994361242,99562.38444010417,3.2508060656729607,180.87104828159013,370.92957560221356,93.52533696095149,8.889999747276306,24
Lake Mohawk,2018-09-18,21.157917277018253,0.014687850295255581,98623.04036458333,3.3921896401674516,114.59171441197395,405.8929100036621,70.41333635648091,16.90599972952623,24
Lake Mohawk,2018-10-12,15.501660919189476,0.009734437665125975,97968.54296875,6.2103726816804175,186.53646882375082,324.0387420654297,5.744000052412351,0.9317999876657268,24
Lake Mohawk,2018-10-13,7.544995880126976,0.005547062610276043,98576.00227864583,3.723899004152834,89.67683903376262,295.34582265218097,11.272000432014465,4.857999779284,24
Lake Mohawk,2018-10-14,7.752496337890648,0.005285379282819728,99608.490234375,3.0867240376587364,116.09771450360616,281.62291145324707,0.0,0.009599999524652958,24
Lake Mohawk,2018-10-15,11.402911122639997,0.007990633409159878,99340.74934895833,5.004384116862027,66.11896085739136,340.2391586303711,3.010666767756144,0.9399999808520079,24
Lake Mohawk,2018-10-16,10.842502848307314,0.00631206261459738,99217.87727864583,6.197738820538586,179.17030143737793,288.51958084106445,10.248000472784042,1.9728000164031982,24
Lake Mohawk,2018-10-17,7.729576365153018,0.004945341691685219,98997.1689453125,5.960028380045558,151.4343396027883,268.572078704834,17.14133431514104,0.0,24
Lake Mohawk,2018-10-18,4.902925109863304,0.003598345851060003,99818.7861328125,7.476753660399371,139.72613167762756,291.01624552408856,17.122667262951534,0.0,24
Lake Mohawk,2019-09-11,22.820837910970074,0.014908337732777,99747.88053385417,4.6469555402121046,233.85955174763998,378.21707916259766,831.3200375015537,0.0,24
Lake Mohawk,2019-09-12,24.184167480468773,0.015361058409325778,99383.72265625,2.9463456891759296,148.86267367998758,397.47540791829425,730.9893697102865,0.0,24
Lake Mohawk,2019-09-13,16.6558293660482,0.00989706686232239,100374.611328125,5.126563458574966,196.69221846262613,357.56665929158527,1.0720000428458054,0.0,24
Lake Mohawk,2019-09-14,16.58333485921226,0.010635158435131112,100143.76497395833,4.39198843630942,94.70475538571675,371.19374084472656,0.0,0.0,24
Lake Mohawk,2019-09-15,20.86208368937177,0.012193571000049511,99659.9521484375,3.606361847606731,234.85797015825906,353.6308250427246,45.71200211842855,0.0,24
Lake Mohawk,2019-09-16,19.1833320617676,0.01082161678156505,99320.98046875,2.1956261450073824,123.10792193810146,366.51582590738934,29.941335062185924,0.0,24
Lake Mohawk,2019-09-17,17.45124715169273,0.00881380430655554,99489.01725260417,3.235560293834626,234.9195948044459,316.33999252319336,0.8320000171661377,0.0,24
Lake Mohawk,2019-09-20,15.060418701171898,0.007141270926998307,99988.99479166667,3.631685033775241,228.056343237559,286.91499455769855,0.0,0.0,24
Lake Mohawk,2019-09-21,18.350835418701195,0.009091162607849887,99846.91048177083,3.173272052914543,226.24593114852905,311.97040939331055,0.0,0.0,24
Lake Mohawk,2019-09-22,20.790837860107445,0.011515750161682567,99615.02213541667,3.1655464211292927,216.7336781024933,343.7245699564616,77.60533756017685,0.0,24
Lake Mohawk,2019-09-23,23.474996185302757,0.013414020921724537,98843.134765625,5.233396989865491,209.6968424320221,369.2720756530762,38.60000114142895,0.0,24
Lake Mohawk,2019-09-24,19.88874715169273,0.010458158484349648,98451.076171875,5.0180973153508175,212.2732643286387,343.7674916585286,78.65600447853406,0.0,24
Lake Mohawk,2019-09-25,17.46625162760419,0.009018833457957953,98750.14713541667,3.4190550898856777,216.74579977989197,325.4858283996582,2.893333504597346,0.0,24
Lake Mohawk,2019-09-26,19.117083485921246,0.009836462597983578,98536.38736979167,4.315431773807972,165.92479765415192,337.9395751953125,16.858667492866516,0.0,24
Lake Mohawk,2019-09-27,15.933745320638044,0.007531420909799635,99327.34798177083,3.3190553629345967,214.14346607526144,294.15124130249023,0.0,0.0,24
Lake Mohawk,2019-09-28,18.75208435058596,0.010943745903205127,99450.66666666667,4.30179259326354,202.21846437454224,342.83374150594074,407.3200159072876,0.0,24
Lake Mohawk,2019-09-29,21.11958211263023,0.011733229310872654,99778.45182291667,3.728438092914099,204.40930356582007,352.3262405395508,289.06134381890297,0.0,24
Lake Mohawk,2019-09-30,15.107499694824241,0.008355200096654395,100080.685546875,3.42798750276349,84.10821304718654,352.9087422688802,0.0,0.0,24
Lake Mohawk,2019-10-01,18.942507680257183,0.01170788356103003,99453.80501302083,4.726368061479387,194.49263445536295,378.9262402852376,111.52000554402669,0.0,24
Lake Mohawk,2019-10-04,14.46833190917971,0.008437525170544783,99290.66764322917,5.14936090092929,188.20351060231528,326.4079132080078,4.208000302314758,0.0,24
Lake Mohawk,2019-10-05,7.800414021809918,0.0045521375723183155,100376.37272135417,3.268111923150881,206.14180024464926,247.66291109720865,0.0,0.0,24
Lake Mohawk,2019-10-06,11.668332672119163,0.00790079184419786,100114.59049479167,4.916755432237014,63.824878215789795,332.906244913737,0.2880000074704488,0.0,24
Lake Mohawk,2019-10-07,18.83499933878583,0.012116700216817359,99581.74934895833,6.614438053393492,73.64708669980367,394.3933270772298,28.560001373291016,0.0,24
Lake Mohawk,2019-10-08,14.737916564941429,0.00807214598171413,99871.86328125,4.6947379339387485,152.20209185282388,351.1583251953125,0.9280000428358713,0.0,24
Lake Mohawk,2019-10-09,11.332920328776064,0.006684804296431442,99984.98307291667,5.68850940336144,75.38421134154002,331.6291618347168,0.0,0.0,24
Lake Mohawk,2019-10-10,12.770000712076845,0.006572079262696207,100010.58626302083,6.108184349760681,142.04763221740723,337.9529113769531,0.0,0.0,24
Lake Mohawk,2019-10-11,12.810408528645857,0.005977208376862109,99648.03743489583,6.1746647493587,147.1304235458374,329.28332646687824,0.0,0.0,24
Lake Mohawk,2019-10-12,13.63542200724286,0.007796075156268974,99131.5595703125,3.1505085647001785,155.18167448043823,344.3349901835124,0.0,0.0,24
Lake Mohawk,2019-10-13,13.280830637613954,0.006917100050486624,99247.08268229167,2.8183678477858365,182.82280158996582,295.83707936604816,0.0,0.0,24
Lake Mohawk,2019-10-14,12.92124964396161,0.006539616714386891,99038.1103515625,3.8742907389913412,182.18596776326498,292.9370752970378,0.0,0.0,24
Lake Mohawk,2019-10-15,10.405426279703798,0.004940887602667014,99471.18359375,3.116480929174616,179.56017462412515,266.66624132792157,0.0,0.0,24
Lake Mohawk,2019-10-16,11.446672058105491,0.007141612625370423,98677.35188802083,5.960149585561527,115.86558973789215,307.62624231974286,37.31733519832293,0.0,24
Lake Mohawk,2019-10-17,10.642505900065126,0.006765100115444511,96933.11686197917,10.086358634613491,85.0090868473053,321.92249298095703,2.15733340382576,0.0,24
Lake Mohawk,2019-10-18,9.402508036295595,0.005500312564739336,98337.55924479167,7.964417891537632,171.24358876546225,287.2262420654297,0.0,0.0,24
Lake Mohawk,2019-10-19,7.012913004557315,0.004817929235287011,99215.373046875,3.202898993587553,174.24384125073752,252.32666015625,0.0,0.0,24
Lake Mohawk,2019-10-20,9.452504730224632,0.005938454220692317,99161.998046875,2.457943827193326,56.71675248940786,310.9187431335449,0.0,0.0,24
Lake Mohawk,2019-10-21,12.352081553141298,0.007684575122160216,99233.55924479167,3.499024442307029,166.51613374551138,313.235408782959,0.0,0.0,24
Lake Mohawk,2019-10-22,12.650412495931013,0.00834938344390442,99180.5732421875,4.746277100882306,68.56904488801956,335.1516583760579,0.0,2.9525999575853348,24
Lake Mohawk,2020-07-07,23.54999186197919,0.01584355024776111,99412.82259114583,3.8786244874516704,303.96372588475543,386.4812418619792,1089.994725863139,0.008799999952316284,24
Lake Mohawk,2020-07-08,24.625412241617862,0.016681704165724415,99199.90201822917,3.3848107427412213,235.07951060930887,404.1387418111165,976.5040486653646,3.4887999445199966,24
Lake Mohawk,2020-07-09,25.48207880655927,0.01634071282266329,99072.5595703125,2.862264289187378,319.9753467241923,390.7912432352702,799.9200383822123,0.001999999862164259,24
Lake Mohawk,2020-07-10,23.492503102620464,0.016357712680473924,98895.537109375,4.480059294552157,180.1832153002421,393.0145734151204,336.3360153834025,57.68159765005112,24
Lake Mohawk,2020-07-11,22.38874715169273,0.015035729389637709,98176.60872395833,3.9171918920254196,246.33459377288818,405.3804066975911,533.8426990906397,10.200799679383636,24
Lake Mohawk,2020-07-12,23.567497507731144,0.014093854270565013,98219.14453125,4.88621152137953,316.15330696105957,374.68874231974286,290.09334711233777,0.02519999910145998,24
Lake Mohawk,2020-07-13,24.070423380533878,0.013794029325557252,98457.048828125,3.5548751589802072,317.28713695208234,379.9787406921387,491.8000259399414,3.301199949812144,24
Lake Mohawk,2020-07-14,22.681665039062523,0.012522821042997142,98911.47037760417,3.6271016420294244,324.57518243789673,363.89457448323566,380.49334945281345,0.0,24
Lake Mohawk,2020-07-15,22.379169718424503,0.01292801679422458,99597.982421875,2.868814379916252,307.1718499660492,364.81873830159503,109.78933938344319,0.0,24
Lake Mohawk,2020-07-16,21.790832773844425,0.013628979329951108,99954.49641927083,4.399621726144347,245.87271944681802,379.0970764160156,15.43733416001002,0.0,24
Lake Mohawk,2020-07-17,21.841246541341167,0.01462272092855225,99577.03255208333,3.8384509038667427,237.01359915733337,401.4054094950358,562.0320163965225,0.36959999799728394,24
Lake Mohawk,2020-07-18,26.330829874674503,0.016318800199466448,99347.20930989583,2.077328468756693,322.22442897160846,385.6324946085612,1034.5840428670247,0.0,24
Lake Mohawk,2020-07-19,26.239583587646507,0.01544761696519951,99032.6806640625,4.438639693246193,315.51106095314026,377.37082544962567,776.3307008743286,0.0,24
Lake Mohawk,2020-07-20,27.984164174397808,0.018216975266113877,98691.00911458333,4.5763627799470274,311.2965126832326,412.18249130249023,1567.0720596313477,0.019199999049305916,24
Lake Mohawk,2020-07-21,25.732080078125023,0.014663841924630105,99111.91829427083,2.8641034406147035,315.98109499613446,376.7358220418294,301.77067988614243,0.0,24
Lake Mohawk,2020-07-22,27.447501118977886,0.016294646154468257,99180.783203125,2.0188804472805812,270.87176136175793,413.3008232116699,780.2613727251688,14.011199824512005,24
Lake Mohawk,2020-07-23,26.21083730061851,0.016878562746569514,99210.24153645833,3.7626416242290435,242.51984616120657,414.21082305908203,1029.176045735677,2.727199863176793,24
Lake Mohawk,2020-07-24,25.430832163492862,0.015627529472112656,99375.46223958333,2.338058136585524,269.2453060944875,400.1241569519043,628.216033299764,0.87039999011904,24
Lake Mohawk,2020-07-25,24.92624944051109,0.015058583541152379,99434.46549479167,2.684953731457274,312.0696794986725,377.82707595825195,525.901354710261,0.0,24
Lake Mohawk,2020-07-26,26.37833175659182,0.01620520857007553,99187.7841796875,4.473387705986934,314.25472418467206,386.88165918986004,235.8826758066813,0.0,24
Lake Mohawk,2020-07-27,26.23291931152346,0.015784029111576576,98684.6572265625,4.5385563497946935,314.75693313280743,376.22998936971027,456.2000238895416,0.0,24
Lake Mohawk,2020-07-31,23.959165191650413,0.013965650151173273,98609.05143229167,2.6340016533186232,189.20717615882555,397.8116569519043,172.74667411545911,12.706399782560766,24
Lake Mohawk,2020-08-01,24.581249491373722,0.013577829309118291,98835.25130208333,1.7819252468906202,304.3902665326993,378.59373982747394,65.60000405708949,0.0,24
Lake Mohawk,2020-08-02,24.682497914632183,0.016554095937560003,98872.28515625,4.1852908664678266,177.45750776926675,420.1283213297526,751.6960337956747,7.494399951247033,24
Lake Mohawk,2020-08-03,25.032491302490257,0.014456441975198686,99022.21158854167,4.5634525325837325,303.24101626873016,379.8491566975911,426.2613526334365,1.3835999299190007,24
Lake Mohawk,2020-08-04,22.77708714803062,0.015295083595750233,98789.19368489583,5.065041325445255,131.35963304837546,408.96582412719727,329.125347605596,89.55239664763212,24
Lake Mohawk,2020-08-05,22.4024965922038,0.013173933490179479,99077.83268229167,3.5402581992936994,306.0855581859748,368.8104070027669,59.22666951020559,15.813599586486816,24
Lake Mohawk,2020-08-06,21.577508544921898,0.01145052925373117,99434.1630859375,2.958416472782474,262.6575110256672,362.86249287923175,10.34933391213417,0.17839999496936798,24
Lake Mohawk,2020-08-07,20.50708160400393,0.012293587593982616,99570.8232421875,3.2871468676120075,177.5633024473985,380.1516583760579,66.70400281747182,3.2755999816581607,24
Lake Mohawk,2020-08-08,21.649996693929058,0.013992733516109487,99647.2578125,2.518112214794544,230.10921669006348,387.7074890136719,644.6027007897695,0.7712000012397766,24
Lake Mohawk,2020-08-09,23.709170277913433,0.015060283476486802,99500.3486328125,3.1329792867968607,278.29263432820636,376.7095781962077,753.9013764063517,0.0,24
Lake Mohawk,2020-08-10,25.602082824707054,0.015937712509185076,99254.22981770833,3.3483936870906383,290.88851197560626,391.0208257039388,1052.2293764750164,0.0,24
Lake Mohawk,2020-08-11,26.457089996337913,0.017578437846774857,99011.10579427083,4.100797240691166,266.21359570821124,403.27790959676105,1555.9067408243816,0.0,24
Lake Mohawk,2020-08-12,26.844166056315128,0.017446466876814764,99142.80924479167,2.6746364292645097,266.51063855489093,420.3416582743327,1267.0613835652669,0.0568000003695488,24
Lake Mohawk,2020-08-13,25.365830993652366,0.016104654292576015,99398.82682291667,2.049038944487048,217.02634620666504,395.18832270304364,1101.99738629659,0.5551999863237143,24
Lake Mohawk,2020-09-05,18.62167129516604,0.008404904316800335,99549.205078125,3.5670959956015316,258.03705819447833,312.77415720621747,0.08533333986997604,0.0,24
Lake Mohawk,2020-09-06,19.124585723876976,0.008928354208668074,99709.91764322917,3.2285977275012034,237.32905085881552,335.8824920654297,27.424001437922318,0.0,24
Lake Mohawk,2020-09-07,19.96582946777346,0.011255800103147825,99407.220703125,4.382835908984096,246.40188805262247,337.7837448120117,7.888000229994456,0.0,24
Lake Mohawk,2020-09-08,21.751252746582054,0.012233750118563572,99561.4814453125,2.747718043556145,245.1923039754232,352.2433230082194,25.39733452598254,0.0,24
Lake Mohawk,2020-09-09,22.208753204345726,0.012540079304017127,99992.24381510417,2.783243502310109,224.74342981974283,357.6579119364421,37.59466889500618,0.0,24
Lake Mohawk,2020-09-10,21.087080891927105,0.014443354370693365,100005.1669921875,1.7201442655611354,77.1070032119751,401.64915974934894,37.10666840771834,15.939599148696288,24
Lake Mohawk,2020-09-11,21.395831044514996,0.013284550164826214,99673.84928385417,2.9261190766064757,217.3368870417277,380.37915802001953,8.09333373233676,0.007199999876320362,24
Lake Mohawk,2020-10-16,13.899583435058616,0.009378883560808996,99168.21354166667,4.371163366695568,47.09696167707443,353.12999216715497,2.914666783064604,8.75219976902008,24
Lake Mohawk,2020-10-17,9.201661682128929,0.0050401792298847186,99855.04264322917,4.098470629483657,178.03859480222067,285.11999320983887,0.0,0.5111999958753586,24
Lake Mohawk,2020-10-18,9.818744913737001,0.004412429261719808,100440.01399739583,3.4527771239178446,166.98367325464883,266.6904125213623,0.0,0.0,24
Lake Mohawk,2020-10-19,12.840837097167991,0.008501425152644515,100144.4375,3.639614553416088,86.02608772118886,328.6637433369954,11.53600045045217,0.014399999286979437,24
Lake Mohawk,2020-10-20,17.101249949137394,0.010748029337264597,99844.19368489583,3.446660674963996,117.76304801305135,371.1999905904134,13.28266733388106,0.0,24
Lake Mohawk,2020-10-21,18.03666458129885,0.011338666741115352,99918.9873046875,3.8716752378363695,144.71938133239746,346.6312433878581,206.64534378051758,0.024000000208616257,24
Lake Mohawk,2020-10-22,19.205826059977237,0.011985137593001127,99854.95540364583,2.855896727126373,146.69296570618948,347.1254069010417,181.12267557779947,0.0,24
Lake Mohawk,2024-10-15,6.162917073567731,0.004232866660458967,98650.267578125,4.934517912402696,115.98933339118958,278.87458483378094,17.42791658639908,0.0,24
Lake Mohawk,2024-10-16,7.633748626709007,0.004453887542088826,99048.72884114583,5.201427429200286,146.12895878156027,292.5408312479655,4.330416599909465,0.16670000553131104,24
Lake Mohawk,2024-10-17,7.281666056315127,0.004233058386792739,99787.08658854167,3.1608574264464173,177.36733516057333,255.10625076293945,0.0,0.0,24
Lake Mohawk,2024-10-18,9.750002797444685,0.004296541621442884,100294.99967447917,3.4098938796689957,173.2511244614919,261.1820824940999,0.0,0.0,24
Lake Mohawk,2024-10-19,12.441664632161482,0.004695266659837216,100703.62923177083,1.5241841668153258,171.41720620791116,269.76916948954266,0.0,0.0,24
Lake Mohawk,2024-10-20,13.25833409627281,0.0051491208335695164,100192.12890625,3.1644032327517007,170.6117083231608,269.9479166666667,0.0,0.0,24
Lake Mohawk,2024-10-21,15.715000406901064,0.0057612167244466645,99746.52083333333,3.6050800974086763,158.07216600577036,302.2150026957194,0.0,0.0,24
Lake Mohawk,2024-10-24,15.734581247965517,0.0071985291433520615,98874.0703125,4.952035109750521,158.680039614439,309.82124582926434,6.381249924500783,0.1776999980211258,24
Lake Mohawk,2024-10-25,8.710415140787783,0.004571858366640906,99403.56705729167,3.580360229475828,160.84520880381265,254.9583314259847,0.0,0.0,24
Lake Mohawk,2024-10-26,12.039164479573591,0.004874233340766902,99355.15852864583,5.705909925308499,141.66095860799155,314.1583315531413,3.142499975860119,0.0,24
Lake Mohawk,2024-10-27,7.655833180745465,0.0031271666812244803,100207.27897135417,3.6384421884899036,159.28729311625162,242.55375162760416,0.0,0.0,24
Lake Mohawk,2024-10-28,8.526664988199892,0.0032916666532400995,100369.63802083333,2.4837359291060452,142.63220818837485,279.72708257039386,0.0,0.0,24
Lake Mohawk,2024-10-29,10.484581247965517,0.006147716660052538,100527.03645833333,4.293637734392567,132.80062611897787,298.51916758219403,6.674583368003368,0.0,24
Lake Mohawk,2024-10-30,15.756250000000023,0.008548625085192421,100143.27897135417,3.675652682645508,144.30258210500082,336.495413462321,0.5308333237965902,0.0,24
Lake Musconetcong,2015-06-03,13.592075602213564,0.00871558339955906,98886.33463541667,2.970729946868517,291.4793887535731,328.1295738220215,0.0,1.0672000050544739,24
Lake Musconetcong,2015-06-04,12.864162699381533,0.008304237543294827,99019.15690104167,3.4201826595608598,159.8562591870626,326.75165939331055,0.0,0.0,24
Lake Musconetcong,2015-06-05,14.127498881022158,0.009543641742008427,98646.04361979167,1.6914513548994812,123.19075612227122,373.9699846903483,0.056000002970298134,1.9377999641001225,24
Lake Musconetcong,2015-06-06,18.51708501180015,0.01141295419074595,98073.05533854167,3.0241476004127623,256.0545113484065,370.9254086812337,347.69868008295697,3.425199947319925,24
Lake Musconetcong,2015-06-07,16.049166615804058,0.008729821012821048,98722.353515625,3.528681376686119,270.86359548568726,316.2058270772298,4.784000237782796,0.0,24
Lake Musconetcong,2015-06-08,18.386254882812523,0.011777200115223726,98223.78873697917,6.233866644391839,261.8473455111186,354.35291290283203,288.43734765052795,3.398799803107977,24
Lake Musconetcong,2015-06-09,22.315841929117862,0.014203116724578043,97417.958984375,6.163849353235999,258.33096913496655,395.41249084472656,470.50402514139813,15.083999878552277,24
Lake Musconetcong,2016-07-07,26.18250172932945,0.016969895960452657,97707.52604166667,2.7652335442321654,265.91176676750183,398.53332901000977,1232.7707188924153,0.6143999722553417,24
Lake Musconetcong,2016-07-08,25.38332901000979,0.015772062703035772,97718.5439453125,2.3607753951275354,263.5717607339223,398.018741607666,561.2026904424032,15.266399562358856,24
Lake Musconetcong,2016-07-09,22.2012395222982,0.01509098766837269,97806.87239583333,3.826531515871981,182.9680918852488,396.970401763916,362.3626888195674,0.48079998791217804,24
Lake Musconetcong,2016-07-10,20.984165445963566,0.012503854387129346,97907.86165364583,3.3920791780325974,263.98988540967304,379.80415598551434,106.81333863735199,17.749599700269755,24
Lake Musconetcong,2016-07-11,20.402911122639996,0.011214346042834222,98516.91438802083,2.8788455026660515,324.51605637868244,349.70165761311847,9.685333718856176,0.0,24
Lake Musconetcong,2016-07-12,21.784168497721378,0.010661596044277152,98657.5009765625,3.2711518759958964,326.0372687975566,337.38332239786786,1.253333380445838,0.0,24
Lake Musconetcong,2016-07-13,22.921253458658878,0.013874187638672689,98524.84765625,4.221414170285077,227.22225991884866,399.11665598551434,207.15734187761942,0.3391999825835228,24
Lake Musconetcong,2016-09-21,22.540416971842472,0.01071380847133696,98850.36751302083,3.1310691174789143,214.83759562174478,339.9499918619792,64.72266960702837,0.0,24
Lake Musconetcong,2016-09-22,21.519172922770206,0.007737950111428897,98823.08430989583,1.911004744559522,219.41621669133505,322.93416086832684,0.0,0.0,24
Lake Musconetcong,2016-09-23,21.174170430501324,0.009272870840504766,98483.77213541667,2.530159266173288,179.00867263476053,337.6504096984863,24.533334771792095,0.0,24
Lake Musconetcong,2016-09-24,18.35749969482424,0.00998931263651078,98546.580078125,3.18401181206041,128.4569648106893,369.5279083251953,10.962667087713877,5.8411998096853495,24
Lake Musconetcong,2016-09-25,12.769166564941429,0.005122608369371544,98870.39973958333,3.3812156068806463,219.00963481267294,283.7024974822998,0.03733333510657152,0.0,24
Lake Musconetcong,2016-09-26,14.407085673014345,0.005418120902807762,98765.12760416667,3.4204537842291214,190.7129281759262,298.5016632080078,0.0,0.0,24
Lake Musconetcong,2016-09-27,18.420418039957706,0.009628946039204797,98131.50065104167,4.267313270004058,197.05763590335846,353.4824867248535,0.1640000082552433,6.94240001111757,24
Lake Musconetcong,2017-04-20,11.689166005452497,0.00783636673198392,98664.79850260417,2.9113392120158506,182.54150899251303,350.699156443278,0.6373333732287089,0.14379999856464565,24
Lake Musconetcong,2017-04-21,12.94583409627281,0.008729654267275086,98091.49251302083,4.197597334503873,218.89697170257568,346.08082580566406,0.9813333749771118,13.492799550294876,24
Lake Musconetcong,2017-04-22,11.102501169840517,0.007631137579058607,98069.54622395833,3.175228244677211,81.02775414784749,340.6549898783366,3.634666825955113,1.3291999506764114,24
Lake Musconetcong,2017-04-23,8.871675109863304,0.005351958408330877,98455.2900390625,3.227825209490977,292.8910557428996,267.50041071573895,2.148000064616402,0.0,24
Lake Musconetcong,2017-04-24,10.821668243408226,0.006142504222225398,98638.17903645833,3.534790409981952,194.1291340192159,290.7720775604248,0.0,0.15799999935552478,24
Lake Musconetcong,2017-04-25,10.467912292480491,0.007096208379759143,98399.361328125,7.283422890916662,91.42021266619365,355.8808237711589,1.218666712443034,5.810199816711247,24
Lake Musconetcong,2017-04-26,14.786660766601585,0.010090312648875019,97575.00358072917,4.877479459951014,128.9510056177775,378.57290776570636,11.15600044094026,6.062799908220768,24
Lake Musconetcong,2017-05-24,14.3637519836426,0.008927079228063425,97524.30533854167,3.6805654050961727,185.94650967915854,341.2920786539714,2.682666809608539,0.4789999835193157,24
Lake Musconetcong,2017-05-25,12.83291905721031,0.008805625063056747,97236.23404947917,5.85765225423791,174.3218825260798,356.26082611083984,12.157333771387735,10.941799730062485,24
Lake Musconetcong,2017-05-26,15.934578196207704,0.00991155420585225,96967.99772135417,4.654967951491113,243.0387233098348,354.21665445963544,24.669334332148235,12.331399668124504,24
Lake Musconetcong,2017-05-27,16.496247863769554,0.009869208520588776,97826.9130859375,2.63244448695268,209.3202596505483,363.5083236694336,17.530667573213577,0.0,24
Lake Musconetcong,2017-05-28,17.173329925537132,0.011262091769215962,97959.95735677083,3.4745831536560146,184.87296756108603,375.8849919637044,16.93866753578186,0.0,24
Lake Musconetcong,2017-05-29,13.802915191650413,0.009542091866023839,98035.40592447917,3.970221039934158,127.99733793735504,366.05623626708984,1.0293333816031616,7.459999897517264,24
Lake Musconetcong,2017-05-30,13.575008646647158,0.009356025140732527,98657.6083984375,3.96026889182299,164.11188356081644,341.0579071044922,1.3280000885327656,0.7367999837733805,24
Lake Musconetcong,2017-05-31,17.015415445963566,0.010766862619978687,98356.14615885417,3.2152177158278317,275.69363713264465,351.1337432861328,545.0746943155924,2.0695999896124704,24
Lake Musconetcong,2017-06-01,17.86041666666669,0.0092539043398574,98143.68912760417,4.182200864624177,315.47147313753766,319.29540634155273,200.6106745402018,0.659599999897182,24
Lake Musconetcong,2017-06-02,16.665003712972027,0.00808326672995463,98175.88151041667,4.546035564390967,277.1892237663269,325.26415888468426,150.81067518393198,0.0,24
Lake Musconetcong,2017-06-03,13.993337249755882,0.006724516802933067,98274.38671875,4.512309539838152,297.0165979067485,296.1174901326497,58.008003195126854,1.279199942946434,24
Lake Musconetcong,2017-06-04,14.284580485026064,0.007611062532911698,98281.96842447917,2.246685006169132,163.41638445854187,317.33707427978516,0.43733335348467034,4.181599896401167,24
Lake Musconetcong,2017-06-05,19.132923380533878,0.012217912590131164,97552.35221354167,2.1576664535472374,236.45026191075644,373.10207112630206,496.53335968653363,1.4791999689477962,24
Lake Musconetcong,2017-06-06,15.434166208903017,0.010265729273669422,97525.00260416667,2.9665046275309064,191.94021844863892,356.0529073079427,46.10133470222354,9.261199743428733,24
Lake Musconetcong,2017-06-07,12.096252695719423,0.007650533380607764,98110.44303385417,3.13114063901496,258.76771752039593,331.28999455769855,15.258667389551798,0.0,24
Lake Musconetcong,2017-06-08,15.9262519836426,0.00829823346187671,98237.5439453125,2.9099438438122536,321.3813479741414,311.1020736694336,2.221333405623833,0.0,24
Lake Musconetcong,2017-06-09,16.28125152587893,0.008508650081542632,97691.447265625,3.2890564674658975,302.1896433035533,310.96832784016925,224.79200871785483,0.0,24
Lake Musconetcong,2017-06-10,19.59374516805015,0.00999938768412297,98181.20084635417,4.996792785602967,276.09622200330097,338.6304079691569,189.301340341568,0.12379999458789825,24
Lake Musconetcong,2017-06-11,23.43958180745445,0.013255916846295198,98539.94140625,5.219138930179302,324.7097638448079,355.6654103597005,301.9520144810279,0.0,24
Lake Musconetcong,2017-06-12,24.507918294270855,0.015233095968142152,98417.8759765625,3.689494140636875,324.54563943545025,360.07915751139325,1007.8773872057596,0.0,24
Lake Musconetcong,2017-07-05,22.605835215250675,0.012709820953508219,98808.60579427083,3.249978720831844,327.43047459920246,356.19998931884766,126.83734023571014,0.0,24
Lake Musconetcong,2017-07-06,21.02999903361005,0.01224731677211821,98752.64908854167,3.4792485388402734,212.7489689985911,372.0412406921387,9.18400052251915,0.025599999353289604,24
Lake Musconetcong,2017-07-07,20.449582672119163,0.013898575135196248,97870.7900390625,2.35559580619108,193.74151182174683,396.5716603597005,137.82133849461874,59.23279869102407,24
Lake Musconetcong,2017-07-08,23.130835469563824,0.013995187706314027,97604.6123046875,3.873011893438122,303.71339082717896,373.16624704996747,439.080020904541,12.765199714747723,24
Lake Musconetcong,2017-07-09,19.375421142578148,0.010118295904248953,98204.701171875,3.7927915018964957,333.08160122235614,324.2999890645345,15.00266695022583,0.0,24
Lake Musconetcong,2017-07-10,21.014162953694683,0.011189816830058893,98470.7314453125,4.333851356169849,323.28863946596783,341.7129071553548,135.27734251817068,0.1391999910119921,24
Lake Musconetcong,2017-07-11,24.233749643961612,0.015163521049544215,98185.91373697917,4.493952304977923,291.7477632363637,388.9224904378255,793.6826947530111,1.6179999036248773,24
Lake Musconetcong,2017-07-12,24.973332977294945,0.01487942113696287,98305.953125,3.9774294669503027,272.29418166478473,389.0570755004883,647.138697942098,0.07599999755620956,24
Lake Musconetcong,2017-07-13,25.873752848307316,0.0159538669201235,98389.97428385417,3.147243432181188,246.7055139541626,397.1420733133952,958.7253761291504,5.092799795558676,24
Lake Musconetcong,2017-07-14,22.622082010904972,0.015580521042769154,98509.1484375,2.8098280527510178,169.7382994890213,407.3279037475586,201.1786789894104,16.25279964110814,24
Lake Musconetcong,2017-07-15,22.226247406005882,0.013935483332412938,98244.36555989583,2.9571953802115556,292.7370978196462,378.8037401835124,136.17867370446524,0.6001999760046601,24
Lake Musconetcong,2017-07-16,21.671248372395855,0.0124089460587129,98246.3984375,2.436890771706105,322.7548916339874,347.1304054260254,304.21867711345357,0.0,24
Lake Musconetcong,2017-07-17,23.7945864359538,0.014583812599691251,98414.18196614583,3.117050341438883,284.27530392011005,372.6674919128418,1301.154706319173,5.617599725723267,24
Lake Musconetcong,2017-08-04,23.301667785644554,0.015185112715698779,98448.77994791667,3.9004917537278776,218.5779703259468,400.3999938964844,1131.405392964681,8.03279994847253,24
Lake Musconetcong,2017-08-05,21.984176890055362,0.01365813760397335,98042.67578125,4.230705950220322,257.09951480229694,377.7179069519043,513.9760265350342,13.79799969587475,24
Lake Musconetcong,2017-08-06,17.989165242513042,0.009489795852762958,98484.7021484375,4.26129360276833,250.21642895539603,321.75415802001953,6.1706669727961225,0.0,24
Lake Musconetcong,2017-08-07,16.8329165140788,0.010494970949366689,98534.17513020833,3.127533760632295,111.02917180458705,360.10915501912433,8.920000414053598,16.183999583125114,24
Lake Musconetcong,2017-08-08,18.529161071777366,0.011236750210324923,98213.87532552083,2.624123718644231,269.0181801766157,363.89123789469403,85.23200559616089,0.018399999476969242,24
Lake Musconetcong,2017-08-09,20.38040949503583,0.010259987708802024,98850.81608072917,1.8990950367280794,303.6075137456258,328.55790583292645,21.336000723143417,0.0,24
Lake Musconetcong,2017-08-10,21.034997558593773,0.010841891906845072,99048.986328125,2.158298299830453,299.03897221883136,335.5099932352702,34.38133509953817,0.0,24
Lake Musconetcong,2017-09-21,21.585836029052757,0.01257350854575634,98424.37662760417,4.181202791275905,205.15525738398233,357.55707422892254,31.608000953992207,0.0,24
Lake Musconetcong,2017-09-22,19.580003356933616,0.010104950206975142,98560.8193359375,4.448887973242211,203.70984371503195,337.2141596476237,0.0,0.0,24
Lake Musconetcong,2017-09-23,21.374997711181663,0.011013470939360559,98493.26399739583,3.9114404075438,215.61034377415976,366.38540776570636,0.0,0.0,24
Lake Musconetcong,2017-09-24,22.806250508626324,0.011520658464481434,98587.8642578125,2.0404860054530136,210.27175855636597,354.22041447957355,86.8986684481303,0.0,24
Lake Musconetcong,2017-09-25,24.038749949137394,0.013817937695421278,98541.56217447917,2.0957065726332473,207.22992797692618,372.80874888102215,387.75201829274494,0.0,24
Lake Musconetcong,2017-09-26,22.4458315531413,0.013600045970330635,98498.1826171875,2.338158513683157,202.09421916802725,365.25249099731445,146.52267209688821,0.0,24
Lake Musconetcong,2017-09-27,22.810418701171898,0.013916029362007976,98097.62532552083,2.589818495488553,184.03017628192902,373.0762430826823,248.44001173973083,0.0,24
Lake Musconetcong,2017-09-28,20.125000254313175,0.011198345959807435,97723.12760416667,5.494941198284541,210.04371905326843,334.5099906921387,85.38666959106922,0.0,24
Lake Musconetcong,2017-09-29,12.07791671752932,0.006086083361878991,98372.84505208333,3.7561982615101743,176.30000940958658,297.5154088338216,1.1440000534057617,0.0,24
Lake Musconetcong,2017-09-30,12.811245218912783,0.006676958427609255,98650.29264322917,4.809601039276127,139.975548128287,317.27498626708984,9.408000499010086,0.07579999873996712,24
Lake Musconetcong,2017-10-01,11.88083419799807,0.006242695904802531,99423.35807291667,2.763331604738182,206.94871846834818,301.13415908813477,0.0,0.0,24
Lake Musconetcong,2017-10-02,12.882499949137392,0.005508300033397973,99499.00553385417,2.3124287034291338,207.95300741990408,271.2512397766113,0.0,0.0,24
Lake Musconetcong,2017-10-03,14.087918853759788,0.006805429293308407,100057.7685546875,2.7390127625621496,196.74717807769775,290.8687464396159,0.6933333730945984,0.0,24
Lake Musconetcong,2017-10-04,14.760835266113304,0.008122758435395857,99641.01236979167,4.589901704432116,199.29455057779947,296.0366579691569,0.0,0.0,24
Lake Musconetcong,2018-06-26,16.63999455769859,0.00847237923881039,98966.74739583333,3.114788591690281,310.43288628260296,312.2574920654297,0.03733333572745323,0.0,24
Lake Musconetcong,2018-06-27,18.744166310628277,0.012211041913057366,98534.12337239583,5.03193413701136,151.09759203592935,360.0612373352051,35.92533510054151,0.7303999960422516,24
Lake Musconetcong,2018-06-28,21.655835723876976,0.014294495961318413,97768.95670572917,4.523073431506759,225.0103030204773,398.64791615804035,414.17601644744474,17.54399957275018,24
Lake Musconetcong,2018-06-29,23.56208190917971,0.014381046174094081,98120.3056640625,3.434726273305341,324.49339000384015,364.4616559346517,495.4906883239746,0.0,24
Lake Musconetcong,2018-06-30,24.433330790201847,0.014232458469147483,98485.68912760417,3.139002963152674,322.98784557978314,359.4658266703288,471.3733489463727,0.0,24
Lake Musconetcong,2018-07-01,26.227085367838566,0.0163539753217871,98449.404296875,3.1069118845528862,314.09901507695514,375.6541557312012,1555.1334228515625,0.0,24
Lake Musconetcong,2018-07-02,26.92416915893557,0.016991621038566034,98561.796875,2.756976572633485,327.50343052546185,380.8320782979329,1882.7414169311523,0.0,24
Lake Musconetcong,2018-07-05,26.088753000895206,0.017693758476525545,99212.53515625,3.3903290057468953,290.79901154836017,409.5745786031087,1760.9254099527996,0.0,24
Lake Musconetcong,2018-07-06,24.954582468668644,0.016349925193935633,98568.46516927083,5.131751023434644,231.48680305480957,408.46082560221356,962.0080479780833,3.237599958665669,24
Lake Musconetcong,2018-07-07,17.130832926432316,0.008730791761384657,99170.09212239583,3.961083588345517,339.8558518091838,298.86332575480145,0.0,0.0,24
Lake Musconetcong,2018-07-08,18.489582316080753,0.008662958454806358,99435.32389322917,1.0123636734685353,335.95943387349445,310.07082494099933,0.0,0.0,24
Lake Musconetcong,2018-07-09,20.029163614908878,0.010212716782310357,99000.76432291667,3.3794608198562046,333.3255573113759,322.3491617838542,0.0,0.0,24
Lake Musconetcong,2018-07-10,22.50666961669924,0.012606412599173685,98247.06184895833,3.5858320306904132,327.1423106988271,345.48957951863605,263.1653405825297,0.0,24
Lake Musconetcong,2018-07-11,23.685833231608097,0.013289566811484596,98165.2451171875,3.7436971527573313,287.0760572751363,370.23290761311847,557.9893563588461,0.01640000008046627,24
Lake Musconetcong,2018-09-12,21.55916620890302,0.014336670865304768,99011.873046875,2.337847321317479,151.75029802322388,403.4420750935872,241.73067919413248,11.66919946949929,24
Lake Musconetcong,2018-09-13,20.233335113525413,0.01370803767349571,99205.64811197917,3.2488289650393924,158.4004658063253,389.94832102457684,130.4666741391023,2.796199969947338,24
Lake Musconetcong,2018-09-14,20.772088623046898,0.0139854084700346,99083.921875,3.4390444152385786,186.12767521540323,380.7412389119466,81.39200288057327,2.35679991543293,24
Lake Musconetcong,2018-09-15,20.78333943684898,0.013714058479915062,99011.1669921875,1.9620927461942854,211.00534387429556,371.7162386576335,99.17867147922516,0.0,24
Lake Musconetcong,2018-09-16,22.14166412353518,0.013791283476166427,98980.27083333333,2.0680490797384867,228.12059207757315,354.8916600545247,135.16800804932913,0.0,24
Lake Musconetcong,2018-09-17,21.847085571289085,0.013944629308146736,98765.93033854167,3.327010437551777,175.59421555201212,368.172908782959,99.54400411248207,8.029999678954482,24
Lake Musconetcong,2018-09-18,20.55875167846682,0.014247300025696555,97835.09440104167,3.393138763517309,111.0146315942208,401.9654083251953,59.632002249360085,16.97439971845597,24
Lake Musconetcong,2018-10-12,15.03124898274742,0.009566637648579976,97163.66276041667,6.141129661342855,185.63680171966553,321.6849899291992,7.16800011570255,3.186999964527786,24
Lake Musconetcong,2018-10-13,7.121666208903018,0.005445645928072433,97748.98828125,3.697584676462585,88.86867014567058,291.4412415822347,10.538667142391205,4.973999939858913,24
Lake Musconetcong,2018-10-14,7.306247965494815,0.00518464590034758,98776.14322916667,3.1308047986142373,117.24871253967285,279.0445753733317,0.0,0.0,24
Lake Musconetcong,2018-10-15,11.210836029052757,0.00795093341730535,98520.08203125,5.19024175734616,68.70112721125285,338.8712450663249,3.184000253677368,0.8799999665934592,24
Lake Musconetcong,2018-10-16,10.494588470459007,0.006266045888575415,98400.9443359375,6.017430015188847,177.21163272857666,288.1541608174642,11.312000393867493,1.6643999367952347,24
Lake Musconetcong,2018-10-17,7.434163665771507,0.004907425007938097,98176.2890625,6.0401137140427545,156.57534066836038,265.872075398763,16.34666758775711,0.0,24
Lake Musconetcong,2018-10-18,4.493753051757835,0.003565595883022373,98986.17252604167,7.194170900089765,139.62246330579123,289.3316599527995,18.965333898862202,0.0,24
Lake Musconetcong,2019-09-11,22.409171040852886,0.014695670998965701,98971.32096354167,4.991038572076869,231.96205536524454,374.57665761311847,836.3760372797648,0.0,24
Lake Musconetcong,2019-09-12,23.956249491373722,0.01517677508915464,98590.86979166667,3.060437141964231,156.01025533676147,395.48248799641925,815.0747075080872,0.0,24
Lake Musconetcong,2019-09-13,16.279995218912784,0.009770666792367896,99546.21061197917,5.32353842068923,190.65072123209634,357.966246287028,1.0186667361607153,0.0,24
Lake Musconetcong,2019-09-14,16.379582977294945,0.010548408414858082,99322.85904947917,4.201397835819324,96.14333732922871,368.55040613810223,0.0,0.0,24
Lake Musconetcong,2019-09-15,20.601251220703148,0.012115821048306922,98862.21842447917,3.602945111371307,233.03071880340576,352.19582239786786,49.877334892749786,0.0,24
Lake Musconetcong,2019-09-16,18.82291437784833,0.010641866751636067,98515.83365885417,2.1236846794902133,124.48800712823868,362.40582911173504,28.453334738810856,0.0,24
Lake Musconetcong,2019-09-17,17.096246337890648,0.0087692043161951,98675.14973958333,3.3522926977355243,232.90617879231772,315.3966585795085,0.9040000240008036,0.0,24
Lake Musconetcong,2019-09-20,14.572503662109398,0.007018920887882511,99175.58170572917,3.778593205786388,226.5324273109436,284.0958251953125,0.0,0.0,24
Lake Musconetcong,2019-09-21,17.8833315531413,0.008936545986216515,99039.791015625,3.2500513856062105,224.49042797088623,309.3908271789551,0.0,0.0,24
Lake Musconetcong,2019-09-22,20.399175262451195,0.011350116925314069,98812.72884114583,3.2764650904779273,215.06459506352743,341.03040568033856,71.20800366997719,0.0,24
Lake Musconetcong,2019-09-23,23.13000005086265,0.013150321086868644,98071.50911458333,5.412711879396011,208.97476251920065,366.0795758565267,30.773334324359894,0.0,24
Lake Musconetcong,2019-09-24,19.473748779296898,0.010265241765106717,97661.18326822917,4.8336919260250975,211.77117721239725,340.8233286539714,74.07467038432758,0.0,24
Lake Musconetcong,2019-09-25,17.14125213623049,0.00887016684282571,97954.01432291667,3.3869440828567883,215.15329925219217,323.5779101053874,2.6453334440787635,0.0,24
Lake Musconetcong,2019-09-26,18.82999954223635,0.009654996004731705,97745.48111979167,4.478948494579017,172.6704664627711,334.94415791829425,19.68800115585327,0.0,24
Lake Musconetcong,2019-09-27,15.519995625813825,0.007372037662814061,98517.02766927083,3.2690879001043904,212.62988619009653,291.4233258565267,0.0,0.0,24
Lake Musconetcong,2019-09-28,18.438750203450542,0.010842279356438667,98648.96028645833,4.351563059107303,200.21305016676584,340.96332422892254,421.79201703021926,0.0,24
Lake Musconetcong,2019-09-29,20.790415700276714,0.01164184599959602,98974.3193359375,3.7571301029475737,201.75555018583933,351.2466583251953,318.7546796798706,0.0,24
Lake Musconetcong,2019-09-30,14.846668497721376,0.008359016753577938,99248.12630208333,3.4469550729385676,82.60979629556338,351.6312446594238,0.0,0.0,24
Lake Musconetcong,2019-10-01,18.569170888264996,0.011489533470012248,98663.2978515625,4.9203723128549814,193.92771794398627,375.8454081217448,90.88533683617909,0.0,24
Lake Musconetcong,2019-10-04,14.209580993652366,0.00837647517134125,98464.64192708333,5.109677605928565,187.8218444188436,323.8287467956543,4.2506669126451015,0.0,24
Lake Musconetcong,2019-10-05,7.365833536783877,0.004481954170235743,99528.1865234375,3.452594434089679,204.4649658203125,245.66916211446127,0.0,0.0,24
Lake Musconetcong,2019-10-06,11.57541681925458,0.00789684175591295,99276.83040364583,4.91181163646448,65.98721090952556,331.265827814738,0.8560000316550335,0.0,24
Lake Musconetcong,2019-10-07,18.581667836507183,0.01193180016707629,98783.3486328125,6.8297422785970054,77.41742086410522,391.2062454223633,37.30133497714996,0.0,24
Lake Musconetcong,2019-10-08,14.361667887369814,0.007991029298864305,99034.58235677083,4.9873949566419435,143.92892154057822,350.5891571044922,2.064000129699707,0.0,24
Lake Musconetcong,2019-10-09,11.059584554036482,0.006635187542997301,99139.00911458333,6.092380089693498,69.91987852255504,332.0537452697754,0.0,0.0,24
Lake Musconetcong,2019-10-10,12.311664835612001,0.006440112580700467,99161.81380208333,6.624944488560288,133.31630023320517,337.4762433369954,0.0,0.0,24
Lake Musconetcong,2019-10-11,12.35999450683596,0.005875575065147132,98799.82486979167,6.587355817701884,133.72342228889465,330.62540435791016,0.0,0.0,24
Lake Musconetcong,2019-10-12,13.130002593994163,0.007645691783788304,98309.61263020833,3.3659840546980972,156.50250585873923,341.1316604614258,0.0,0.0,24
Lake Musconetcong,2019-10-13,12.693751271565779,0.006743600048745672,98429.32356770833,2.839367522977779,180.79579973220825,293.0570755004883,0.0,0.0,24
Lake Musconetcong,2019-10-14,12.685830688476585,0.006551616786358257,98221.79036458333,3.88033343958179,180.89980204900107,296.4195734659831,0.0,0.0,24
Lake Musconetcong,2019-10-15,9.947507476806663,0.004830270908617725,98642.01106770833,3.096189045296528,178.0818427403768,264.4658266703288,0.0,0.0,24
Lake Musconetcong,2019-10-16,11.247919972737654,0.00711052924937879,97843.8037109375,5.9205352582574315,116.82275633017223,305.4379081726074,39.050669153531395,0.0,24
Lake Musconetcong,2019-10-17,10.180839792887392,0.0065552000887691975,96158.95735677083,10.110465743264301,88.46758762995402,316.08207448323566,2.1306667824586234,0.0,24
Lake Musconetcong,2019-10-18,8.960422770182314,0.005376295923876266,97527.95963541667,7.647947665444646,170.93025875091553,284.02374267578125,0.0,0.0,24
Lake Musconetcong,2019-10-19,6.48791910807294,0.004691662538486223,98380.78548177083,3.1160237179631363,173.23384030659994,249.7612444559733,0.0,0.0,24
Lake Musconetcong,2019-10-20,9.092502848307314,0.005848337643935035,98325.35709635417,2.5738237377177815,54.525752087434135,309.8041572570801,0.0,0.0,24
Lake Musconetcong,2019-10-21,12.033330535888695,0.007585041807033122,98404.83821614583,3.7502912674731568,165.3639624516169,312.9441655476888,0.0,0.0,24
Lake Musconetcong,2019-10-22,12.300828552246116,0.008256133490552505,98351.45345052083,4.534378934910343,67.25304465492566,333.0074920654297,0.01600000075995922,4.159599930047989,24
Lake Musconetcong,2020-07-07,23.1224927266439,0.015501333439412216,98626.23600260417,3.823630265171951,303.5147219498952,381.5791613260905,1067.832051595052,0.0,24
Lake Musconetcong,2020-07-08,24.29707997639976,0.016281121022378404,98416.94173177083,3.406389468577393,243.4553451538086,399.7466557820638,985.1173871358236,3.3323999121785164,24
Lake Musconetcong,2020-07-09,25.0620793660482,0.01592422932541619,98289.99869791667,2.945895539231698,318.4121820131938,386.74082438151044,790.6560357411703,0.07319999998435378,24
Lake Musconetcong,2020-07-10,22.932503000895206,0.015922712666603427,98101.72428385417,4.53528067445608,182.26821716626486,389.00873947143555,326.66935125986737,61.79199846833944,24
Lake Musconetcong,2020-07-11,22.047495778401714,0.01486892932249854,97388.20963541667,3.8942562395249993,246.63842956225076,402.2237383524577,571.4346922797462,10.70679962541908,24
Lake Musconetcong,2020-07-12,23.11249694824221,0.013802537655768296,97454.05110677083,4.915400751636376,314.04380830128986,371.63540903727215,296.40801246960956,0.13599998969584703,24
Lake Musconetcong,2020-07-13,23.636670684814476,0.013549379422329366,97682.46256510417,3.579202018963175,316.14547117551166,376.439156850179,488.1680212020874,3.0527998389443383,24
Lake Musconetcong,2020-07-14,22.150833384195987,0.012254520940283934,98127.8974609375,3.5468491326498786,322.7378515402476,357.6395746866862,369.33868301908177,0.0,24
Lake Musconetcong,2020-07-15,21.996668752034527,0.01276153353198121,98799.50358072917,3.075155022548211,314.09201407432556,360.38123830159503,111.76533831780155,0.0,24
Lake Musconetcong,2020-07-16,21.262085215250675,0.013258012710139155,99152.12337239583,4.3632358041296975,247.79138851165771,373.6395746866862,15.42933419967691,0.0,24
Lake Musconetcong,2020-07-17,21.530414835612003,0.014418520964682102,98779.93912760417,3.8870274116174826,242.44559478759766,398.5529073079427,591.0240220228831,0.021599999628961086,24
Lake Musconetcong,2020-07-18,26.020415242513042,0.016189816989935935,98564.91536458333,2.0257698534444217,319.54726425806683,386.2574882507324,1199.514727274577,0.0,24
Lake Musconetcong,2020-07-19,25.916665649414085,0.015296100173145533,98261.85514322917,4.58671012543716,313.6612226168315,375.2687454223633,801.3947016398112,0.0,24
Lake Musconetcong,2020-07-20,27.614581044514996,0.01780670857988298,97927.62337239583,4.6677187790425085,309.6323467890422,408.4620768229167,1602.741419474284,0.0,24
Lake Musconetcong,2020-07-21,25.38082911173505,0.014438041718676686,98333.6259765625,2.8303590918899615,314.0692647298177,374.4962450663249,339.9226834277312,0.0,24
Lake Musconetcong,2020-07-22,27.157916005452496,0.016118579311296344,98401.92903645833,2.0264544264171027,267.82926166057587,412.0249900817871,876.685378074646,30.035998245468363,24
Lake Musconetcong,2020-07-23,25.823336537679058,0.016611546006364126,98445.84114583333,3.861575565390661,244.33001271883646,409.4866536458333,1120.8187115987141,5.983199767884798,24
Lake Musconetcong,2020-07-24,25.057916259765648,0.015464879455976188,98589.35579427083,2.347107999493256,254.10780107975006,403.08666229248047,720.0320358276367,7.358599901199341,24
Lake Musconetcong,2020-07-25,24.544165547688824,0.014817316822397212,98650.412109375,2.7573391013242374,310.6033521493276,376.38916015625,576.5360260009766,0.0,24
Lake Musconetcong,2020-07-26,26.12458699544273,0.01602005846022318,98422.6376953125,4.549059747953547,312.0133048693339,386.73665110270184,292.5226788520813,0.0,24
Lake Musconetcong,2020-07-27,25.917082722981792,0.015471029405792555,97916.736328125,4.673885004174907,313.096098780632,373.69165802001953,448.6560207605362,0.0,24
Lake Musconetcong,2020-07-31,23.552083587646507,0.013828783490074178,97817.74446614583,2.769253251931557,162.96634210646152,398.00332895914715,201.3866774191459,15.119999694637954,24
Lake Musconetcong,2020-08-01,24.207084910074894,0.013360612715284029,98046.74479166667,1.8209994234011804,303.43959836289287,377.2454083760579,69.57600308954716,0.0,24
Lake Musconetcong,2020-08-02,24.424999491373722,0.01638097936908404,98090.3388671875,4.190257432320016,172.2661770184835,418.60998662312824,837.2187054157257,10.737599588930607,24
Lake Musconetcong,2020-08-03,24.723332977294945,0.014060691891548535,98254.69140625,4.62190702745628,301.37867897748947,377.78873952229816,454.1546842555205,0.7108000011648983,24
Lake Musconetcong,2020-08-04,22.41458663940432,0.014999433575818935,97995.6220703125,5.2663125232381995,131.0356283982595,406.37790807088214,354.6080187273522,90.13959665596485,24
Lake Musconetcong,2020-08-05,22.27249679565432,0.013133566826581955,98289.53971354167,3.5262219615151946,304.26439050833386,369.5145721435547,88.48000500102837,14.028799593448639,24
Lake Musconetcong,2020-08-06,21.277926381429058,0.011416029340277115,98635.22884114583,2.9854399144742874,250.91584546367326,362.8099950154622,14.949334175636372,0.32439999282360077,24
Lake Musconetcong,2020-08-07,20.115834808349632,0.01223002098655949,98766.63704427083,3.3504052088075746,179.29796742399535,378.02040990193683,86.09600355724494,7.106799840927124,24
Lake Musconetcong,2020-08-08,21.287080383300804,0.013865766930393875,98844.751953125,2.547147099900533,225.4452212303877,387.3816566467285,651.4933594067892,0.7895999550819397,24
Lake Musconetcong,2020-08-09,23.28666966756187,0.014857883487517634,98714.45572916667,3.2464242679741253,274.5356381734212,374.7808303833008,802.2906999588013,0.0,24
Lake Musconetcong,2020-08-10,25.294581349690777,0.01577707934969415,98479.5634765625,3.41037342252307,291.5920139948527,389.84457143147785,1184.976069132487,0.0,24
Lake Musconetcong,2020-08-11,26.079592641194683,0.01730558757359783,98237.3193359375,4.153414703386194,268.67193094889325,399.8349914550781,1628.506741841634,0.0,24
Lake Musconetcong,2020-08-12,26.392082468668644,0.017115500134726364,98368.83561197917,2.7559580268227926,262.3549737930298,417.2104123433431,1388.3814010620117,0.564799964427948,24
Lake Musconetcong,2020-08-13,24.827915445963566,0.015885504389492173,98613.30631510417,2.122675645339087,203.20484352111816,394.915823618571,1174.0267232259114,5.594399720430374,24
Lake Musconetcong,2020-09-05,18.296253458658878,0.00826037087244913,98747.60546875,3.5040865805297527,255.90105215708414,311.1108220418294,0.0,0.0,24
Lake Musconetcong,2020-09-06,18.79875462849937,0.008709304267540574,98905.94498697917,3.3512768302952836,239.60105180740356,330.4408238728841,27.78133447964986,0.0,24
Lake Musconetcong,2020-09-07,19.633747355143253,0.011070100124925375,98614.1806640625,4.346937928479925,244.394717057546,334.9045753479004,10.016000548998514,0.0,24
Lake Musconetcong,2020-09-08,21.457504526774112,0.012001983588561416,98764.38704427083,2.658537110383124,243.1199730237325,349.2474937438965,32.87733490765095,0.0,24
Lake Musconetcong,2020-09-09,21.89042180379234,0.012332729413174093,99184.37662760417,2.8357927732049646,221.04834079742432,356.45874404907227,47.002669801314674,0.0,24
Lake Musconetcong,2020-09-10,20.907497660319034,0.014407104308096072,99195.46126302083,1.7814094432882237,70.17758667469025,401.100824991862,44.082669431964554,20.670799732324667,24
Lake Musconetcong,2020-09-11,21.106663004557316,0.013098400086164474,98862.91536458333,2.9493094108275564,219.73305241266885,379.4416567484538,11.040000637372335,0.0,24
Lake Musconetcong,2020-10-16,13.56333185831708,0.00926673348294571,98349.333984375,4.494666229789456,47.52379365762075,350.47373962402344,3.3493335222204528,11.727599749341607,24
Lake Musconetcong,2020-10-17,8.712080891927107,0.00491354590243039,99017.57649739583,4.091395779965605,177.04742709795633,282.81957817077637,0.0,0.3555999791715294,24
Lake Musconetcong,2020-10-18,9.43540980021161,0.004357012580536927,99598.3603515625,3.3795318876771105,165.9338414669037,264.56958134969074,0.056000002970298134,0.0,24
Lake Musconetcong,2020-10-19,12.675002034505232,0.008456825201089183,99312.3037109375,3.6020330839425956,91.17875476678212,325.7724952697754,11.896000632395348,0.0011999999696854502,24
Lake Musconetcong,2020-10-20,16.85250116984052,0.01060696276059995,99032.96712239583,3.422341296317162,126.11171293258667,367.3691571553548,18.738667498032253,0.0,24
Lake Musconetcong,2020-10-21,17.684580739339214,0.011191033525392413,99105.28059895833,3.736574685624957,143.19471410910288,343.33666229248047,206.58401171366373,0.07360000163316727,24
Lake Musconetcong,2020-10-22,18.80041020711265,0.011869537566478053,99047.14127604167,2.8859431977034133,145.48146390914917,344.3270785013835,207.87467331439257,0.0,24
Lake Musconetcong,2024-10-15,5.724998728434268,0.004094437482611586,97822.90397135417,4.8330758019194,116.65745949745178,276.2908369700114,14.881250113248825,0.0,24
Lake Musconetcong,2024-10-16,7.183749135335309,0.004295191669370979,98220.92122395833,5.020861897966055,147.57700069745383,288.28083356221515,4.368333409229915,0.0,24
Lake Musconetcong,2024-10-17,6.876666005452496,0.00411627083667554,98935.21647135417,3.3499772305887223,176.25470797220865,254.04749743143717,0.0,0.010999999940395355,24
Lake Musconetcong,2024-10-18,9.299586232503279,0.004133929168650259,99452.04947916667,3.5178886615122056,172.2581288019816,258.99833424886066,0.0,0.0,24
Lake Musconetcong,2024-10-19,12.058333333333357,0.004535737486245732,99864.84700520833,1.5747286585917297,170.31170479456583,268.0124982198079,0.0,0.0,24
Lake Musconetcong,2024-10-20,12.91208419799807,0.004935833334457129,99366.07063802083,3.1676200134639565,169.5672889550527,268.2958342234294,0.0,0.0,24
Lake Musconetcong,2024-10-21,15.389582570393904,0.005467175020991514,98928.3994140625,3.588347937802535,161.1595420440038,297.59541575113934,0.0,0.0,24
Lake Musconetcong,2024-10-24,15.367080942789736,0.006973783310968429,98059.94596354167,4.939768162385911,157.6337485561768,307.5954170227051,6.409583270549774,0.028700000839307904,24
Lake Musconetcong,2024-10-25,8.260001118977888,0.004408504154222707,98567.18717447917,3.678103505840166,160.03858375549316,252.7883332570394,0.0,0.0,24
Lake Musconetcong,2024-10-26,11.756251271565779,0.004721841658465564,98539.49967447917,5.633992651854341,139.73666604359946,312.19916280110675,2.3375000258286796,0.0,24
Lake Musconetcong,2024-10-27,7.233330027262393,0.0029862958375209323,99362.298828125,3.5873897869449585,158.38462511698404,240.13499959309897,0.0,0.0,24
Lake Musconetcong,2024-10-28,8.104168192545595,0.003120212505261103,99521.1376953125,2.510575272940618,141.98779265085855,276.353333791097,0.0,0.0,24
Lake Musconetcong,2024-10-29,10.292502339681013,0.006055633285238097,99678.93359375,4.203896984527939,135.82495911916098,295.19249725341797,6.9987499713897705,0.0,24
Lake Musconetcong,2024-10-30,15.36499938964846,0.008236258290708065,99329.6787109375,3.7657385783335062,143.60120995839438,333.28332392374676,0.389166663090388,0.0,24
Manasquan Reservoir,2015-06-03,14.379163360595726,0.009036866792788109,101824.36100260417,4.026893015311964,139.1695474187533,371.76165771484375,0.0,6.41639981418848,24
Manasquan Reservoir,2015-06-04,13.759580230712913,0.008796854216294983,101981.58365885417,4.295943659256144,115.5897569656372,348.9933268229167,0.0,0.0,24
Manasquan Reservoir,2015-06-05,14.912500000000023,0.009659591674183806,101555.21712239583,3.5395021011435834,103.92875474691391,382.1537437438965,1.1733333989977837,1.1163999766285997,24
Manasquan Reservoir,2015-06-06,18.430833435058616,0.011369837758441767,100937.18912760417,2.6564241646721305,274.47134697437286,377.165828704834,309.40001634756726,1.8835999369621277,24
Manasquan Reservoir,2015-06-07,17.344585673014347,0.009858254343271255,101650.88639322917,2.4781088189094143,341.2937672138214,319.85707728068036,20.58400085816781,0.0,24
Manasquan Reservoir,2015-06-08,18.701668039957706,0.011364450212568045,101233.41569010417,5.019456706375672,294.43201390902203,347.47873942057294,69.94933754702409,0.04800000041723251,24
Manasquan Reservoir,2015-06-09,22.442923482259136,0.013962666892136136,100307.6923828125,5.521978702163637,247.5181397596995,399.98457463582355,615.4106893539429,7.570399826392531,24
Manasquan Reservoir,2016-07-07,26.3412541707357,0.01759121287614107,100533.17903645833,2.192574035552338,273.647264957428,405.8816553751628,1188.282719930013,4.043199963867664,24
Manasquan Reservoir,2016-07-08,27.088328297932964,0.018015079200267792,100505.23795572917,2.278192536904284,316.7464276949565,418.052490234375,1039.525395711263,4.176799923181534,24
Manasquan Reservoir,2016-07-09,23.254160817464214,0.016033754567615688,100674.95279947917,3.939409087289547,226.08559226989746,403.7774887084961,178.6640112126867,1.9009999744594097,24
Manasquan Reservoir,2016-07-10,23.35416692097984,0.014084954319211343,100754.55436197917,2.795230603669945,305.76322476069134,395.5462417602539,157.93334118525186,9.74759949487634,24
Manasquan Reservoir,2016-07-11,22.883330281575542,0.012249695990855495,101389.39453125,2.649802987237051,303.80888986587524,377.99498748779297,4.514666827395558,0.4811999872326851,24
Manasquan Reservoir,2016-07-12,23.27250188191734,0.011739312632319828,101572.11393229167,1.6714442700459073,338.92543331782025,355.1249936421712,0.07466667145490646,6.1639996618032455,24
Manasquan Reservoir,2016-07-13,22.82375233968101,0.014489287665734688,101452.4736328125,3.16984086815142,161.51509141921997,395.7737350463867,64.91466994086902,6.239199858158827,24
Manasquan Reservoir,2016-09-21,23.265414174397808,0.013388975251776477,101668.662109375,2.0946432749776585,228.55592711766562,366.9983278910319,67.86400294303894,0.0,24
Manasquan Reservoir,2016-09-22,22.06916707356773,0.011302550168087086,101675.59016927083,2.3321358989558725,240.28213651974997,336.1724917093913,0.0,0.0,24
Manasquan Reservoir,2016-09-23,21.82374725341799,0.011867487686686218,101352.81217447917,1.9096747466459327,238.07201393445334,343.6912371317546,25.3173344930013,0.0,24
Manasquan Reservoir,2016-09-24,19.614167785644554,0.01181611263503631,101380.927734375,2.974895431287143,119.04271479447682,374.682913462321,11.200000385443369,2.3015999644994736,24
Manasquan Reservoir,2016-09-25,16.172917938232445,0.006696058398423095,101767.33365885417,2.852886396167102,242.4088901678721,315.58499399820965,2.7440000573794046,2.1711999122053385,24
Manasquan Reservoir,2016-09-26,16.62958679199221,0.006852070878570278,101744.99446614583,2.8205842304652635,223.0107601483663,315.31540934244794,0.0,4.429199859499931,24
Manasquan Reservoir,2016-09-27,20.549584960937523,0.011864562635309994,101039.34114583333,3.606359264518644,190.70129934946695,384.87207412719727,3.1466667850812278,5.931999742984772,24
Manasquan Reservoir,2017-04-20,12.619167582194033,0.008073866813598821,101662.95768229167,2.550551977336536,158.45867363611856,354.9591598510742,3.4200002352396646,0.9123999811708927,24
Manasquan Reservoir,2017-04-21,13.131667073567732,0.008560904301702976,101040.05078125,3.949418354513812,222.31646919250488,349.81457392374676,13.741334160168966,1.6503999531269073,24
Manasquan Reservoir,2017-04-22,12.019583638509138,0.008118170876211176,100994.05338541667,2.3992003228988286,64.56575377782185,356.46875,0.7973333795865377,3.1275999397039413,24
Manasquan Reservoir,2017-04-23,10.550008392334007,0.006099108393148829,101436.73046875,2.948860805202125,303.846887588501,290.3858286539714,4.094666957855225,0.5629999861121178,24
Manasquan Reservoir,2017-04-24,9.360415395100935,0.006314170915478219,101647.1923828125,3.129865998605233,112.01079654693604,305.0445734659831,0.0,0.10999999940395355,24
Manasquan Reservoir,2017-04-25,10.97458165486656,0.007466575111417721,101242.08170572917,8.093784561592113,123.07388186454773,362.2408269246419,4.213333532214165,20.780799333006144,24
Manasquan Reservoir,2017-04-26,14.102493540445986,0.009392712692109248,100412.86979166667,4.343891446865611,187.11150868733725,372.8083216349284,2.454666787137588,10.953399553894997,24
Manasquan Reservoir,2017-05-24,14.84958419799807,0.009321895971273383,100452.0390625,4.0853231616291685,173.3015098174413,364.23123931884766,0.2320000110194087,1.2043999657034874,24
Manasquan Reservoir,2017-05-25,14.63208669026695,0.009720525122247636,100099.00846354167,5.687153209568116,171.4855485757192,370.60082244873047,60.152002374331154,11.825199728831649,24
Manasquan Reservoir,2017-05-26,17.408746337890648,0.010356737649999559,99822.50423177083,4.816566697898348,256.61855189005536,365.6566556294759,60.984002669652305,8.29359968577046,24
Manasquan Reservoir,2017-05-27,18.19541193644208,0.010352175100706518,100722.13997395833,2.613461846262536,214.61475950479507,371.2708218892415,10.29600047816833,0.0,24
Manasquan Reservoir,2017-05-28,17.528747812906925,0.01106024180383732,100922.06315104167,3.4783997591573184,181.86196462313333,382.8433252970378,4.44266680876414,0.0,24
Manasquan Reservoir,2017-05-29,14.885416920979841,0.009787008554364244,100930.65852864583,4.747018133651948,102.10300465424855,380.0562438964844,0.890666683514913,12.05039975931868,24
Manasquan Reservoir,2017-05-30,14.234585062662783,0.009319041816828152,101655.8486328125,3.4985677503601695,155.06571535269418,345.6770769755046,0.0,0.39999998558778316,24
Manasquan Reservoir,2017-05-31,18.125830586751324,0.011459012709868452,101312.78580729167,2.4204799387205727,304.2696400483449,364.73498916625977,507.1013542711735,0.3343999884673394,24
Manasquan Reservoir,2017-06-01,19.72999725341799,0.01097718762078633,101030.40852864583,3.5599940562474255,343.97547602653503,336.03457768758136,370.9040180842082,0.1395999938249588,24
Manasquan Reservoir,2017-06-02,18.893753306070987,0.008984416723251343,101086.41438802083,3.452514517077221,319.13822134335834,330.25749079386395,169.23200823366642,0.0,24
Manasquan Reservoir,2017-06-03,16.522086079915386,0.007850016680701325,101164.27994791667,3.706455917142401,292.7055989106496,317.2233289082845,77.88533692341298,3.3763999068178236,24
Manasquan Reservoir,2017-06-04,16.590417480468773,0.008598595896425346,101199.59505208333,2.212520575421606,231.91321714719138,323.6624921162923,7.544000347455342,0.0,24
Manasquan Reservoir,2017-06-05,19.77209116617841,0.01305874603955696,100423.76432291667,2.30686917515029,240.283428867658,381.76165771484375,497.9306886891524,2.5435999339679256,24
Manasquan Reservoir,2017-06-06,16.582917785644554,0.010822712598989407,100368.92220052083,3.476704558850653,213.94988536834717,365.5866559346517,30.536001066366833,7.4171999376267195,24
Manasquan Reservoir,2017-06-07,13.427082316080751,0.008054850079740087,101024.95052083333,3.0173495555566667,260.3473931153615,335.8299929300944,6.60800039768219,0.7687999794725329,24
Manasquan Reservoir,2017-06-08,15.038753763834658,0.008602150075603276,101155.01009114583,2.9199156569825218,330.76868240038556,305.7724901835124,0.3786666865150134,0.0,24
Manasquan Reservoir,2017-06-09,16.656252797444683,0.009052233537659049,100591.2607421875,3.033159316331776,343.977143685023,311.4712422688802,150.58933925628662,0.0,24
Manasquan Reservoir,2017-06-10,20.440827941894554,0.010623904255529245,101100.880859375,4.033064888996423,325.3358913262685,341.9841562906901,101.9466731150945,1.2099999147467315,24
Manasquan Reservoir,2017-06-11,23.174166615804058,0.013519616797566414,101445.7822265625,4.03927157524543,346.86393396059674,362.41874567667645,284.88001453876495,0.3918999819434248,24
Manasquan Reservoir,2017-06-12,24.962503051757835,0.01535581269611915,101252.86165364583,3.2800192186125425,345.671972990036,375.32873916625977,839.5600367387136,0.0,24
Manasquan Reservoir,2017-07-05,23.30625178019208,0.01369403760569791,101666.07356770833,3.2129930771016064,340.8266411622365,368.8812370300293,50.20533664276203,0.0,24
Manasquan Reservoir,2017-07-06,21.537501271565777,0.013491700092951456,101632.38151041667,3.3456897235897998,215.21596701939902,373.22707239786786,4.970666825771332,1.4935999785084277,24
Manasquan Reservoir,2017-07-07,21.963745371500675,0.014966475311666727,100700.68424479167,2.629482576655345,199.9338425795237,404.8716583251953,42.52000217139721,8.780799757689238,24
Manasquan Reservoir,2017-07-08,24.723753865559917,0.014908387674950063,100416.8525390625,3.5247358592541627,323.80172181129456,385.3237368265788,493.0160261789958,0.0,24
Manasquan Reservoir,2017-07-09,22.46666997273765,0.011703629279509187,101056.03483072917,3.3593366395391975,350.61926396687824,349.3070755004883,77.36267145474751,0.0,24
Manasquan Reservoir,2017-07-10,22.773748016357445,0.012346933401810626,101384.064453125,3.3358073079737256,343.5544729232788,356.28207270304364,69.29067051410675,0.0,24
Manasquan Reservoir,2017-07-11,25.522913869222027,0.015724887683366735,101079.11360677083,4.064500311826181,322.09209926923114,390.4383265177409,839.6400438944498,0.08079999819165096,24
Manasquan Reservoir,2017-07-12,26.855835215250675,0.016583221033215523,101132.353515625,3.9640858517407698,302.7190150419871,408.36249287923175,1128.9493942260742,0.0,24
Manasquan Reservoir,2017-07-13,27.820832824707054,0.017251433494190376,101218.56217447917,3.3192946611250886,289.6126835346222,412.64749272664386,1387.6427052815754,10.584799652919173,24
Manasquan Reservoir,2017-07-14,25.463750457763695,0.017480237875133753,101347.12272135417,2.772607532151712,199.3198023637136,420.6579081217448,654.0080181757609,10.721199683845043,24
Manasquan Reservoir,2017-07-15,24.630410766601585,0.01607320011438181,101094.79296875,1.8148742038965773,241.53026382128397,411.24582544962567,400.2773520151774,0.9425999887171201,24
Manasquan Reservoir,2017-07-16,24.64666900634768,0.014381312648765743,101052.984375,1.682966778852327,339.73805650075275,381.2099978129069,207.41334378222624,0.0,24
Manasquan Reservoir,2017-07-17,24.4820864359538,0.016108262701891363,101303.32942708333,3.2109655558584485,326.45914045969647,376.1687405904134,1172.346715291341,0.0,24
Manasquan Reservoir,2017-08-04,24.741250610351585,0.0162678628306215,101358.24674479167,3.6993067384118223,300.3086408774058,396.66791280110675,1084.5680541992188,0.11059999972349033,24
Manasquan Reservoir,2017-08-05,23.98667170206708,0.014949304362138113,100920.78255208333,3.6412191251287074,283.6750104452173,392.492488861084,619.3413569132487,11.73999947309494,24
Manasquan Reservoir,2017-08-06,20.516250864664737,0.010620629337305823,101391.68880208333,3.8469583517509993,268.62859878564876,338.6779073079427,7.026666974027951,0.0,24
Manasquan Reservoir,2017-08-07,19.245830790201847,0.012241870979778469,101433.8017578125,3.2021281152976395,112.08650430043538,380.24624252319336,9.000000397364298,8.241599773988128,24
Manasquan Reservoir,2017-08-08,21.41833012898765,0.013186033621119956,101023.50130208333,2.4323517938470673,232.01068051656088,389.7195650736491,37.40533526738485,0.7479999987408519,24
Manasquan Reservoir,2017-08-09,22.151663716634136,0.012090071065661808,101702.3095703125,1.9295260539735202,324.64968236287433,345.25832239786786,16.941333932181198,0.0,24
Manasquan Reservoir,2017-08-10,21.831245676676456,0.01261962519492954,101962.39876302083,1.6550681496144841,321.5251407623291,342.4362386067708,12.432000497976938,0.0,24
Manasquan Reservoir,2017-09-21,22.951252237955753,0.013524525100365281,101188.5361328125,3.7501079473171828,219.52901164690653,378.8333231608073,26.672000964482624,0.0,24
Manasquan Reservoir,2017-09-22,20.903750356038433,0.011478066832448045,101302.4990234375,4.794107333198232,169.0809257030487,368.0854098002116,0.0,1.7351999282836914,24
Manasquan Reservoir,2017-09-23,22.533330535888695,0.012282237643375993,101239.61067708333,3.7809242942036807,229.91667572657266,388.17373784383136,0.0,0.0,24
Manasquan Reservoir,2017-09-24,22.55749918619794,0.012343691817174355,101402.42513020833,2.0897060196066515,234.1010135014852,358.6712455749512,1.202666699886322,1.0335999727249146,24
Manasquan Reservoir,2017-09-25,22.45125478108726,0.013606787659227848,101379.56217447917,2.3221425715178396,229.47367890675864,371.8804054260254,12.960000596940517,0.9616000028327107,24
Manasquan Reservoir,2017-09-26,21.384576416015648,0.013624062645249069,101365.91569010417,2.706945737598925,207.47788174947104,368.4774932861328,3.5573334246873856,0.2855999916791916,24
Manasquan Reservoir,2017-09-27,22.682087198893253,0.014952046136992673,100884.2119140625,4.000169480616086,215.15334645907083,389.18582407633465,151.09600706895193,1.1731999544426799,24
Manasquan Reservoir,2017-09-28,21.861666615804058,0.012541945946092406,100452.11360677083,4.78770793512255,230.00605309009552,356.4037437438965,25.31733473141988,0.0,24
Manasquan Reservoir,2017-09-29,14.676663970947288,0.007020633396071692,101305.05794270833,3.138358214017193,213.26709179083505,305.52707799275714,0.0,0.0,24
Manasquan Reservoir,2017-09-30,15.708329772949241,0.007662258460186422,101555.9443359375,4.0592046549618255,206.6513833204905,332.0679130554199,18.048000631233055,0.9555999734438956,24
Manasquan Reservoir,2017-10-01,14.779167429606142,0.007563662540633231,102341.4912109375,2.937269624704418,221.81221612294516,325.1749954223633,2.9733335077762604,0.15279999375343323,24
Manasquan Reservoir,2017-10-02,14.406667327880882,0.006687649991363287,102435.431640625,2.3353514734621834,225.14300793409348,287.7858301798503,0.0,2.55679988861084,24
Manasquan Reservoir,2017-10-03,15.499169921875023,0.007996862618407855,103063.47428385417,2.6715348443639892,204.75684571266174,306.9662437438965,3.8586668682595096,0.0,24
Manasquan Reservoir,2017-10-04,16.07917175292971,0.008753008441999555,102666.29231770833,3.3801007855868335,217.4890086054802,305.8662465413411,0.0,0.20559999346733093,24
Manasquan Reservoir,2018-06-26,19.436243947347027,0.010410662507638335,101870.37369791667,2.820974498758774,352.78705859184265,324.55624771118164,9.23733365535736,0.0,24
Manasquan Reservoir,2018-06-27,20.453333791097027,0.012987691870269677,101497.64420572917,4.697107007141814,244.22226293881735,357.5254071553548,28.346667679647606,0.0,24
Manasquan Reservoir,2018-06-28,23.38583145141604,0.01540984601403276,100656.63606770833,4.223774288322916,249.35530726114908,404.26207478841144,773.162705441316,9.131599754095078,24
Manasquan Reservoir,2018-06-29,25.361248270670597,0.015509895902747909,100922.59895833333,2.7137018940224418,344.3787279923757,388.78540420532227,600.842689871788,0.4975999891757965,24
Manasquan Reservoir,2018-06-30,25.820826466878277,0.01515269186347723,101298.48828125,2.5981756596282466,345.3661825656891,376.80249150594074,333.67201683918637,0.0,24
Manasquan Reservoir,2018-07-01,26.679586029052757,0.016455658401052158,101285.24446614583,2.7762175598515193,335.3140137195587,387.05957285563153,1353.2747192382812,0.0,24
Manasquan Reservoir,2018-07-02,27.109585062662784,0.01737020416961362,101382.19661458333,2.2632906542986784,344.3564332326253,392.63582102457684,1597.6080805460613,0.0,24
Manasquan Reservoir,2018-07-05,26.25666961669924,0.017952108367656667,102119.89485677083,3.293038647653415,311.50234659512836,410.148738861084,1490.144063313802,0.1875999979674816,24
Manasquan Reservoir,2018-07-06,26.077081298828148,0.017789908529569704,101478.33203125,4.3240367992341096,199.19296781222025,423.3149871826172,1083.6000467936199,18.319599345326424,24
Manasquan Reservoir,2018-07-07,20.477918243408226,0.01073327516981711,102020.4384765625,4.573534190104945,355.36318333943683,324.23832575480145,9.589333693186441,0.0,24
Manasquan Reservoir,2018-07-08,19.753330485026066,0.009824808492946127,102347.21647135417,2.0848377723697653,355.27509752909344,318.0504099527995,0.0,0.0,24
Manasquan Reservoir,2018-07-09,20.91457901000979,0.010567016821975509,101929.61653645833,2.8140065968429675,352.59205826123554,326.9424908955892,0.0,0.0,24
Manasquan Reservoir,2018-07-10,22.541249847412132,0.012600296021749577,101148.07552083333,3.4891869754093783,347.6416443188985,349.7849947611491,95.9120045977955,0.0,24
Manasquan Reservoir,2018-07-11,24.627086893717472,0.014549916881757477,100938.390625,3.088865776789456,321.3508900006612,379.77749252319336,671.3733685811361,0.0,24
Manasquan Reservoir,2018-09-12,23.712500508626324,0.01616713769423465,101853.365234375,2.610940006256478,172.6077987353007,414.27290471394855,362.60534985860187,3.1819999935105443,24
Manasquan Reservoir,2018-09-13,22.11708730061851,0.015071387713154158,102017.06119791667,4.513906135176202,178.64838226636252,397.1366589864095,80.05600440502167,0.43479998980183154,24
Manasquan Reservoir,2018-09-14,21.97542597452802,0.014852991832109788,101930.935546875,4.345301158100577,172.37317860126495,399.87915929158527,39.72266846895218,6.368399932980537,24
Manasquan Reservoir,2018-09-15,21.457089996337913,0.014442641792508462,101862.41959635417,2.155577597370479,155.9812569618225,398.48665618896484,1.3306667134165764,0.0,24
Manasquan Reservoir,2018-09-16,21.747917429606144,0.01382331682058672,101868.27083333333,1.2372299679851149,252.180341899395,358.32665888468426,31.31733512878418,4.065600108355284,24
Manasquan Reservoir,2018-09-17,22.51916147867841,0.014878196020921072,101655.82389322917,2.664461698578783,192.69863184634596,376.06166076660156,163.18667514622211,0.025199999217875302,24
Manasquan Reservoir,2018-09-18,23.42833226521812,0.01647333342892428,100675.20052083333,3.2079487706651535,130.63896322250366,414.3512420654297,171.6720089117686,7.5567997825855855,24
Manasquan Reservoir,2018-10-12,18.72208175659182,0.011882437625899911,99895.53059895833,5.417250717769469,201.85547002156576,351.7041600545247,98.24267292022705,51.91639898106223,24
Manasquan Reservoir,2018-10-13,9.828331247965517,0.006251479246808837,100732.5087890625,3.6152746982573607,97.14200623830159,302.7074966430664,4.354666829109192,2.673799936135765,24
Manasquan Reservoir,2018-10-14,9.802915191650413,0.005796629217608522,101800.75651041667,2.7936657730285184,132.11371421813965,292.4424870808919,0.0,0.0,24
Manasquan Reservoir,2018-10-15,14.664164479573591,0.009573383470221112,101551.86783854167,4.075761593497193,66.46612731615703,361.7295748392741,11.784000686059395,2.9103998549981043,24
Manasquan Reservoir,2018-10-16,14.236248270670595,0.007781012662841628,101376.67838541667,5.025653867053277,188.65180079142252,321.9408251444499,44.63200155893961,1.1411999762058258,24
Manasquan Reservoir,2018-10-17,10.769166564941429,0.006024725056098153,101257.56803385417,5.393821684359826,190.55083934466043,280.5770785013835,6.568000237147014,0.0,24
Manasquan Reservoir,2018-10-18,7.136256154378278,0.004256512562278658,102081.453125,6.181461909799911,137.82379833857217,302.46166229248047,19.09866750240326,0.0,24
Manasquan Reservoir,2019-09-11,23.376255289713566,0.01482460426632315,101909.74772135417,3.7817106128849254,257.54488706588745,380.81290944417316,558.2640288472176,0.0,24
Manasquan Reservoir,2019-09-12,24.61041666666669,0.01629357513350745,101437.77669270833,3.108441274401624,173.42159489790598,410.66457494099933,1155.2453926404316,0.0,24
Manasquan Reservoir,2019-09-13,19.114998118082706,0.010697016686511537,102415.224609375,6.284567000254476,244.76746916770935,368.0974922180176,3.664000131189823,0.0,24
Manasquan Reservoir,2019-09-14,18.98083012898765,0.011505741742439568,102281.20540364583,3.32029215696209,106.57317038377126,367.21665318806964,0.0,0.0,24
Manasquan Reservoir,2019-09-15,23.19333419799807,0.014164354380530616,101741.49934895833,2.4655521317565694,251.90505266189575,388.34665807088214,134.51467204093933,0.0,24
Manasquan Reservoir,2019-09-16,21.072080230712913,0.011760300180564323,101374.18033854167,1.5791627810113456,174.53475957115492,367.26207733154297,9.898667179048061,0.0,24
Manasquan Reservoir,2019-09-17,20.113328552246116,0.010655570891685784,101505.7900390625,3.2902020926532654,255.18093039964637,348.3304100036621,2.9146668116251626,0.0,24
Manasquan Reservoir,2019-09-20,15.578749593098982,0.0072971208913562196,102128.16861979167,3.5251536747283136,251.8923438390096,292.9895769755046,0.0,0.0,24
Manasquan Reservoir,2019-09-21,18.2583315531413,0.009204195928759873,101944.64388020833,3.184574424603064,247.61559637387595,319.0033251444499,0.0,0.0,24
Manasquan Reservoir,2019-09-22,20.925422922770206,0.012171483443429073,101729.74186197917,2.5774232240746313,238.88867664337158,348.81415430704754,5.42400020857652,0.0,24
Manasquan Reservoir,2019-09-23,23.490829722086612,0.013529337632159391,100984.14876302083,4.503488468531479,234.37901345888773,374.0466601053874,8.634667107214531,0.0,24
Manasquan Reservoir,2019-09-24,21.49833450317385,0.011615541763603687,100511.5029296875,4.369711802324428,239.5440949598948,354.21249262491864,50.8266685778896,0.0,24
Manasquan Reservoir,2019-09-25,19.033335622151714,0.009443916807261607,100852.8408203125,2.9533310122746417,238.73905555407205,334.2395782470703,0.9653333934644858,0.0,24
Manasquan Reservoir,2019-09-26,20.38083419799807,0.01143252927189072,100640.30729166667,3.56637910069727,218.7188858985901,346.28832753499347,27.450668176015217,0.0,24
Manasquan Reservoir,2019-09-27,18.119994099934917,0.008732337582235536,101427.2412109375,2.9637920358168173,237.05396914482117,309.6020762125651,1.4133333961168926,0.0,24
Manasquan Reservoir,2019-09-28,19.892498270670597,0.011968879339595636,101615.14713541667,2.9111042911684546,180.7140499750773,358.646245320638,357.9093508720398,0.0,24
Manasquan Reservoir,2019-09-29,22.444163258870464,0.013428812691320976,101773.0654296875,3.3563856320504204,222.486554145813,374.1624946594238,497.13068942228955,0.0,24
Manasquan Reservoir,2019-09-30,18.174165344238304,0.010409883417499563,102144.44401041667,3.4420799136573965,118.53938059012096,362.78124618530273,0.0,0.0,24
Manasquan Reservoir,2019-10-01,20.36500701904299,0.011300866841338575,101637.77799479167,3.5397735443435834,172.08838286002478,395.5799903869629,7.133333692948024,0.0,24
Manasquan Reservoir,2019-10-04,18.30999399820966,0.010278125021917125,101329.22916666667,4.766576296644328,207.57204986612,351.39332580566406,1.1120000680287678,0.0,24
Manasquan Reservoir,2019-10-05,11.226247406005882,0.005722070869524032,102519.30598958333,3.9072746421441398,221.5852595701193,267.12415822347003,0.0,0.0,24
Manasquan Reservoir,2019-10-06,15.435416158040388,0.009082308427120248,102296.59016927083,4.497421160030782,90.278879960378,352.11457443237305,6.14133354028066,0.0,24
Manasquan Reservoir,2019-10-07,21.215833282470726,0.012648350132318834,101777.48209635417,5.688869240634097,120.7774232228597,404.71416091918945,57.373336147516966,0.0,24
Manasquan Reservoir,2019-10-08,17.19083175659182,0.010402295971289277,101858.12955729167,5.272307811360575,55.0135862827301,383.4749946594238,40.59200223286947,0.0,24
Manasquan Reservoir,2019-10-09,14.432083384195986,0.008713137668867907,101934.12923177083,6.784911135750356,33.89237638314565,372.23249435424805,0.0,0.0,24
Manasquan Reservoir,2019-10-10,13.931247965494814,0.007776062683357547,101955.4404296875,7.05183940504985,77.46512858072917,367.1074867248535,0.890666683514913,0.0,24
Manasquan Reservoir,2019-10-11,13.892493184407575,0.007535341739033659,101600.91731770833,6.848458379329117,85.58758687973022,362.3979085286458,0.0,0.0,24
Manasquan Reservoir,2019-10-12,15.129585520426454,0.008383591698172191,101205.95930989583,3.4631140464770773,174.95734222730002,357.0170733133952,0.0,0.0,24
Manasquan Reservoir,2019-10-13,15.422920481363954,0.007772516750264913,101380.01595052083,2.5717249205941335,156.23413308461508,337.9237429300944,0.0,0.0,24
Manasquan Reservoir,2019-10-14,16.591667429606144,0.008602466686473539,101188.4833984375,2.5319499337515214,184.80046717325845,350.9570719401042,0.0,0.0,24
Manasquan Reservoir,2019-10-15,12.55917892456057,0.005807954216531168,101604.22428385417,2.55257401407668,195.84617598851523,280.77415974934894,0.0,0.0,24
Manasquan Reservoir,2019-10-16,14.262504831949892,0.008518212630103031,100784.09765625,5.723077769197814,134.33842277526855,320.35749435424805,48.08266860246658,0.0,24
Manasquan Reservoir,2019-10-17,12.901673889160179,0.007144516721988718,99170.07747395833,10.183341174214751,121.17692311604817,324.07582728068036,4.021333519369364,0.0,24
Manasquan Reservoir,2019-10-18,11.506255086263044,0.005800879191762458,100505.1328125,6.375914480297852,182.65775950749716,306.40332285563153,0.0,0.0,24
Manasquan Reservoir,2019-10-19,9.614581044514997,0.0052899625928451615,101366.3330078125,3.089105384895664,190.32784215609232,272.2158285776774,0.0,0.0,24
Manasquan Reservoir,2019-10-20,11.588337198893251,0.007171170921841015,101269.46419270833,2.312560994626501,53.056586702664696,322.86082712809247,0.0,0.0,24
Manasquan Reservoir,2019-10-21,14.850417073567732,0.00870710836413006,101278.17154947917,4.76877461604003,177.00479992230734,345.5995788574219,0.0,0.0,24
Manasquan Reservoir,2019-10-22,14.670414225260439,0.009384016894424954,101299.58756510417,4.075829019988757,111.17304549614589,341.6183268229167,0.0,0.8529999777674675,24
Manasquan Reservoir,2020-07-07,24.114575958251976,0.015962850186042488,101523.03580729167,3.4778003516689897,329.74372577667236,388.8995780944824,696.6773713429769,0.058399997651576996,24
Manasquan Reservoir,2020-07-08,25.30249684651695,0.01689857089271148,101312.59602864583,3.3350936009577903,314.5533500512441,399.8924916585286,850.4987030029297,0.04680000012740493,24
Manasquan Reservoir,2020-07-09,25.70082880655927,0.017100262727277975,101137.9990234375,2.51491945185305,337.97117884953815,394.96457926432294,757.9120394388834,0.42079999297857285,24
Manasquan Reservoir,2020-07-10,23.979168192545597,0.017201179328064125,100862.25716145833,4.882646918846919,162.2250498930613,403.61374282836914,274.9786787033081,51.10479780728929,24
Manasquan Reservoir,2020-07-11,25.262498474121116,0.01760667919491728,100244.1826171875,3.9847432624261767,276.2899311383565,417.2433217366536,963.2507163795332,2.4395999163389206,24
Manasquan Reservoir,2020-07-12,25.376245117187523,0.015358354391840598,100321.1181640625,4.272111248964175,339.8056431611379,386.39373779296875,391.8986864089966,0.9363999832421541,24
Manasquan Reservoir,2020-07-13,25.04875462849937,0.014882862529096505,100507.9560546875,3.2076198183192783,318.99897567431134,386.8562431335449,520.3760223388672,0.07359999604523182,24
Manasquan Reservoir,2020-07-14,23.764581298828148,0.013039587647654116,100956.51106770833,3.023636556808896,340.7258488337199,363.5199902852376,298.2400140017271,0.0,24
Manasquan Reservoir,2020-07-15,24.4229192097982,0.014331266866065562,101659.44986979167,3.040446361555318,329.43768278757733,387.9862454732259,97.21067094802856,0.0,24
Manasquan Reservoir,2020-07-16,21.975832875569683,0.013445645958806077,102090.84342447917,4.074436514495207,328.0877227783203,358.8374938964844,6.280000254511833,0.0,24
Manasquan Reservoir,2020-07-17,22.888748423258487,0.015168154262937605,101737.96647135417,3.603015866553394,208.52959458033243,403.471248626709,407.31735382477444,0.05519999726675451,24
Manasquan Reservoir,2020-07-18,26.83791376749677,0.018083933430413406,101374.14192708333,1.9502570941783726,321.88493251800537,418.11540095011395,1876.1254272460938,0.007999999448657036,24
Manasquan Reservoir,2020-07-19,26.644584910074894,0.017031666939146817,101101.90787760417,3.7928851111333977,335.70655393600464,384.7383282979329,815.9946988423666,0.0,24
Manasquan Reservoir,2020-07-20,28.309167480468773,0.018241858497882884,100761.25065104167,3.889153180991084,325.3596806526184,415.19374084472656,1501.3760630289714,0.0,24
Manasquan Reservoir,2020-07-21,27.73457997639976,0.01626375860845049,101122.69140625,2.392364120788372,329.79976495107013,397.8899955749512,567.5146960417429,0.0,24
Manasquan Reservoir,2020-07-22,27.95833485921226,0.01803709597637256,101244.16861979167,2.282740113578568,281.988765279452,422.91290918986004,1404.816062927246,0.7679999768733978,24
Manasquan Reservoir,2020-07-23,27.6920842488607,0.019030612815792363,101282.77408854167,3.137627743393048,205.25317792097727,432.0599937438965,1847.341417948405,7.259199772845022,24
Manasquan Reservoir,2020-07-24,26.79374974568687,0.018144879412526887,101398.822265625,1.8628669494876677,175.40796764691672,431.5729014078776,1502.0800755818684,38.44239845260745,24
Manasquan Reservoir,2020-07-25,25.854999796549503,0.01661228365264833,101495.55924479167,2.302505317412566,324.2330181996028,397.2674903869629,855.2800356547037,0.0,24
Manasquan Reservoir,2020-07-26,27.19541447957359,0.01754990848712623,101295.46419270833,4.230691533825054,316.26313984394073,408.38748931884766,538.7120246887207,0.0007999999797903001,24
Manasquan Reservoir,2020-07-27,27.281250254313175,0.016927146042386692,100777.69661458333,4.243609823009003,330.3935963710149,386.31457773844403,327.72001318136853,0.0,24
Manasquan Reservoir,2020-07-31,25.690835571289085,0.01731215021573007,100582.62434895833,2.644870901995542,176.4121764500936,420.02457427978516,745.6107018788656,6.10679979249835,24
Manasquan Reservoir,2020-08-01,25.56958669026695,0.015853246208280325,100882.05110677083,1.406418901024411,310.95143236219883,402.5199890136719,112.53333981831868,0.0,24
Manasquan Reservoir,2020-08-02,26.364165242513042,0.018046429225554068,100969.564453125,4.250196524873636,245.7928449511528,415.21165974934894,1208.7440516153972,0.0,24
Manasquan Reservoir,2020-08-03,26.748743947347027,0.016621075143727165,101128.82454427083,3.663455755463467,278.93785138924915,405.29249572753906,772.7227183183035,0.0031999999191612005,24
Manasquan Reservoir,2020-08-04,25.15958938598635,0.01758726705641796,100850.71419270833,6.350841718040761,172.611301501592,416.7216567993164,718.693369820714,15.729599180514924,24
Manasquan Reservoir,2020-08-05,24.9216616312663,0.015101450262591243,101169.298828125,2.7522588562362102,318.9998888199528,389.7958246866862,389.4053509235382,0.0,24
Manasquan Reservoir,2020-08-06,24.487095133463566,0.014992762667437395,101445.94921875,2.8362879087988238,254.10667889937758,403.7762336730957,159.21334250768027,1.8091999739408493,24
Manasquan Reservoir,2020-08-07,22.63000005086265,0.014360920991748571,101558.93033854167,3.3131986792695174,262.6913061141968,386.99749247233075,160.93067546685538,4.533199868164957,24
Manasquan Reservoir,2020-08-08,22.919994608561222,0.015083216906835636,101699.04459635417,2.4302041468955617,223.78538354237875,398.0708198547363,523.6373615264893,2.6655998826026917,24
Manasquan Reservoir,2020-08-09,23.92500457763674,0.015391533340637883,101603.6552734375,2.3043223493983165,293.4891347885132,385.3645757039388,756.3333673477173,0.0,24
Manasquan Reservoir,2020-08-10,26.422083791097027,0.017449379277726013,101345.48372395833,3.1503235055284144,294.3321866989136,419.93915939331055,1729.8667551676433,0.0,24
Manasquan Reservoir,2020-08-11,26.250005340576195,0.01769398773709933,101122.11881510417,3.61474714392161,300.1812626520793,404.89916102091473,1402.4880777994792,0.5695999665185809,24
Manasquan Reservoir,2020-08-12,26.461667633056663,0.018169717009489734,101229.3154296875,2.820409547525452,187.92529900868735,428.09582773844403,1679.2187398274739,8.711599946022034,24
Manasquan Reservoir,2020-08-13,25.721246337890648,0.016972254185626905,101466.1064453125,1.6650148982481152,251.79084300994873,406.9920717875163,1100.9147237141926,0.7255999855697155,24
Manasquan Reservoir,2020-09-05,21.49625422159833,0.010566087633681795,101618.21842447917,2.8227651053175684,281.20855410893756,338.093324025472,0.0,0.0,24
Manasquan Reservoir,2020-09-06,20.335421498616558,0.010253670935829481,101846.53092447917,2.613325894080724,274.79471985499066,337.4358317057292,27.42933464050293,0.0,24
Manasquan Reservoir,2020-09-07,21.447081502278667,0.012952483530777196,101560.87369791667,3.3139810261658442,268.87838792800903,348.44166056315106,64.83200248082478,0.0,24
Manasquan Reservoir,2020-09-08,22.595417277018253,0.014349766812908152,101633.42838541667,2.6623365457186567,266.9698052406311,361.0445734659831,107.0986710190773,0.0,24
Manasquan Reservoir,2020-09-09,22.922087605794292,0.01507114595733583,102041.0166015625,3.3184167414549486,201.8448430697123,380.80998611450195,148.38933885097504,0.009599999524652958,24
Manasquan Reservoir,2020-09-10,24.062913513183616,0.016608337794120114,102014.47428385417,1.8847838896653328,99.76925591627757,423.7212384541829,177.68000904719034,7.175999817845877,24
Manasquan Reservoir,2020-09-11,23.29874445597333,0.0152087501094987,101672.08951822917,3.2407555882709524,222.21746985117593,404.6283213297526,24.56266773243745,0.5659999884665012,24
Manasquan Reservoir,2020-10-16,16.624164835612003,0.011126616736873984,101266.9345703125,3.484264696257035,48.84946030378342,370.1787363688151,13.656000276406607,29.901999158668332,24
Manasquan Reservoir,2020-10-17,11.152075703938825,0.005883045921412607,101997.97591145833,4.390650415697279,194.58609080314636,301.262492497762,0.11200000594059627,4.579899815958925,24
Manasquan Reservoir,2020-10-18,11.822497304280622,0.005715562535139422,102655.3466796875,2.841445495553567,164.0101728439331,282.98207728068036,1.621333400408427,0.0,24
Manasquan Reservoir,2020-10-19,15.677087402343773,0.009647058439441025,102290.09114583333,3.158504594938339,140.6645893653234,340.8670768737793,22.840001069009304,0.0,24
Manasquan Reservoir,2020-10-20,18.05124689737958,0.011591329355724156,101995.98177083333,2.2226095854377164,129.26571234067282,368.69957605997723,39.104002038637795,5.359599841933232,24
Manasquan Reservoir,2020-10-21,18.18124923706057,0.011590333500256142,102086.45475260417,2.953037865061207,156.33971651395163,346.46374384562176,111.44800758361816,0.0,24
Manasquan Reservoir,2020-10-22,18.637910461425804,0.012023954303003848,101994.42154947917,2.1249961389837333,170.46130092938742,348.05207951863605,145.08534047504267,0.0,24
Manasquan Reservoir,2024-10-15,8.344998931884788,0.004477604175917804,100809.21647135417,4.805422287739612,156.61025063196817,275.6737518310547,2.152916652150452,0.0,24
Manasquan Reservoir,2024-10-16,8.457499440511091,0.004423125026126702,101202.2626953125,4.544354035351876,175.1019979317983,275.88833173116046,0.8729166785875956,0.0,24
Manasquan Reservoir,2024-10-17,10.948332722981794,0.005230183344489585,101872.916015625,3.7119714749265182,165.35925110181174,311.5562553405762,1.25,0.0,24
Manasquan Reservoir,2024-10-18,11.042918141682966,0.005062983371317387,102386.56282552083,3.361560311405079,189.46887373924255,268.6254183451335,0.0,0.0,24
Manasquan Reservoir,2024-10-19,13.186663564046247,0.006059954195128133,102867.845703125,1.2777268190053819,185.75891558329263,280.4891662597656,0.0,0.0,24
Manasquan Reservoir,2024-10-20,13.081248219807966,0.006335433339700103,102342.49088541667,2.5183592162533674,184.72633330027261,280.47083409627277,0.0,0.0,24
Manasquan Reservoir,2024-10-21,14.582086181640648,0.006204970821272582,101882.98372395833,2.900923711544418,179.8911654551824,290.90958404541016,0.0,0.0,24
Manasquan Reservoir,2024-10-24,16.307914988199894,0.008233350100150952,100883.16731770833,4.306699271147739,164.48058446248373,319.192076365153,5.353749970595042,0.0,24
Manasquan Reservoir,2024-10-25,11.251251475016298,0.005397154134698212,101515.83333333333,3.5053385644133574,175.9352502822876,271.2858301798503,0.0,0.0,24
Manasquan Reservoir,2024-10-26,12.972915903727236,0.005494758389734973,101499.20052083333,4.831586390598487,156.21175034840903,314.85625076293945,0.0,0.0,24
Manasquan Reservoir,2024-10-27,9.363331095377626,0.0036886124968683967,102380.3828125,3.240807694587297,173.6449588139852,250.60333315531412,0.0,0.0,24
Manasquan Reservoir,2024-10-28,9.147500610351585,0.004055383285352339,102533.84147135417,2.5060976076453225,153.45945898691812,278.26916186014813,0.0,0.0,24
Manasquan Reservoir,2024-10-29,13.500833129882835,0.007737649973326673,102655.37076822917,3.7115135870530924,151.55162493387857,317.6241633097331,34.17375041047732,0.0,24
Manasquan Reservoir,2024-10-30,16.392083740234398,0.009024758318749567,102334.21256510417,3.1973213136163885,157.39012622833252,339.54124959309894,1.375,0.0,24
Merrill Creek Reservoir,2015-06-03,14.503746287028017,0.009148500044830143,100182.62825520833,3.5098301884669687,255.69505401452383,344.0879071553548,0.0,4.7743998765945435,24
Merrill Creek Reservoir,2015-06-04,13.682913716634138,0.008751470925441632,100308.9443359375,4.016991314788776,133.62742249170938,337.52707926432294,0.0,0.0,24
Merrill Creek Reservoir,2015-06-05,14.642083740234398,0.00973829188539336,99937.56412760417,2.946854950731371,129.60542251666388,376.6741587320964,0.024000000829497974,0.7463999972678721,24
Merrill Creek Reservoir,2015-06-06,19.36249694824221,0.011799871067826947,99341.16178385417,2.6229082460967343,262.9155136346817,376.4579086303711,469.5146857897441,0.4899999871850014,24
Merrill Creek Reservoir,2015-06-07,17.328748321533226,0.009404754382558167,99973.42122395833,2.6771989431526966,258.9985930124919,327.14999135335285,17.952001253763836,0.0,24
Merrill Creek Reservoir,2015-06-08,19.28000411987307,0.012200050172396004,99479.04231770833,5.077074764768994,270.482843875885,359.88999303181964,335.7840138170868,1.6059999148128554,24
Merrill Creek Reservoir,2015-06-09,23.087088521321636,0.014634333550930023,98650.46516927083,5.5522826155550336,259.55680588881177,402.0145785013835,595.9226938883463,25.657999824732542,24
Merrill Creek Reservoir,2016-07-07,26.990417734781925,0.01741192932240665,98937.87141927083,2.3031360695878322,250.22376004854837,405.08457438151044,1216.4720509847004,0.014399999752640724,24
Merrill Creek Reservoir,2016-07-08,26.522913869222027,0.016340712551027536,98944.197265625,2.137716974745732,265.5335943698883,405.362491607666,676.821372350057,12.42479960527271,24
Merrill Creek Reservoir,2016-07-09,23.306658681233746,0.01584603781035791,99031.75227864583,3.9155826795370223,180.57875998814902,405.58374150594074,471.07735506693524,0.3499999921768904,24
Merrill Creek Reservoir,2016-07-10,22.109577433268253,0.013082787666159371,99160.82161458333,3.041952018465864,271.5840558211009,384.94207127888996,184.27734365065893,16.311199113726616,24
Merrill Creek Reservoir,2016-07-11,21.441663360595726,0.011487462596657375,99786.9951171875,2.503196387319162,329.41372474034625,353.7404085795085,8.23200019200643,0.0,24
Merrill Creek Reservoir,2016-07-12,22.698749796549503,0.01118147928112497,99906.861328125,2.810258072137435,327.8792679309845,345.1283238728841,2.882666736841202,0.0,24
Merrill Creek Reservoir,2016-07-13,23.818751271565777,0.01459653772568951,99753.96712239583,3.2075011938162987,225.11642519632974,407.600824991862,210.38400801767907,2.392399925738573,24
Merrill Creek Reservoir,2016-09-21,23.3016665140788,0.011382291791960597,100101.11555989583,2.3814882789822662,214.30084451039633,345.30207443237305,71.10133630037308,0.0,24
Merrill Creek Reservoir,2016-09-22,22.044587707519554,0.008428766760819903,100081.99055989583,2.195968092926834,219.70771869023642,327.1470781962077,0.0,0.0,24
Merrill Creek Reservoir,2016-09-23,21.679163869222027,0.009938487589048842,99736.41178385417,1.9839305665440958,183.49659128983816,340.6479085286458,25.89866805076599,0.0,24
Merrill Creek Reservoir,2016-09-24,19.427500661214214,0.010487029328942299,99809.3798828125,2.6547709820573893,128.8095480799675,375.6158307393392,9.218667050202688,0.014399999752640724,24
Merrill Creek Reservoir,2016-09-25,13.673329925537132,0.005497441743500531,100187.28059895833,2.755904181422317,219.38371908664703,288.40207799275714,0.22933334112167358,0.0015999999595806003,24
Merrill Creek Reservoir,2016-09-26,15.1104192097982,0.005773737541555117,100047.71451822917,2.9527515774988884,179.25950582822165,305.5599937438965,0.0026666667933265367,0.0,24
Merrill Creek Reservoir,2016-09-27,19.0445864359538,0.010057612710321942,99388.27408854167,3.4666199419240122,195.08421828349432,356.2820752461751,1.2666667196899652,5.37359981611371,24
Merrill Creek Reservoir,2017-04-20,12.735003407796247,0.00817281671334058,99962.98470052083,2.3734140032462894,189.4875079790751,353.76707712809247,0.36400002241134644,0.0,24
Merrill Creek Reservoir,2017-04-21,13.94666442871096,0.009068187675438821,99360.26595052083,4.184994203026468,218.47946977615356,353.0066617329915,13.808000585064292,9.897999629378319,24
Merrill Creek Reservoir,2017-04-22,12.007502492268904,0.0080218375272428,99356.90625,2.422485364469565,79.09742101033528,347.4091606140137,3.0720001657803855,2.9473999589681625,24
Merrill Creek Reservoir,2017-04-23,9.733338928222679,0.005515858395180355,99784.7578125,2.83906129628339,296.5390561421712,273.45541191101074,2.014666753510634,0.0,24
Merrill Creek Reservoir,2017-04-24,11.350830332438173,0.006322387567100425,99940.57845052083,3.0773960668549107,182.5046327908834,297.48499298095703,0.0,0.09359999746084213,24
Merrill Creek Reservoir,2017-04-25,11.20999933878583,0.007433775016882767,99661.57584635417,7.930401581480715,86.98804505666097,361.87707138061523,1.7546667953332264,5.115199996973388,24
Merrill Creek Reservoir,2017-04-26,15.4995793660482,0.010378412630719444,98826.0693359375,4.572824219262352,130.02583916982016,383.4262415568034,13.242667396863302,5.387599835987203,24
Merrill Creek Reservoir,2017-05-24,15.29999949137372,0.009406462622185549,98788.17252604167,3.8190262050452204,187.8426777124405,350.65166091918945,5.237333556016286,4.3679997604340315,24
Merrill Creek Reservoir,2017-05-25,13.790419514973982,0.00927330848450462,98475.40755208333,6.008928118891227,179.08621831734976,361.5758247375488,14.093334317207336,16.5549994490284,24
Merrill Creek Reservoir,2017-05-26,16.74832941691083,0.010172737529501319,98259.49153645833,4.97460063573581,237.44888512293497,358.5474904378255,18.90666738152504,7.407599787227809,24
Merrill Creek Reservoir,2017-05-27,17.50208435058596,0.01018780842423439,99099.12727864583,2.90859923804168,222.23392724990845,369.8187433878581,18.554667164882023,0.0,24
Merrill Creek Reservoir,2017-05-28,18.367495473225933,0.011784091785860559,99208.38346354167,3.4954554508296547,193.43147071202597,382.00207392374676,29.717334747314453,0.0,24
Merrill Creek Reservoir,2017-05-29,15.051667785644554,0.010154025124696394,99299.27180989583,4.480264293527745,149.89650662740073,372.9533271789551,2.5840001304944358,9.474199816584587,24
Merrill Creek Reservoir,2017-05-30,14.929166412353538,0.00992169180729737,99929.71549479167,3.788634160777777,188.73938433329263,348.53749084472656,7.765333817650874,0.7667999844998121,24
Merrill Creek Reservoir,2017-05-31,18.020420328776066,0.01108742932168146,99624.04036458333,2.438815063199258,279.864469687144,355.62790552775067,551.5280315553149,1.1035999957821332,24
Merrill Creek Reservoir,2017-06-01,18.78625132242841,0.009503254434093833,99419.68782552083,3.7985154364966593,319.15664315223694,324.54749298095703,158.89867194493613,1.2167999744415283,24
Merrill Creek Reservoir,2017-06-02,17.631251271565777,0.00816696674640601,99455.2939453125,4.020666018188177,280.78472145398456,328.6408284505208,115.2560039460659,0.0,24
Merrill Creek Reservoir,2017-06-03,15.188335673014345,0.0069602168126342194,99557.72037760417,4.051231106968302,289.1422622203827,303.4016621907552,53.60000203053156,5.462799832224846,24
Merrill Creek Reservoir,2017-06-04,15.683333333333357,0.007963245928597948,99553.16959635417,2.055311581931012,162.929048538208,323.22999572753906,4.650666892528534,1.2183999810367823,24
Merrill Creek Reservoir,2017-06-05,20.249172465006534,0.01275294596174111,98793.8720703125,2.112337374065756,224.11309309800467,380.29999415079754,490.29602813720703,5.81119991838932,24
Merrill Creek Reservoir,2017-06-06,16.687917327880882,0.010611712583340704,98780.89518229167,3.030800073545771,218.36938659350076,362.2845751444499,58.59200243155161,13.980399694526568,24
Merrill Creek Reservoir,2017-06-07,13.050833638509138,0.007974916700428972,99403.02994791667,2.846522207491762,235.78438560167947,341.9979082743327,13.402667125066122,0.7167999744415283,24
Merrill Creek Reservoir,2017-06-08,16.88375116984052,0.008731516737801334,99506.13053385417,3.0099832537930276,322.52601313591003,321.94540786743164,4.18133351765573,0.0,24
Merrill Creek Reservoir,2017-06-09,17.25291722615562,0.008801600139122456,98966.70149739583,3.045702853987541,317.1054756641388,315.06832758585614,201.52000843174756,0.0,24
Merrill Creek Reservoir,2017-06-10,20.492078399658226,0.010202520973204324,99444.08040364583,4.542199757107183,276.1078864733378,344.6649932861328,158.05867381828526,0.05119999870657921,24
Merrill Creek Reservoir,2017-06-11,24.247918701171898,0.01353935016474376,99795.0888671875,4.294808372475915,324.77042905489606,362.83582560221356,270.360011279583,0.0,24
Merrill Creek Reservoir,2017-06-12,25.46791737874351,0.015645779320038855,99675.341796875,3.4252748429160937,323.69914213816327,368.2229067484538,1017.5227185885111,0.0,24
Merrill Creek Reservoir,2017-07-05,23.810835774739605,0.013246237649582326,100041.11263020833,3.099365308208592,326.96497440338135,365.8458251953125,160.8746755414953,0.0,24
Merrill Creek Reservoir,2017-07-06,21.84291737874351,0.01298171685387691,99988.00813802083,3.234174419620492,201.19780254364014,381.46915944417316,26.029334714015324,0.21879999453085475,24
Merrill Creek Reservoir,2017-07-07,21.149580891927105,0.01436142522531251,99120.09733072917,2.5416322326398233,184.46200704574585,403.5216598510742,127.04800522327423,40.65599931497127,24
Merrill Creek Reservoir,2017-07-08,23.985417938232445,0.014352804360290369,98843.1728515625,3.666765128369207,305.67239141464233,378.39457575480145,449.66668796539307,3.3723999082285445,24
Merrill Creek Reservoir,2017-07-09,20.448335266113304,0.010421362705528736,99463.90201822917,3.4773705372022357,336.0517632961273,332.51541264851886,19.37866751352946,0.0543999969959259,24
Merrill Creek Reservoir,2017-07-10,22.05916493733726,0.011522633450416228,99721.02604166667,3.380311209507179,320.6518069903056,351.05291112263996,157.21600921948752,0.685599971562624,24
Merrill Creek Reservoir,2017-07-11,24.960413869222027,0.015471371123567224,99419.30078125,3.9887019130040575,279.29926228523254,393.97582753499347,728.8773733774821,0.25679999656858854,24
Merrill Creek Reservoir,2017-07-12,25.9700014750163,0.01528620436632385,99537.314453125,4.1665770825086215,289.3603454430898,394.612491607666,661.2213586171468,0.0,24
Merrill Creek Reservoir,2017-07-13,26.98458633422854,0.01639910034524898,99617.30826822917,3.2469682752005578,252.04200943311056,404.10874048868817,1043.3173917134602,12.142399668693542,24
Merrill Creek Reservoir,2017-07-14,23.55750172932945,0.01611623769470801,99734.830078125,2.7832354700922344,175.03913394610086,410.9641596476237,248.89334646860758,14.87439937889576,24
Merrill Creek Reservoir,2017-07-15,23.193327840169292,0.014423116886367401,99485.45865885417,2.189934818947408,288.5837664604187,388.15540568033856,171.61334037780762,1.321199968457222,24
Merrill Creek Reservoir,2017-07-16,22.70499954223635,0.012774662657951316,99503.5712890625,1.8445001225554616,326.20221972465515,354.3574918111165,270.8933489024639,0.0,24
Merrill Creek Reservoir,2017-07-17,24.542920684814476,0.014959079446271062,99636.529296875,2.9711486388906394,261.57713683446246,381.4658266703288,1269.797398885091,4.658399879932404,24
Merrill Creek Reservoir,2017-08-04,24.179167683919292,0.01572806271724403,99663.12662760417,3.648319495295286,232.82530317703882,406.43207422892254,1220.5707295735676,17.455999046564102,24
Merrill Creek Reservoir,2017-08-05,22.79000879923505,0.01412643767738094,99278.4892578125,3.8501423448994827,268.31084946791333,382.87624231974286,526.5866934458414,22.434399962425232,24
Merrill Creek Reservoir,2017-08-06,18.856665547688824,0.009818729284840325,99767.47591145833,3.869578035922071,250.12276393175125,327.5383237202962,9.610667089621225,0.0,24
Merrill Creek Reservoir,2017-08-07,17.600832875569683,0.010960387686888376,99788.4423828125,3.1588432359846585,118.51000603040059,366.2849922180176,11.50400060415268,30.675999224185944,24
Merrill Creek Reservoir,2017-08-08,19.283746337890648,0.01157428347505629,99480.46223958333,2.3901012075510892,269.1270121534665,371.2154070536296,91.0053362051646,0.056799997575581074,24
Merrill Creek Reservoir,2017-08-09,21.39499435424807,0.010788621031679213,100102.54915364583,1.8659569677171914,308.3695133871709,335.56415939331055,27.141334742307663,0.0,24
Merrill Creek Reservoir,2017-08-10,21.771243031819683,0.011218508472666144,100314.26595052083,1.5954698926693054,303.72197346754064,340.5037422180176,22.525334179401398,0.0,24
Merrill Creek Reservoir,2017-09-21,22.50583419799807,0.012926891872969767,99675.68229166667,3.54038671646841,207.07726136843362,362.90499114990234,59.86133575439453,0.0,24
Merrill Creek Reservoir,2017-09-22,20.834586079915386,0.010514183435589075,99811.00651041667,4.088971408936801,210.32217717170715,340.1454111735026,0.2373333474000295,0.0,24
Merrill Creek Reservoir,2017-09-23,22.172078704834007,0.011358720948919654,99743.07779947917,3.2836112294873403,216.01934369405112,370.39957936604816,0.0,0.0,24
Merrill Creek Reservoir,2017-09-24,23.638331349690777,0.011828275203394393,99846.10481770833,2.0366765868318306,210.75592728455862,358.7479057312012,61.57067060470581,0.0,24
Merrill Creek Reservoir,2017-09-25,24.67000478108726,0.014161954284645617,99778.92252604167,2.2856067253596284,207.54125916957855,377.4699935913086,308.35468069712323,0.0,24
Merrill Creek Reservoir,2017-09-26,23.14124450683596,0.014095279310519496,99747.4619140625,2.39580362846886,201.98371744155884,370.82415771484375,119.58667207540323,0.0,24
Merrill Creek Reservoir,2017-09-27,23.51083399454755,0.01445887932398667,99327.99869791667,3.635378440957709,193.13159344593683,377.6870752970378,257.91467970609665,0.0,24
Merrill Creek Reservoir,2017-09-28,20.849167124430362,0.011522129352670163,98982.93977864583,4.890634662819376,210.3126361767451,338.56957244873047,81.71466986338298,0.0,24
Merrill Creek Reservoir,2017-09-29,13.047083791097029,0.0063166667823679745,99675.29817708333,3.249568797556852,171.3510089914004,304.4741566975911,0.0,0.0,24
Merrill Creek Reservoir,2017-09-30,13.5341621398926,0.006838375101021181,99958.87727864583,4.197083443929594,138.17704740166664,320.27916208902997,6.426667024071018,0.04879999905824661,24
Merrill Creek Reservoir,2017-10-01,12.71250178019208,0.006458212563302368,100729.865234375,2.5483067552795866,206.73326216141382,306.86999638875324,0.0,0.0,24
Merrill Creek Reservoir,2017-10-02,13.794585164388044,0.00577676670703416,100807.83138020833,2.1763460865805606,207.7860107421875,277.05082575480145,0.0,0.0,24
Merrill Creek Reservoir,2017-10-03,14.812086995442732,0.006985895975958556,101363.0205078125,2.4988993261248953,193.1881742477417,300.4991620381673,0.0,0.0,24
Merrill Creek Reservoir,2017-10-04,15.706667836507185,0.008498225186485797,100950.6396484375,3.494820349059339,199.3663829167684,305.35707728068036,0.0,0.0,24
Merrill Creek Reservoir,2018-06-26,17.565413411458355,0.008709696005098522,100246.26790364583,2.8150195498821424,309.7257248560588,317.1204083760579,0.0,0.0,24
Merrill Creek Reservoir,2018-06-27,19.345416005452496,0.012612125099015733,99778.70963541667,4.409976230636961,142.90142504374185,365.3920733133952,22.978667815526325,0.8451999914832413,24
Merrill Creek Reservoir,2018-06-28,22.461663818359398,0.01472866271312038,99006.0498046875,3.830015900713695,222.33430409431458,402.23999277750653,470.309355288744,20.804799132281914,24
Merrill Creek Reservoir,2018-06-29,24.43832931518557,0.014754529382723073,99364.01236979167,2.938449198489501,324.4063900311788,370.39082590738934,462.41068863868713,0.052799999713897705,24
Merrill Creek Reservoir,2018-06-30,25.351246134440128,0.014704791906600198,99722.16796875,2.805236482243282,323.0890172322591,366.05332946777344,479.35202736159164,0.0,24
Merrill Creek Reservoir,2018-07-01,27.03333435058596,0.016530725134847064,99690.89811197917,2.863885782636523,319.2891821861267,380.0641581217448,1331.4640655517578,0.0,24
Merrill Creek Reservoir,2018-07-02,27.691670989990257,0.01728375438445558,99789.53059895833,2.2965760718211867,329.4637629191081,387.3416582743327,1848.4881006876628,0.0,24
Merrill Creek Reservoir,2018-07-05,26.900417582194034,0.018175091749678057,100455.30826822917,2.9808006698348692,277.85234729448956,420.33874257405597,1690.0720799763997,0.031599998474121094,24
Merrill Creek Reservoir,2018-07-06,25.79457880655927,0.01679920870810747,99819.21126302083,4.268473442124114,230.37963875134787,414.17624282836914,941.3947027524313,3.3899999409914017,24
Merrill Creek Reservoir,2018-07-07,18.18208211263023,0.009044625175495943,100454.41373697917,4.194305473265186,343.2238456408183,305.26415888468426,0.0,0.0,24
Merrill Creek Reservoir,2018-07-08,19.18582941691083,0.008972575092532983,100709.91080729167,1.6200228989068413,339.7372670173645,314.2012468973796,0.0,0.0,24
Merrill Creek Reservoir,2018-07-09,20.80416132609052,0.010322250154179832,100276.65657552083,2.9013185579604923,337.0877259572347,325.65207799275714,0.0,0.0,24
Merrill Creek Reservoir,2018-07-10,23.25333175659182,0.012777162599377334,99496.68912760417,3.471369794736025,328.40397270520526,351.41916275024414,212.72800747553507,0.0,24
Merrill Creek Reservoir,2018-07-11,24.625418599446636,0.013673650139632324,99401.83072916667,3.342104926433327,295.1493884722392,374.73915990193683,538.9093577067057,0.0,24
Merrill Creek Reservoir,2018-09-12,22.54541676839195,0.01490617097200205,100255.57845052083,2.6635985367837325,151.20713408788046,408.2187385559082,254.79201205571493,5.9267997574061155,24
Merrill Creek Reservoir,2018-09-13,21.26708628336591,0.014354187607144317,100454.6611328125,4.103037314066206,166.70054936408997,392.6354064941406,151.29067332297564,2.2497999500483274,24
Merrill Creek Reservoir,2018-09-14,21.599173482259136,0.014508625220817825,100332.98893229167,4.310484771521604,175.84267528851828,390.23999404907227,89.60000427563985,1.2083999744791072,24
Merrill Creek Reservoir,2018-09-15,21.564172363281273,0.014419525240858396,100267.37923177083,2.0045534148095645,185.9291763305664,390.1299908955892,75.8933375676473,0.0,24
Merrill Creek Reservoir,2018-09-16,22.792918141682964,0.014203583355993032,100238.61653645833,1.3441785844946814,228.93051159381866,359.5295766194661,94.87200377384822,0.0,24
Merrill Creek Reservoir,2018-09-17,22.447080230712913,0.014456995840494832,100014.54427083333,2.8288364085755755,163.0806316534678,375.05374399820965,101.33333786328633,8.967599928379059,24
Merrill Creek Reservoir,2018-09-18,20.85291951497398,0.014486650237813592,99077.89485677083,3.1772614166001865,110.98271320263545,406.1695747375488,39.618668576081596,16.05119970231317,24
Merrill Creek Reservoir,2018-10-12,15.752497609456404,0.009853654288842032,98457.2373046875,5.5934235564057815,184.5602995554606,327.3329086303711,8.032000501950582,4.824999839067459,24
Merrill Creek Reservoir,2018-10-13,8.279999033610048,0.0057588292596240835,99086.53515625,3.1966589491945214,94.10050463676453,301.90415954589844,9.60800043741862,6.463199824094772,24
Merrill Creek Reservoir,2018-10-14,8.163743591308616,0.005409195941562454,100113.6640625,2.752015011381236,118.42754713694255,284.44457562764484,0.0,0.2287999987602234,24
Merrill Creek Reservoir,2018-10-15,12.039163208007835,0.008261250079764674,99821.3349609375,3.8623205752410734,67.57729490598042,347.24707412719727,3.432000160217285,2.3991999477148056,24
Merrill Creek Reservoir,2018-10-16,11.426253255208357,0.006540345881755154,99724.83756510417,5.130382855271074,176.96780141194662,293.5974922180176,10.877333799997965,4.293999932706356,24
Merrill Creek Reservoir,2018-10-17,8.340833282470726,0.005124191675956051,99525.96809895833,5.40831078378547,159.28934129079184,270.539161046346,13.28533387184143,0.0,24
Merrill Creek Reservoir,2018-10-18,5.431673940022809,0.003750845838415747,100352.65266927083,6.096543562216787,134.94829829533896,294.9937451680501,18.872000575065613,0.0,24
Merrill Creek Reservoir,2019-09-11,23.12500661214195,0.01511673757340759,100230.20084635417,3.8847438434201185,231.73538287480673,380.52707544962567,847.9547059486309,0.0,24
Merrill Creek Reservoir,2019-09-12,24.97583414713544,0.01575982504679511,99833.6962890625,2.950908630744998,164.96867322921753,402.03332265218097,900.8827050526937,0.0,24
Merrill Creek Reservoir,2019-09-13,17.340417480468773,0.010441100186047455,100810.7451171875,5.8055695629350454,136.82446519533792,381.61249287923175,0.9253333856662115,0.0,24
Merrill Creek Reservoir,2019-09-14,17.372918701171898,0.011044758488424122,100606.35188802083,3.140553912425767,95.56858766078949,378.9208272298177,0.01600000075995922,0.0,24
Merrill Creek Reservoir,2019-09-15,21.364165242513042,0.0125388209708035,100127.97916666667,2.74607416894392,234.0799688498179,356.57290776570636,60.245336174964905,0.0,24
Merrill Creek Reservoir,2019-09-16,19.715835825602237,0.010977850101577738,99784.7666015625,1.781953599519607,126.76408882935841,366.88999303181964,15.79200048247973,0.0,24
Merrill Creek Reservoir,2019-09-17,18.443743642171246,0.009521420967454711,99936.7763671875,3.0282649444032406,232.72917664051056,331.3545773824056,1.0640000104904175,0.0,24
Merrill Creek Reservoir,2019-09-20,15.380835469563825,0.007237537608792384,100482.48893229167,3.446264985476649,226.8520085811615,288.7441584269206,0.0,0.0,24
Merrill Creek Reservoir,2019-09-21,18.66166966756187,0.009204295813106,100316.5361328125,3.1408147538261897,224.70475872357687,315.08665974934894,0.0,0.0,24
Merrill Creek Reservoir,2019-09-22,21.19583918253583,0.011780033508936564,100075.68880208333,2.521303619240982,214.36559677124023,349.76915740966797,71.79200384300202,0.0,24
Merrill Creek Reservoir,2019-09-23,23.817497507731144,0.01355405431240797,99314.228515625,4.717068118574036,207.5378396511078,372.32582600911456,19.96533413728078,0.0,24
Merrill Creek Reservoir,2019-09-24,20.24374923706057,0.010564425261691213,98938.75618489583,4.382551979314433,211.34984358151755,345.56165822347003,57.38666790723801,0.0,24
Merrill Creek Reservoir,2019-09-25,18.151253000895206,0.009269316797144711,99229.5078125,3.0125030608109373,215.40263505776724,330.9049924214681,2.5840001503626504,0.0,24
Merrill Creek Reservoir,2019-09-26,19.438333129882835,0.009986595949158072,99004.33430989583,3.7483618666938607,171.23388226826987,339.48207728068036,15.461334278186163,0.0,24
Merrill Creek Reservoir,2019-09-27,16.367912546793644,0.0076597043662332,99797.37369791667,2.871313780513441,213.2535517613093,295.92207590738934,0.0,0.0,24
Merrill Creek Reservoir,2019-09-28,19.201665496826195,0.011263029320010295,99914.63997395833,2.9167585266812583,199.5836345553398,348.6129099527995,498.2720209757487,0.0,24
Merrill Creek Reservoir,2019-09-29,21.9020820617676,0.012271029331410924,100234.85286458333,3.231109053032339,197.5059674580892,363.32165908813477,337.00268339117366,0.0,24
Merrill Creek Reservoir,2019-09-30,16.137083943684917,0.009191983379423618,100521.9384765625,3.2569161074306847,70.64162843922774,362.471243540446,0.0,0.0,24
Merrill Creek Reservoir,2019-10-01,19.4187573750814,0.011951450103272995,99930.55110677083,3.549767345611235,190.1631342296799,382.05040740966797,69.42133687871198,0.0,24
Merrill Creek Reservoir,2019-10-04,15.130829111735048,0.008769208487744132,99763.68098958333,4.573041140828859,182.5750093460083,329.8212407430013,3.9440001845359802,0.0,24
Merrill Creek Reservoir,2019-10-05,8.385415649414085,0.004785970862333973,100851.732421875,3.5824315708215804,204.31046772003174,251.06874656677246,0.0,0.0,24
Merrill Creek Reservoir,2019-10-06,12.198335266113304,0.008179291791748255,100586.3505859375,4.079822071309701,61.67154494921366,338.4645741780599,1.224000076452891,0.0,24
Merrill Creek Reservoir,2019-10-07,19.247916158040386,0.012313350181405744,100055.162109375,5.414724177635269,77.08308760325114,396.5599937438965,35.941335360209145,0.0,24
Merrill Creek Reservoir,2019-10-08,14.992915089925154,0.008366562658920884,100317.14290364583,4.804998175757352,141.2154213587443,356.4004084269206,3.14133350054423,0.0,24
Merrill Creek Reservoir,2019-10-09,11.92666905721031,0.007092987536452711,100428.95638020833,5.507382918218554,68.77321243286133,336.56457646687824,0.0,0.0,24
Merrill Creek Reservoir,2019-10-10,13.16166712443036,0.00691171254341801,100456.88020833333,5.704275256482056,146.94596513112387,339.16165924072266,0.0,0.0,24
Merrill Creek Reservoir,2019-10-11,13.138331349690779,0.006271091794284682,100115.18424479167,5.660828386658621,147.79825592041016,328.3591588338216,0.0,0.0,24
Merrill Creek Reservoir,2019-10-12,13.912503814697288,0.007928725079788515,99597.90690104167,2.88519756642436,147.20533990859985,344.34624099731445,0.0,0.0,24
Merrill Creek Reservoir,2019-10-13,13.278750356038435,0.006941916692691545,99733.08235677083,2.5581045800142497,177.09380133946738,298.2166582743327,0.0,0.0,24
Merrill Creek Reservoir,2019-10-14,13.416666920979841,0.006813516782131046,99524.00325520833,2.7035336621697823,181.43880160649618,301.6595738728841,0.0,0.0,24
Merrill Creek Reservoir,2019-10-15,10.864591217041038,0.005043404196233799,99954.46484375,2.6442548705133992,178.10667689641318,269.07791074117023,0.0,0.0,24
Merrill Creek Reservoir,2019-10-16,11.96417134602867,0.0074617125986454385,99106.68522135417,5.576307837072175,109.94058791796367,312.2195765177409,51.573336113865174,0.0,24
Merrill Creek Reservoir,2019-10-17,10.82334162394208,0.006688133425389727,97523.3564453125,9.838254704034346,95.40892140070598,317.33916091918945,0.25866668205708265,0.0,24
Merrill Creek Reservoir,2019-10-18,9.77958704630536,0.0055769125853354735,98865.53352864583,6.3548030479734905,168.74625945091248,293.62415822347003,0.0,0.0,24
Merrill Creek Reservoir,2019-10-19,7.377497609456403,0.004913479244957368,99711.29296875,2.941249333086026,173.72084299723306,254.52666091918945,0.0,0.0,24
Merrill Creek Reservoir,2019-10-20,9.736257171630882,0.006144637591205537,99622.451171875,2.275868052780155,49.980919559796654,316.6695734659831,0.0,0.0,24
Merrill Creek Reservoir,2019-10-21,12.67749938964846,0.007888275024015456,99705.345703125,3.7258289436478815,165.5899654229482,316.6645762125651,0.0,0.0,24
Merrill Creek Reservoir,2019-10-22,13.042495981852236,0.008634433383122087,99622.947265625,4.162626839492018,63.67921096086502,339.0287373860677,0.5333333412806193,6.397200018167496,24
Merrill Creek Reservoir,2020-07-07,24.11708221435549,0.016131383599713445,99847.48990885417,3.563446379210406,292.1630531946818,393.6379089355469,1130.1440477371216,0.14159999368712306,24
Merrill Creek Reservoir,2020-07-08,25.00457916259768,0.01680250434825818,99647.39615885417,3.052649602750044,227.59050877888998,405.61541112263996,1012.525380452474,11.178799837827682,24
Merrill Creek Reservoir,2020-07-09,25.884163157145206,0.01639112938816349,99519.38541666667,2.375328111889828,315.0846824645996,395.4012400309245,752.1547021865845,0.00559999980032444,24
Merrill Creek Reservoir,2020-07-10,23.786668395996116,0.016629662752772372,99318.73697916667,4.621833297359751,174.19271882375082,396.7429084777832,368.5173536936442,55.78079903125763,24
Merrill Creek Reservoir,2020-07-11,22.82374471028648,0.01527901265459756,98631.88834635417,3.3011156211226145,235.00609215100607,407.17207463582355,555.8800345261892,11.118799763615243,24
Merrill Creek Reservoir,2020-07-12,23.927915191650413,0.013993654283694923,98710.47819010417,4.628249320571453,308.7828071117401,379.4679094950358,253.34934775034586,1.6371999457478523,24
Merrill Creek Reservoir,2020-07-13,24.41916936238609,0.013878062677880129,98928.35546875,3.3944079055155885,317.7468083699544,380.43790944417316,460.0080213546753,6.468799798632972,24
Merrill Creek Reservoir,2020-07-14,22.921249643961612,0.012532370979897678,99392.857421875,3.1699320559592095,326.2441871166229,361.05957412719727,277.6693456172943,0.0,24
Merrill Creek Reservoir,2020-07-15,23.08500188191734,0.013292950112372637,100043.93001302083,3.0499523040633054,310.08784707387287,369.7249895731608,130.58667236566544,0.0,24
Merrill Creek Reservoir,2020-07-16,22.120413716634136,0.013822846037025252,100395.802734375,4.109661554864412,228.59638571739197,382.0062395731608,20.930667718251545,0.0,24
Merrill Creek Reservoir,2020-07-17,22.607502237955753,0.01506445421061168,100029.5390625,3.3892959732100008,254.1127610206604,405.1399917602539,711.86137342453,0.0,24
Merrill Creek Reservoir,2020-07-18,27.052081044514996,0.016892033357483644,99795.421875,1.8133565211501657,320.83326411247253,396.12499109903973,1383.2080612182617,0.0,24
Merrill Creek Reservoir,2020-07-19,26.89583485921226,0.016019250188643735,99490.01399739583,3.834347300312483,314.5147217909495,385.10791142781574,898.8480396270752,0.0,24
Merrill Creek Reservoir,2020-07-20,28.316665903727237,0.01824029170287152,99159.41015625,4.124006768790036,311.7718421618144,414.38999048868817,1575.4827346801758,0.0,24
Merrill Creek Reservoir,2020-07-21,26.396248118082706,0.014951875084079802,99562.95833333333,2.5547959203974466,316.80642827351886,382.0024884541829,380.3040221134822,0.0,24
Merrill Creek Reservoir,2020-07-22,28.128748830159527,0.016797779283175867,99629.44889322917,2.132405172022156,263.9204291502635,420.2533264160156,981.0400479634603,29.03799958527088,24
Merrill Creek Reservoir,2020-07-23,26.544165547688824,0.01705351270114382,99681.89485677083,3.312189988811115,232.89584704240164,416.35832595825195,1086.898717244466,9.583599750883877,24
Merrill Creek Reservoir,2020-07-24,26.00500005086265,0.016166296089068055,99824.92903645833,1.8309520476029915,256.62079926331836,410.8004086812337,859.6053746541342,2.208399900002405,24
Merrill Creek Reservoir,2020-07-25,25.388332621256534,0.015497000189498067,99896.81315104167,2.3963698745077235,305.8535137573878,386.49916076660156,656.541364034017,0.0,24
Merrill Creek Reservoir,2020-07-26,26.89749933878583,0.01670389180071652,99659.59765625,4.397416574846667,314.79947112003964,395.47540918986004,383.581350962321,0.0,24
Merrill Creek Reservoir,2020-07-27,26.665413157145206,0.016037629335187376,99160.33756510417,4.4031405068324245,315.6371004184087,379.45790608723956,482.17335132757825,0.0,24
Merrill Creek Reservoir,2020-07-31,24.419168090820335,0.014496383528846005,99047.37109375,2.6066390405338367,158.6428407828013,405.199156443278,206.4453428785006,11.69919978454709,24
Merrill Creek Reservoir,2020-08-01,25.040002441406273,0.014143295974160234,99289.65234375,1.3179948332189184,301.3350977897644,390.8341573079427,78.8746701280276,0.0,24
Merrill Creek Reservoir,2020-08-02,25.22083180745445,0.01706176286097616,99304.84440104167,3.9051654335250636,184.30684081713358,427.7841567993164,893.8613739013672,36.24119785428047,24
Merrill Creek Reservoir,2020-08-03,25.34041493733726,0.014530591860723993,99498.55794270833,3.850992602778193,306.7178454597791,382.30040740966797,420.90935799479485,0.4015999948605895,24
Merrill Creek Reservoir,2020-08-04,22.972500101725284,0.015477350408521792,99230.50065104167,5.686915612797903,135.07096405824026,410.5699869791667,333.754682769378,140.8439967483282,24
Merrill Creek Reservoir,2020-08-05,23.169995880126976,0.013758833520114422,99541.03255208333,2.7425448786938156,308.8138878941536,375.31874084472656,127.63733983039856,0.4607999811414629,24
Merrill Creek Reservoir,2020-08-06,22.23792419433596,0.012205179353865484,99876.34993489583,2.9701604317179817,246.6550104121367,372.1620801289876,59.13600263992945,0.31279999553225935,24
Merrill Creek Reservoir,2020-08-07,21.269582366943382,0.013397070889671644,100003.650390625,3.352875852390388,185.25263468424478,385.1183230082194,231.1066753268242,19.203999161196407,24
Merrill Creek Reservoir,2020-08-08,22.22832895914716,0.014545566829231879,100094.61848958333,2.4934754809078683,238.13288599749407,393.5545717875163,692.3120234012604,0.2943999794078991,24
Merrill Creek Reservoir,2020-08-09,24.018340047200542,0.015414083376526833,99954.322265625,2.44076488623539,281.4808049062267,379.9199956258138,845.2160390218099,0.0,24
Merrill Creek Reservoir,2020-08-10,25.992503102620464,0.016435212610910337,99716.6572265625,3.0485350386250687,289.75484662122716,395.87790807088214,1344.6454022725422,0.0,24
Merrill Creek Reservoir,2020-08-11,26.86292419433596,0.01805172107803325,99464.759765625,3.524353067183099,264.1474304199219,412.5858205159505,1706.7574132283528,0.0,24
Merrill Creek Reservoir,2020-08-12,27.12000172932945,0.017851933526496094,99605.26236979167,2.556342313371618,264.50997257232666,425.77040990193683,1557.269416809082,0.6847999664023519,24
Merrill Creek Reservoir,2020-08-13,25.665415700276714,0.01658273779321462,99842.95865885417,1.6247139541608142,207.1890106201172,402.6370735168457,1288.7067387898762,2.5512000154703856,24
Merrill Creek Reservoir,2020-09-05,19.190002695719425,0.008705287686704347,100036.8310546875,3.011213855751315,256.4300545056661,316.3879089355469,0.0,0.0,24
Merrill Creek Reservoir,2020-09-06,19.57791926066083,0.009060137652947256,100182.74446614583,2.6540490279929134,244.19438711802164,333.77332560221356,26.789334615071613,0.0,24
Merrill Creek Reservoir,2020-09-07,20.234585062662784,0.011404616835837563,99865.9140625,3.3430618782948227,244.49655167261758,339.9904098510742,10.560000618298849,0.0,24
Merrill Creek Reservoir,2020-09-08,22.09958674112958,0.012587966863065958,100000.12076822917,2.5699416891434983,243.11446857452393,355.242493947347,77.11467002828915,0.0,24
Merrill Creek Reservoir,2020-09-09,22.496252950032574,0.013190295935298005,100416.24283854167,3.145037348300661,220.38742764790854,363.6583251953125,99.2053384569784,0.0,24
Merrill Creek Reservoir,2020-09-10,21.70332997639976,0.015023437755492827,100441.14127604167,1.9559892655432733,76.60833791891734,404.5558255513509,51.83733640114466,17.653599535813555,24
Merrill Creek Reservoir,2020-09-11,21.746663665771507,0.013429366828252872,100113.90234375,2.900964505609195,222.1742197672526,383.0495719909668,9.906667232513428,0.0,24
Merrill Creek Reservoir,2020-10-16,14.032918548584007,0.009421883461376032,99637.49348958333,3.5780936811781636,44.817960480848946,354.4037399291992,4.986666927114129,7.09979993943125,24
Merrill Creek Reservoir,2020-10-17,9.415410614013695,0.005102195912816872,100358.2158203125,3.405235276125673,177.27275681495667,283.9949951171875,0.0,0.1390999970608391,24
Merrill Creek Reservoir,2020-10-18,10.032492574056013,0.0044863792427349836,100912.81380208333,2.7331654946964945,167.24134238560995,268.3108266194661,0.0,0.0,24
Merrill Creek Reservoir,2020-10-19,13.177921549479189,0.008612458380715301,100608.9169921875,3.166205341486158,81.83158711592357,332.61790974934894,8.000000327825546,0.0,24
Merrill Creek Reservoir,2020-10-20,17.61916249593101,0.010962345986627042,100303.39322916667,2.4607616297423225,135.3830462296804,370.4549903869629,17.85333385070165,0.021199999377131462,24
Merrill Creek Reservoir,2020-10-21,18.49041392008466,0.011591566842980683,100378.40071614583,3.110475752995573,147.29154721895853,349.82624435424805,264.75201479593915,0.024799998849630356,24
Merrill Creek Reservoir,2020-10-22,19.5779116312663,0.012337887659668922,100307.80794270833,2.2255525578506767,147.85646454493204,348.92582575480145,313.07734427849454,0.0,24
Merrill Creek Reservoir,2024-10-15,6.740416463216168,0.0042421999969519675,99177.94173177083,4.584289963666859,118.41783396402995,283.2874984741211,11.027499934037527,0.0,24
Merrill Creek Reservoir,2024-10-16,7.931246693929059,0.00439621244246761,99569.25520833333,4.299158321724677,151.0402909119924,288.24875195821124,1.7579166726209223,0.0,24
Merrill Creek Reservoir,2024-10-17,7.988334910074893,0.004339495828996102,100273.91731770833,3.3383480157277075,175.98016699155173,265.37749671936035,0.0,0.0,24
Merrill Creek Reservoir,2024-10-18,10.21750157674156,0.0042889958519178135,100775.5087890625,3.04195476244902,172.59779318173727,263.4441674550374,0.0,0.0,24
Merrill Creek Reservoir,2024-10-19,12.939580535888695,0.004642820839459698,101189.787109375,1.1952897882908367,170.5898342927297,272.157917658488,0.0,0.0,24
Merrill Creek Reservoir,2024-10-20,13.615832265218122,0.00511157497142752,100681.81998697917,2.698284870012973,169.797750155131,272.1016667683919,0.0,0.0,24
Merrill Creek Reservoir,2024-10-21,15.959163920084658,0.005683908355422318,100232.3291015625,3.24911037048074,161.8097509543101,299.514165242513,0.0,0.0,24
Merrill Creek Reservoir,2024-10-24,15.997501627604189,0.0071405124811766045,99351.80859375,4.57246912596602,158.37329212824503,311.08333079020184,9.508333404858908,0.43239999341312796,24
Merrill Creek Reservoir,2024-10-25,9.081666564941429,0.00453590415418148,99898.9833984375,3.620393625271032,160.42524964610735,256.1633307139079,0.0,0.0,24
Merrill Creek Reservoir,2024-10-26,12.70499954223635,0.004882470821030438,99852.62532552083,4.967924230051418,144.3813312733546,317.1750005086263,0.9162499940333267,0.0,24
Merrill Creek Reservoir,2024-10-27,8.350000000000023,0.003134720813250169,100701.66666666667,3.160760609046379,158.43037478129068,247.16333134969076,0.0,0.0,24
Merrill Creek Reservoir,2024-10-28,8.817085520426454,0.00317286250841183,100851.08756510417,2.2523741108708673,142.0306256612142,276.7420794169108,0.0,0.0,24
Merrill Creek Reservoir,2024-10-29,10.737915293375673,0.005904691681886713,100990.5244140625,3.3300561666887574,141.52983252207437,292.4533341725667,1.7491666475931804,0.0,24
Merrill Creek Reservoir,2024-10-30,15.803751881917341,0.008300033320362369,100630.89973958333,3.1715468998790803,143.88587379455566,333.89416631062824,0.0,0.0,24
Mirror Lake,2015-06-03,14.575831349690779,0.00920168349208931,101841.45442708333,5.477951741137955,98.03471177816391,377.0949935913086,0.0,8.68679971434176,24
Mirror Lake,2015-06-04,14.365421549479189,0.009157387578549484,101971.8232421875,5.753429385360067,97.2984226544698,361.6108233133952,0.0,0.0,24
Mirror Lake,2015-06-05,15.314167277018251,0.009798558351273337,101576.36295572917,4.799890284352146,119.03559050957362,383.91748809814453,0.0,2.3793999031186104,24
Mirror Lake,2015-06-06,19.209998067220074,0.011705654324032366,100975.96158854167,2.830712204968714,259.92751292387646,380.03749084472656,456.5920234074195,0.10639999431441538,24
Mirror Lake,2015-06-07,18.040831502278667,0.010017987651129564,101678.11393229167,2.683635819092787,320.32259730498,325.84332911173504,54.41600147883097,0.0,24
Mirror Lake,2015-06-08,19.407504018147808,0.011636200128123164,101273.09537760417,5.771610970157755,290.99684659639996,348.95291264851886,119.79467163483302,0.31440000236034393,24
Mirror Lake,2015-06-09,23.402505493164085,0.014362333458848298,100385.07942708333,6.539297043822732,250.81746776898703,403.9820696512858,660.9626979827881,17.194399561733007,24
Mirror Lake,2016-07-07,26.972083028157574,0.017652429291047156,100567.20540364583,2.5966816644058204,249.41909289360046,410.19166056315106,1225.610725402832,3.7779999133199453,24
Mirror Lake,2016-07-08,28.08541005452476,0.018300162628293037,100533.396484375,2.5145926249571304,289.5190946261088,427.41748809814453,1220.6560592651367,6.362799942493439,24
Mirror Lake,2016-07-09,24.012493387858097,0.01649058780943354,100690.7392578125,4.155189234910048,194.17109036445618,413.65290959676105,345.1253480911255,6.413799597765319,24
Mirror Lake,2016-07-10,23.77833455403648,0.01407093764282763,100800.9814453125,3.1234197214257935,303.9358866214752,394.14123916625977,194.40267435709634,1.3643999537453055,24
Mirror Lake,2016-07-11,23.338328297932964,0.01215301271683226,101438.861328125,3.269319361793274,307.95538600285846,376.0558268229167,4.434666872024536,0.024399999529123306,24
Mirror Lake,2016-07-12,23.39791895548505,0.011816929327324033,101612.69954427083,1.738565168158922,321.05776739120483,350.33457438151044,0.7680000352362791,0.038399997632950544,24
Mirror Lake,2016-07-13,23.427087402343773,0.01474370430999746,101471.59342447917,3.603466773086217,162.81675926844278,403.4679069519043,129.6853409508864,0.33859998354455456,24
Mirror Lake,2016-09-21,23.43833440144859,0.013663241833758851,101702.5556640625,2.1486641352786644,211.33159097035727,371.2708269755046,85.37333680565159,0.0,24
Mirror Lake,2016-09-22,21.714164988199894,0.011209566767017046,101693.1376953125,3.0871283275629313,222.43130032221475,338.41666412353516,0.0,0.0,24
Mirror Lake,2016-09-23,21.612914021809917,0.01164723769761622,101386.01171875,2.10644302277159,221.28467472394308,344.7654113769531,27.66933484872182,0.0,24
Mirror Lake,2016-09-24,19.58791885375979,0.011787829299767813,101413.4873046875,3.6438354244223405,109.63237921396892,375.92665990193683,10.898667253553867,0.5683999806642532,24
Mirror Lake,2016-09-25,16.305833435058616,0.0070982750815649824,101813.546875,3.1917637470290035,225.106303691864,317.2416623433431,4.3573334614435835,0.1407999973744154,24
Mirror Lake,2016-09-26,16.552089945475284,0.006819887591215472,101795.68815104167,3.2048475503997462,194.60842716693878,318.9533220926921,0.0,0.24399998784065247,24
Mirror Lake,2016-09-27,20.711670176188175,0.012052245942565301,101083.92805989583,4.949385691646336,167.41813054680824,386.41540654500324,3.5000001937150955,2.7991999378427863,24
Mirror Lake,2017-04-20,13.993334706624372,0.008397483480318138,101663.3583984375,3.233558025179437,186.5253423055013,355.71790822347003,2.376000165939331,0.08720000088214874,24
Mirror Lake,2017-04-21,14.865000661214216,0.009259937680326402,101033.25227864583,3.8718820624090444,217.3964687983195,353.97873814900714,39.01600165168444,2.587199871893972,24
Mirror Lake,2017-04-22,12.710000610351585,0.008457187640791139,101014.85319010417,2.761264252483823,57.177919149398804,359.51623916625977,0.6800000071525574,12.572399798082188,24
Mirror Lake,2017-04-23,10.822092946370466,0.006103525074043621,101466.62369791667,3.7097892293463643,278.29888502756756,294.38916142781574,3.3186667958895364,0.8623999543488026,24
Mirror Lake,2017-04-24,9.432499186197939,0.0062609542316446705,101665.59212239583,3.9577116344024055,89.73162889480591,313.0591621398926,0.0,0.17399999499320984,24
Mirror Lake,2017-04-25,11.527080790201845,0.007757258349253486,101167.94921875,9.050509031363177,116.87187910079956,363.53249740600586,4.768000283588965,15.520799649879336,24
Mirror Lake,2017-04-26,15.06998977661135,0.009795762598514557,100384.76334635417,3.966161291750361,149.0465079943339,377.2266591389974,7.160000294446945,7.51919970382005,24
Mirror Lake,2017-05-24,15.174582417806013,0.009462945900547007,100480.65266927083,4.863122522597439,170.75667428970337,367.10623931884766,0.0,1.5231999780226033,24
Mirror Lake,2017-05-25,15.406251525878929,0.010166975165096423,100067.4345703125,5.573027033818476,193.58538355429968,372.16082763671875,96.48800404866536,17.061599622888025,24
Mirror Lake,2017-05-26,18.144581095377628,0.010664004328039786,99914.39680989583,5.2645039089702035,270.7453834613164,358.96957143147785,74.35467060407002,10.092399884888437,24
Mirror Lake,2017-05-27,18.606248474121116,0.010438791670215627,100790.5400390625,3.1920659061502348,224.77709192037582,372.60207239786786,11.032000452280045,0.028399999311659485,24
Mirror Lake,2017-05-28,18.394583638509136,0.011434991805193325,100923.3701171875,3.4312144648321663,181.39613262812296,382.79040273030597,3.866666793823242,0.06560000032186508,24
Mirror Lake,2017-05-29,16.025829569498722,0.010415175192368528,100927.69759114583,4.907057645641895,140.43100516001383,383.37623596191406,2.2560000816980996,8.332799783383962,24
Mirror Lake,2017-05-30,14.860004679362001,0.009698325030816099,101657.31477864583,3.981249607593382,129.924214998881,357.8858248392741,3.666666865348816,1.6643999116495252,24
Mirror Lake,2017-05-31,19.15541865030927,0.011893096069494883,101335.29361979167,2.806038670776608,298.87547234694165,370.53123982747394,649.4266957044601,0.45959997989120893,24
Mirror Lake,2017-06-01,20.199998474121116,0.011064087700409194,101094.087890625,3.891682082908096,325.96463731924695,336.9512367248535,336.18401368459064,0.003999999724328518,24
Mirror Lake,2017-06-02,19.265835062662784,0.008876800168460855,101140.94856770833,3.1889168192673893,311.0102223952611,328.42916107177734,143.86134070158005,0.0,24
Mirror Lake,2017-06-03,17.043752288818382,0.007830800081137568,101212.1728515625,3.818827853899794,295.7404320240021,316.7412414550781,76.97067006429036,0.22799999988637865,24
Mirror Lake,2017-06-04,17.337082163492862,0.008923812575327853,101215.8349609375,2.630444361882393,230.21405506134033,324.77666091918945,37.00000206505259,0.0,24
Mirror Lake,2017-06-05,20.964592234293644,0.013462495951292416,100442.37825520833,2.8769086376333015,227.53242707252502,378.3512382507324,632.629363377889,1.9991999744670466,24
Mirror Lake,2017-06-06,17.767081197102886,0.011440579236174623,100376.81575520833,3.7388209960886822,228.70788542429605,365.4258232116699,68.27733665456374,3.173599891248159,24
Mirror Lake,2017-06-07,13.734582519531273,0.008170700108166784,101051.1630859375,3.9818387873233267,229.04922091960907,336.34873962402344,7.962666968504588,2.1687998976558447,24
Mirror Lake,2017-06-08,15.344585673014345,0.008471866817368815,101190.50358072917,2.8849867517091834,315.294179836909,306.41748809814453,0.0,0.0,24
Mirror Lake,2017-06-09,17.015835062662784,0.008901966755123189,100636.59440104167,3.286966221341659,322.2519729932149,314.34582646687824,130.76800711949667,0.0,24
Mirror Lake,2017-06-10,20.869992828369163,0.0106262875876079,101148.61490885417,4.515145874031569,307.1585528055827,347.74207305908203,111.55200513203938,0.1595999957062304,24
Mirror Lake,2017-06-11,23.71791737874351,0.013820666819810867,101522.9013671875,4.741513028632762,329.50409666697186,363.03832244873047,312.01335032780963,0.0,24
Mirror Lake,2017-06-12,25.520000712076847,0.015659529288920265,101329.28873697917,3.870286204871229,328.007136742274,378.7170766194661,890.2107011477152,0.0,24
Mirror Lake,2017-07-05,24.204583740234398,0.01405342093979319,101682.65885416667,3.246335577473079,309.4994736512502,385.23707326253253,147.90667343139648,0.10639999620616436,24
Mirror Lake,2017-07-06,21.802500661214214,0.013538433549304804,101616.30143229167,4.019942739605891,186.75596912701926,378.0129102071126,20.52000109354655,2.0519999801181257,24
Mirror Lake,2017-07-07,22.586667633056663,0.015251008599686125,100722.7109375,2.9251621454891192,182.05767210324606,407.79790623982746,75.4293362473448,3.498799968045205,24
Mirror Lake,2017-07-08,25.404585774739605,0.014779221072482565,100467.62662760417,3.895561589491835,303.2928908665975,387.42332712809247,499.21869055430096,1.1452000282588415,24
Mirror Lake,2017-07-09,22.853753662109398,0.011490312637761235,101105.36751302083,3.374078365271155,331.2677660783132,352.3574968973796,78.56800285975139,1.2311999769881368,24
Mirror Lake,2017-07-10,23.375412241617862,0.012307850217136243,101433.10481770833,3.599861626722419,324.04614090919495,360.06957117716473,121.0720051129659,0.0,24
Mirror Lake,2017-07-11,26.192498779296898,0.015558671012210349,101128.42024739583,5.044316157193489,307.6779351234436,392.2962417602539,797.7067082722982,0.22119999211281538,24
Mirror Lake,2017-07-12,27.497500356038433,0.0164654878511404,101177.18098958333,4.588707050009826,288.34668024381,409.9095738728841,1111.1893819173176,0.0,24
Mirror Lake,2017-07-13,28.448336537679058,0.017269416828639805,101260.42838541667,4.047231385368631,263.47117614746094,416.89207712809247,1481.0880508422852,0.22159999632276595,24
Mirror Lake,2017-07-14,26.181667582194034,0.017626587689543765,101354.2421875,3.183202569978692,203.50796715418497,420.8508237202962,741.4880332946777,3.370799981057644,24
Mirror Lake,2017-07-15,25.099580383300804,0.015921733652551968,101131.99153645833,1.7918075309918473,239.33342774709067,407.38707478841144,425.5520191192627,1.3695999681949615,24
Mirror Lake,2017-07-16,25.177501932779972,0.014289162664984664,101096.85091145833,1.749832832110542,321.3918902873993,384.0612424214681,230.15734532196075,0.0,24
Mirror Lake,2017-07-17,25.05875422159833,0.01592294588529815,101322.7958984375,3.621197290501151,308.5346384048462,380.0095748901367,1290.840052286784,0.0,24
Mirror Lake,2017-08-04,25.142917887369816,0.016204846013958257,101361.12630208333,4.359395006865209,301.86530526479083,395.7249946594238,1160.7893905639648,0.4293999895453453,24
Mirror Lake,2017-08-05,24.078755950927757,0.014958721003495157,100943.6357421875,4.393994709340631,250.91151478886604,390.71499252319336,699.6026954650879,11.690799661446363,24
Mirror Lake,2017-08-06,20.30207977294924,0.010408162682627639,101467.12890625,4.634099147233173,253.0917590459188,338.5458246866862,1.744000072280566,0.0,24
Mirror Lake,2017-08-07,19.642082468668644,0.012618787741909424,101450.73502604167,3.381193098290735,116.60633850097656,384.1762390136719,16.146667504062254,14.163999704644084,24
Mirror Lake,2017-08-08,21.42041422526044,0.013125583568277458,101066.75520833333,2.6829366540700654,223.13150866826376,391.71415456136066,37.29066780923555,0.6035999776795506,24
Mirror Lake,2017-08-09,22.283327992757183,0.011976237719257673,101739.13606770833,1.99145628770387,304.67268021901447,346.8254102071126,17.186667546629906,0.0,24
Mirror Lake,2017-08-10,21.80208485921226,0.01233744186659654,102000.42643229167,1.888508905008047,302.22363726298016,342.38999048868817,14.112000465393066,0.0,24
Mirror Lake,2017-09-21,23.133332824707054,0.013477075146511197,101253.36295572917,4.0244976416723395,207.08017539978027,380.06665929158527,71.973336973538,0.04839999973773956,24
Mirror Lake,2017-09-22,21.222500101725284,0.011514483330150446,101331.99283854167,5.591862416952935,170.02317341168722,367.4074935913086,1.445333441098531,0.0,24
Mirror Lake,2017-09-23,22.62874628702802,0.012283670987623433,101297.47819010417,4.56734193789178,216.43876298268637,385.2479070027669,0.0,0.18199999630451202,24
Mirror Lake,2017-09-24,22.951245880126976,0.012282241756717363,101441.81119791667,2.2552811313779855,217.94259341557822,362.13457743326825,0.0,0.058799996972084045,24
Mirror Lake,2017-09-25,22.7766675313314,0.013514820913163325,101384.52213541667,2.5714479397911907,213.81176018714905,373.33874130249023,17.3280009329319,0.13279999792575836,24
Mirror Lake,2017-09-26,21.78458175659182,0.013593546076056858,101373.67545572917,3.447032885301874,200.05079853534698,371.1483268737793,9.53600045045217,0.0023999999393709004,24
Mirror Lake,2017-09-27,22.994583384195987,0.015011746048306426,100878.7978515625,5.615884713888186,181.6505934794744,391.94874064127606,183.53334081172943,0.13039999455213547,24
Mirror Lake,2017-09-28,22.02999903361005,0.012427995990340909,100492.75390625,5.591267269767418,213.5910528500875,356.80041122436523,22.658668001492817,0.0,24
Mirror Lake,2017-09-29,14.25083185831708,0.006836150054975103,101337.00390625,3.9470327700078305,196.50925970077515,305.9391606648763,0.0,0.0,24
Mirror Lake,2017-09-30,15.519999440511091,0.007432941774216791,101592.45149739583,4.559857971831712,192.04755292336145,325.2045733133952,6.821333621939023,0.0,24
Mirror Lake,2017-10-01,14.682914988199892,0.00747352921947216,102366.451171875,4.2824754656445885,205.75017762184143,330.4774932861328,0.3360000153382619,0.0,24
Mirror Lake,2017-10-02,14.323333994547548,0.006553800058706353,102470.52506510417,2.7635687014419297,217.07484233379364,289.2899932861328,0.0,0.3027999997138977,24
Mirror Lake,2017-10-03,15.061249033610048,0.007710929261520505,103085.55501302083,3.204535379986981,198.8427604685227,308.53499603271484,3.6586668690045676,0.0,24
Mirror Lake,2017-10-04,15.935005442301454,0.00855842512100935,102709.99934895833,3.4751931500571964,210.40021896362305,304.40249252319336,0.0,0.019199999049305916,24
Mirror Lake,2018-06-26,19.512495930989605,0.010275612507636348,101912.48079427083,3.120902630814411,335.95255303382874,325.51290766398114,10.5600004196167,0.0,24
Mirror Lake,2018-06-27,20.539168294270855,0.013095991841206947,101526.46907552083,5.47712457962142,227.74575940767923,360.18040974934894,47.44533530374368,0.0,24
Mirror Lake,2018-06-28,24.08583221435549,0.01574509598625203,100681.35611979167,5.399726101684131,238.27946639060974,405.2699902852376,860.0213823318481,3.458799960266333,24
Mirror Lake,2018-06-29,25.869583384195987,0.015661346182848018,100966.41145833333,2.8505777495964573,327.80938879648846,391.98915608723956,615.6426994403204,0.14960000186692923,24
Mirror Lake,2018-06-30,26.36332982381187,0.015198841807432473,101345.34147135417,2.6518795787059797,328.0530168215434,379.6049919128418,393.5733551979065,0.0,24
Mirror Lake,2018-07-01,27.20874938964846,0.016320791793987155,101332.65852864583,3.0286016844026875,321.27684768040973,388.5204137166341,1295.2294108072917,0.0,24
Mirror Lake,2018-07-02,27.670835113525413,0.017518054267081123,101416.38346354167,2.464736703593847,324.26226687431335,395.7741533915202,1826.1734161376953,0.0,24
Mirror Lake,2018-07-05,26.56625137329104,0.01784255860062937,102149.2822265625,3.705087733750005,288.72734506924945,412.67832310994464,1544.2667439778645,0.03039999888278544,24
Mirror Lake,2018-07-06,26.40958175659182,0.01776914205402136,101551.638671875,5.188501975808307,165.42146611213684,426.2824935913086,1153.3307151794434,8.28759984113276,24
Mirror Lake,2018-07-07,20.615000661214214,0.010867625048073629,102051.63802083333,5.773619656784043,332.83184814453125,329.4041608174642,16.90400055764864,0.0,24
Mirror Lake,2018-07-08,19.40749893188479,0.009672691735128561,102382.36263020833,3.4753707601798687,336.4579340616862,317.2208251953125,0.0,0.0,24
Mirror Lake,2018-07-09,21.057912445068382,0.010070883474933604,101980.79069010417,2.5588060967398385,334.8342243035634,324.56874593098956,0.0,0.0,24
Mirror Lake,2018-07-10,22.685005442301456,0.012129179357240597,101205.14127604167,3.891758323365195,329.04947861035663,350.28624471028644,73.26667102177937,0.0,24
Mirror Lake,2018-07-11,25.23999938964846,0.014343333547003567,100958.8701171875,3.2056514762241886,300.53422411282855,385.06790924072266,665.6560351053873,0.0,24
Mirror Lake,2018-09-12,24.216247812906925,0.01643725438043475,101866.11165364583,2.7339681759265155,154.9181296825409,417.3620783487956,509.50669225056964,6.844799824495567,24
Mirror Lake,2018-09-13,22.5950014750163,0.01537317099670569,102017.22135416667,5.444868406306994,160.59538316726685,400.5991554260254,132.63467303911844,0.13379999622702599,24
Mirror Lake,2018-09-14,22.446257527669292,0.015008658519946039,101931.015625,5.447986720469975,176.1349252065023,399.28290303548175,71.83200385173161,0.4667999991797842,24
Mirror Lake,2018-09-15,21.184588368733746,0.014304008451290429,101873.56673177083,2.9616811200360367,121.559339205424,398.5829086303711,5.450666852295399,0.2783999926177785,24
Mirror Lake,2018-09-16,21.906667327880882,0.013715266870955626,101897.31087239583,1.6298211543535475,234.7350102265676,359.8120752970378,34.650668144226074,0.12479999382048845,24
Mirror Lake,2018-09-17,22.715418752034527,0.014850845948482553,101675.8505859375,3.079259744840448,169.83054918050766,379.7245737711589,180.28800930579504,0.4467999944463372,24
Mirror Lake,2018-09-18,23.38541946411135,0.016360200204265613,100712.18684895833,4.204833361979254,125.72621210416158,416.23748779296875,168.5946755806605,12.519999665615615,24
Mirror Lake,2018-10-12,18.80832951863609,0.011907387583050877,99958.99739583333,6.130838937690829,195.6284654935201,350.74040603637695,124.96534104645252,43.90799869596958,24
Mirror Lake,2018-10-13,9.647915140787783,0.006215545892094572,100814.32194010417,4.335753424478154,103.00233817100525,303.06832631429035,2.8613334496816,2.285599982511485,24
Mirror Lake,2018-10-14,9.212494150797548,0.005631829262711108,101857.63639322917,3.282487381151092,130.3523813088735,291.4637451171875,0.0,0.00139999995008111,24
Mirror Lake,2018-10-15,14.93083216349286,0.009726350098693123,101584.4814453125,5.315758597613519,75.657461643219,365.61582056681317,18.248001098632812,3.7211998999118805,24
Mirror Lake,2018-10-16,14.559168752034529,0.007845912516737977,101452.27864583333,5.752948333040959,182.2001338005066,327.2745768229167,48.88800207773844,1.0539999902248383,24
Mirror Lake,2018-10-17,10.8204170227051,0.00599944176307569,101317.46158854167,6.323647957570961,185.47651028633118,284.4608294169108,5.73866684238116,0.0,24
Mirror Lake,2018-10-18,7.192920939127627,0.0042036958620883524,102152.51920572917,7.5934998059364025,132.91996455192566,302.2391662597656,14.674667110045752,0.0,24
Mirror Lake,2019-09-11,23.556673940022808,0.014570687625867626,101958.73502604167,4.548115323997997,240.18638650576273,380.6124954223633,580.2133515079817,0.0,24
Mirror Lake,2019-09-12,25.655001576741558,0.016464941940891247,101478.04329427083,3.737113830852824,176.44009216626486,418.84707260131836,1206.2640584309895,0.0,24
Mirror Lake,2019-09-13,19.504994964599632,0.010979116816694537,102408.61197916667,7.6495757411230025,199.77721897761026,380.3199920654297,4.0053335179885226,0.0,24
Mirror Lake,2019-09-14,18.735831197102886,0.011302058468572795,102289.68522135417,4.125811441851877,105.36883715788524,369.16832605997723,0.0,0.0,24
Mirror Lake,2019-09-15,23.54458389282229,0.014262004328581194,101786.45930989583,2.7426397486395584,224.1980518102646,391.0741589864095,175.9946729739507,0.0,24
Mirror Lake,2019-09-16,21.44708404541018,0.0113549834350124,101403.8603515625,1.5873231109999557,179.1136764883995,365.49624252319336,5.874666886714597,0.0,24
Mirror Lake,2019-09-17,20.56166865030927,0.010847454347337285,101527.84342447917,4.0726862523609,232.31692671775818,360.1520716349284,2.146666790048281,0.0,24
Mirror Lake,2019-09-20,15.328752136230491,0.006735087585790704,102170.30143229167,3.8943363594221165,234.4687600930532,292.43207422892254,0.0,0.0,24
Mirror Lake,2019-09-21,18.076668039957706,0.008628462577083459,101996.13736979167,3.7028717266141737,230.25684309005737,320.384573618571,0.0,0.0,24
Mirror Lake,2019-09-22,21.186255391438824,0.011706183470475176,101768.54166666667,3.3430711126590413,220.09042501449585,354.79665501912433,5.624000350634257,0.0,24
Mirror Lake,2019-09-23,23.893331146240257,0.013014420944576463,101034.7890625,5.825436767921108,216.49300948778787,376.7741559346517,8.992000351349512,0.0,24
Mirror Lake,2019-09-24,21.771665191650413,0.011191341870774826,100588.67610677083,5.284498863650622,223.1242618560791,355.4812431335449,36.15466851492723,0.0,24
Mirror Lake,2019-09-25,19.296257273356144,0.008902950057139,100910.947265625,3.324137495249321,221.96355470021567,341.5224952697754,0.5520000358422598,0.0,24
Mirror Lake,2019-09-26,20.67874933878583,0.010758829380696019,100666.68098958333,4.4722549079368,198.74105087916055,351.6012433369954,8.320000360409418,0.0,24
Mirror Lake,2019-09-27,18.104580179850284,0.008098320899686465,101466.22786458333,3.5888945472397604,219.8343845208486,310.82832590738934,0.6880000332991282,0.0,24
Mirror Lake,2019-09-28,20.535832977294945,0.011870212736539543,101624.58626302083,3.596326468537132,176.9367165962855,365.7241579691569,469.8560202891628,0.0,24
Mirror Lake,2019-09-29,23.360831197102886,0.013475629384629428,101799.759765625,3.9221195509455593,203.05113383134207,385.9341557820638,496.0293574702616,0.0,24
Mirror Lake,2019-09-30,18.62041880289716,0.010575566712456444,102180.845703125,4.128320605292066,92.34846223394077,373.29373931884766,0.0,0.0,24
Mirror Lake,2019-10-01,21.151260630289737,0.011058200111923119,101675.21809895833,4.316965686063676,185.2093823750814,394.96082560221356,2.872000147898992,0.0,24
Mirror Lake,2019-10-04,18.877500152587913,0.010365991717359671,101377.76236979167,5.433218587776469,200.48717625935873,359.36582946777344,7.117333617992699,0.0,24
Mirror Lake,2019-10-05,10.837080891927107,0.005591354274656624,102521.9990234375,5.115832594409503,213.75347169240317,269.60041491190594,0.0,0.0,24
Mirror Lake,2019-10-06,15.343750254313173,0.008946041809394956,102328.88346354167,5.83798547482871,80.40854549407959,355.61415990193683,4.4240002272029715,0.0,24
Mirror Lake,2019-10-07,21.95124715169273,0.01243556682796528,101816.78938802083,6.837524437498629,122.9745888710022,408.81290435791016,54.68000260492166,0.0,24
Mirror Lake,2019-10-08,17.232081349690777,0.010416045978975793,101874.26204427083,6.308982524493012,45.35525186856588,385.3866589864095,46.74666877090931,0.0,24
Mirror Lake,2019-10-09,14.363333638509138,0.008653770899400115,101937.51692708333,8.669621067204355,34.201043367385864,372.20499420166016,0.0,0.0,24
Mirror Lake,2019-10-10,14.149166361490908,0.007579795899800956,101998.90787760417,9.020164727031439,78.54079564412434,368.60999298095703,0.0,0.0,24
Mirror Lake,2019-10-11,13.992494201660179,0.0073063083497496946,101637.95833333333,8.711924716077949,86.62225286165874,360.5708236694336,0.0,0.0,24
Mirror Lake,2019-10-12,15.57667185465497,0.008102708437945694,101263.26595052083,4.56125870891342,178.75034141540527,355.76082102457684,0.0,0.0,24
Mirror Lake,2019-10-13,15.272916412353538,0.007301866678365816,101447.77669270833,2.9183019731769058,134.3351322809855,341.886661529541,0.0,0.0,24
Mirror Lake,2019-10-14,16.37499516805015,0.008225833512066552,101236.0830078125,2.819278548173031,182.7101295789083,349.4441617329915,0.0,0.0,24
Mirror Lake,2019-10-15,12.333759562174501,0.005406770874590923,101639.05110677083,2.82572902592034,189.2948441505432,281.5374946594238,0.0,0.0,24
Mirror Lake,2019-10-16,14.234167989095075,0.008471679252882799,100764.33756510417,6.229658217831566,126.85942208766937,323.55291239420575,72.11467091242473,0.0,24
Mirror Lake,2019-10-17,12.821673329671247,0.006735000099676351,99321.27701822917,11.801958189356005,124.8157566388448,319.6470781962077,4.933333746778469,0.0,24
Mirror Lake,2019-10-18,11.398334757487001,0.005572312569711357,100603.15885416667,7.5437151955616875,181.1594281991323,299.35790888468426,0.0,0.0,24
Mirror Lake,2019-10-19,8.903334554036482,0.00493552921883141,101409.74641927083,3.671633957984488,184.66650597254434,266.3783270517985,0.0,0.0,24
Mirror Lake,2019-10-20,11.217922465006533,0.007093421008903533,101279.62467447917,3.071705537674626,45.402419130007424,325.63165791829425,0.0,0.0,24
Mirror Lake,2019-10-21,15.163747406005882,0.008653358517525097,101291.98502604167,6.567198132384882,171.3331336180369,348.8324915568034,0.0,0.0,24
Mirror Lake,2019-10-22,14.633746083577497,0.00924688356462866,101318.60026041667,4.3254993363870575,97.25887981057167,345.1483294169108,0.0,2.4171999860554934,24
Mirror Lake,2020-07-07,24.527491505940777,0.015993500205998618,101546.236328125,3.3153972935161224,286.44172342618305,397.0583216349284,779.2800388336182,0.02239999920129776,24
Mirror Lake,2020-07-08,25.77916234334312,0.01684150433478256,101336.22298177083,3.9085285742250337,308.562513033549,399.74707412719727,874.0640500386556,0.0,24
Mirror Lake,2020-07-09,26.071665700276714,0.016864962487791974,101170.50553385417,2.8859824677363615,320.1925121943156,396.3858222961426,794.9440364837646,0.0,24
Mirror Lake,2020-07-10,24.00166982014976,0.01705942931585014,100850.3369140625,5.284051276526578,151.96021755536398,407.9966646830241,297.24001439412433,55.557198771683034,24
Mirror Lake,2020-07-11,25.759575144449894,0.017782962725808222,100298.82259114583,5.194527403549653,251.6900968949,417.9812431335449,1016.7760501503944,1.413599968625931,24
Mirror Lake,2020-07-12,25.83166020711265,0.015084187616594136,100388.50455729167,4.411369494148114,321.1493079662323,386.51749420166016,348.41868233680725,0.0,24
Mirror Lake,2020-07-13,25.461670176188175,0.014795712622193,100556.48958333333,3.4830514893998537,306.12064186731976,387.0312385559082,537.4400253295898,0.859999974956736,24
Mirror Lake,2020-07-14,23.86249694824221,0.01271828756822894,101023.23111979167,3.17096744139555,322.5750154654185,363.9162406921387,209.40000867843628,0.0,24
Mirror Lake,2020-07-15,24.9195864359538,0.01433688351729264,101691.74348958333,3.1921694717966553,294.3170159657796,399.5199966430664,88.10133785009384,0.0,24
Mirror Lake,2020-07-16,22.227084096272808,0.013275779434479773,102112.3896484375,4.292217616023115,292.1125576496124,364.9224917093913,6.83733365436395,0.0,24
Mirror Lake,2020-07-17,23.447494761149112,0.015475787688046694,101764.60579427083,4.70127804058532,211.50425986448923,408.9291521708171,558.5653655529022,0.3453999850898981,24
Mirror Lake,2020-07-18,27.640833791097027,0.01857600004101793,101413.5009765625,2.321939370358504,294.1300973892212,428.6841532389323,2118.7494455973306,2.2355998848797753,24
Mirror Lake,2020-07-19,27.17333628336591,0.017082416840518515,101160.4150390625,3.9494924637321827,317.7203915119171,387.1474901835124,990.1760368347168,0.0,24
Mirror Lake,2020-07-20,28.940415954589866,0.018234591853494447,100829.330078125,4.413002988306081,303.05368347962695,418.9799919128418,1556.4827423095703,0.0,24
Mirror Lake,2020-07-21,28.278330739339214,0.016196608543395996,101169.86490885417,2.499085635147001,305.6139326095581,404.28665288289386,648.2960297266642,0.2667999863624573,24
Mirror Lake,2020-07-22,28.705003356933616,0.01806864608079195,101274.75651041667,2.6555695923381717,283.80359574158985,427.4341583251953,1563.9707489013672,1.923200023098616,24
Mirror Lake,2020-07-23,28.362915293375675,0.018924212626491983,101349.57454427083,3.583372104445131,220.77251164118448,435.84665807088214,1871.3200988769531,8.26839971728623,24
Mirror Lake,2020-07-24,27.07833124796552,0.017952879425138235,101444.501953125,2.1446255292329686,165.71180075407028,429.312074025472,1518.5413970947266,8.05979966931045,24
Mirror Lake,2020-07-25,26.145419057210308,0.016456966870464385,101541.3447265625,2.302031116117518,301.70618263880414,401.1145731608073,881.1787058512369,0.0,24
Mirror Lake,2020-07-26,27.36249694824221,0.017252258490771055,101353.998046875,4.967926179071534,296.086805164814,407.42457580566406,567.1813627878824,0.24799999594688416,24
Mirror Lake,2020-07-27,27.602082824707054,0.016566795956653852,100837.1103515625,4.747846583836389,311.86159831285477,388.9008331298828,334.96001454194385,0.0,24
Mirror Lake,2020-07-31,26.099165852864605,0.017416316783055663,100606.9169921875,2.764623672660129,174.41750752925873,422.5904083251953,738.4666996002197,7.389599900925532,24
Mirror Lake,2020-08-01,26.06250406901044,0.01596531264173488,100922.931640625,1.7309201401798144,272.99459258715314,415.197073618571,156.6533400217692,0.0,24
Mirror Lake,2020-08-02,26.76833368937177,0.01789694605395198,100999.61848958333,5.106757628554349,232.1051763097445,418.84499231974286,1278.3814093271892,0.0,24
Mirror Lake,2020-08-03,27.294581349690777,0.016509291793530185,101199.75846354167,4.392942303634055,273.79734661181766,411.70790608723956,774.8666944503784,0.5783999711275101,24
Mirror Lake,2020-08-04,25.29041951497398,0.01748980034608394,100876.07552083333,7.74040091793346,155.2216323018074,417.4433237711589,664.378696401914,40.083998903632164,24
Mirror Lake,2020-08-05,25.40999501546226,0.015225283646335205,101215.00618489583,3.394836654091192,299.6095576584339,393.2133280436198,441.5333507855733,0.03479999862611294,24
Mirror Lake,2020-08-06,25.10125885009768,0.015654679310197633,101474.1630859375,2.8217667972622578,235.0258436203003,411.2004102071126,402.21601486206055,3.4103998243808746,24
Mirror Lake,2020-08-07,23.315419769287132,0.014884120978725454,101580.55696614583,3.2404151434759374,258.101970354716,391.0483258565267,391.2240179379781,2.5071998987696134,24
Mirror Lake,2020-08-08,23.515410359700542,0.015355100117934247,101718.51171875,2.5412026549800815,228.97171878814697,399.65207544962567,647.5493612289429,6.561599895358086,24
Mirror Lake,2020-08-09,24.410838063557964,0.015625583395982783,101638.775390625,2.412927171000504,273.6229731241862,387.8670705159505,884.2800429662069,0.0,24
Mirror Lake,2020-08-10,26.771251932779972,0.017712396026278537,101408.76334635417,3.8016927534854066,276.4050130844116,416.722905476888,1877.6961008707683,0.0,24
Mirror Lake,2020-08-11,26.41417210896812,0.01773885420213143,101179.0791015625,4.202198218096563,264.2122621536255,403.0016606648763,1484.7707392374675,7.123199820518494,24
Mirror Lake,2020-08-12,26.858336385091167,0.018471916827062767,101275.21028645833,3.3694926052917933,166.77729892730713,431.86290486653644,1802.4400990804036,18.8815994579345,24
Mirror Lake,2020-08-13,26.001250203450542,0.017023254185914993,101493.81315104167,1.9114250614671,215.6995086669922,409.7162399291992,1130.5600509643555,1.4711999808205292,24
Mirror Lake,2020-09-05,21.600837961832706,0.010464304243214428,101656.69791666667,3.0366475099937063,261.3448869387309,341.1354115804036,0.0960000033179919,0.0,24
Mirror Lake,2020-09-06,20.462505594889347,0.009847454299839834,101894.69173177083,2.5136083921198282,255.79205958048502,337.23582712809247,20.832000851631165,0.0,24
Mirror Lake,2020-09-07,21.30041656494143,0.01246891679087033,101577.353515625,3.5494799680706297,250.9974692662557,348.3837420145671,47.13600262006124,0.0,24
Mirror Lake,2020-09-08,22.752086893717472,0.013921933403859535,101649.0537109375,3.0250297855805623,248.16697295506796,363.6637420654297,181.24000726143518,0.0,24
Mirror Lake,2020-09-09,23.106252288818382,0.014917062789512178,102057.30989583333,3.7769923675418933,181.12933937708536,386.05249277750653,233.76001201073328,0.3479999899864197,24
Mirror Lake,2020-09-10,24.497913614908878,0.01665245423403879,102040.2607421875,2.651994226576051,110.50775508085887,426.26623916625977,216.56801001230875,16.11759986099787,24
Mirror Lake,2020-09-11,23.59249649047854,0.015387466875836253,101700.03548177083,3.5549938436201267,198.65771714846292,408.99082438151044,30.5706685607632,5.777599737048149,24
Mirror Lake,2020-10-16,16.11374689737958,0.010758300117837885,101314.96126302083,4.60088536215341,50.8651273449262,369.87623596191406,18.096000870068867,33.706398986279964,24
Mirror Lake,2020-10-17,10.867908732096376,0.005699245860644926,102062.80240885417,5.912433396669901,187.86442550023398,299.6491591135661,0.0,0.5029999921680428,24
Mirror Lake,2020-10-18,11.161246236165388,0.0054947958754686015,102670.89322916667,3.3599543831199985,159.22950784365335,282.7274913787842,1.2693334023157756,0.0,24
Mirror Lake,2020-10-19,15.321254984537783,0.00924684175212557,102296.73014322917,3.5007021277177137,143.71925735473633,334.6312433878581,19.218667596578598,0.0,24
Mirror Lake,2020-10-20,18.49874649047854,0.011695012644243738,102035.95345052083,2.5042516985119643,131.40371493498483,370.2283198038737,65.5840031305949,1.0423999428749084,24
Mirror Lake,2020-10-21,18.6712471008301,0.011789850114534298,102115.84049479167,2.864851729267673,159.5375474691391,345.8370768229167,204.65067721406618,0.0,24
Mirror Lake,2020-10-22,19.259575144449894,0.012315354271170994,102019.59505208333,2.333405288039338,165.86329853534698,350.01415634155273,251.70401112238565,0.0007999999797903001,24
Mirror Lake,2024-10-15,8.103330230712913,0.003966783328602712,100892.70052083333,5.950821847578024,153.78941599527994,275.34208488464355,1.3908333381017048,0.0,24
Mirror Lake,2024-10-16,7.811250305175804,0.003821145830443129,101281.66666666667,5.482213389000122,179.92587399482727,270.72791798909503,0.28208333750565845,0.0,24
Mirror Lake,2024-10-17,10.82166442871096,0.004745095832428585,101891.64973958333,4.723679287862514,142.21679258346558,319.6520830790202,1.25,0.0,24
Mirror Lake,2024-10-18,10.385833994547548,0.004205645847832784,102429.1044921875,4.225114331143626,183.45254294077554,268.6174945831299,0.0,0.0,24
Mirror Lake,2024-10-19,12.877080535888695,0.005211270821746439,102901.62109375,1.8165885682075382,179.77949873606363,281.60791905721027,0.0,0.0,24
Mirror Lake,2024-10-20,12.99374923706057,0.0053457625132674975,102404.2744140625,2.706207034564276,178.89350020885468,281.6675052642822,0.0,0.0,24
Mirror Lake,2024-10-21,14.766667938232445,0.005108137459804614,101947.62174479167,3.327344552362814,174.6615815560023,293.0808334350586,0.0,0.0,24
Mirror Lake,2024-10-24,16.33499679565432,0.007478941620017092,100913.2744140625,4.630247582144809,163.81920687357584,319.78333536783856,9.091249932845434,0.0,24
Mirror Lake,2024-10-25,10.300833638509138,0.004597829160047695,101559.97916666667,4.0367766888371355,170.66562557717165,268.5695794423421,0.0,0.0,24
Mirror Lake,2024-10-26,13.113333638509138,0.005061462531254317,101563.87076822917,5.439728391477604,160.41837215423584,313.09541447957355,0.0,0.0,24
Mirror Lake,2024-10-27,8.338330841064476,0.003125041645641128,102432.80891927083,3.772201222731864,167.0772523880005,250.7229150136312,0.0,0.0,24
Mirror Lake,2024-10-28,8.478335316975935,0.003436912481750672,102574.91243489583,2.7089617190034017,148.74020544687906,273.4654134114583,0.0,0.0,24
Mirror Lake,2024-10-29,12.853749847412132,0.006877249960477154,102675.5419921875,4.090769514440743,142.21829160054526,312.9508349100749,12.800833423932394,0.0,24
Mirror Lake,2024-10-30,16.339163716634136,0.00838595419190824,102382.03450520833,3.823408863073617,152.74412695566812,338.97541936238605,0.2000000054637591,0.0,24
Orange Reservoir,2015-06-03,14.927079772949241,0.009007116740879914,101117.96061197917,3.482347256812199,306.5560568173726,340.6816584269206,0.0,2.5303999735042453,24
Orange Reservoir,2015-06-04,13.882085418701195,0.008431220951024443,101263.31640625,4.012372285336388,169.19525710741678,330.73541259765625,0.0,0.0,24
Orange Reservoir,2015-06-05,15.124166107177757,0.00964895849271367,100868.84342447917,2.7220504825017726,109.94558811187744,380.70874277750653,1.4960000614325206,1.5105999989318661,24
Orange Reservoir,2015-06-06,19.254997507731144,0.011419104412198067,100223.40201822917,2.7897995950329713,253.40784418582916,382.6633237202962,315.81868386268616,5.142399869859219,24
Orange Reservoir,2015-06-07,17.454587554931663,0.009188387581768135,100927.39388020833,2.7609415263248915,301.5095971425374,322.4441617329915,13.093334039052328,0.0,24
Orange Reservoir,2015-06-08,18.92208887736005,0.011567333557953438,100453.548828125,5.7146065693719805,277.05501159032184,357.8933270772298,183.81334300835928,0.9088000059127808,24
Orange Reservoir,2015-06-09,22.74416885375979,0.014014833451559147,99566.412109375,5.7258273209718,245.68022147814432,400.8637402852376,435.8293571472168,9.316399579343852,24
Orange Reservoir,2016-07-07,26.993333435058616,0.01748667936772108,99807.09798177083,2.509529921090053,273.93725713094074,408.72082646687824,1277.7360610961914,0.6571999862790108,24
Orange Reservoir,2016-07-08,26.722080485026066,0.01707409609419604,99804.89029947917,2.219388524109521,278.10076212882996,410.86498769124347,758.3733673095703,5.751999855041504,24
Orange Reservoir,2016-07-09,23.057078297932964,0.01536942106516411,99974.52604166667,4.2185744309546775,212.3754267692566,397.9562403361003,246.43734601015845,0.3127999850548804,24
Orange Reservoir,2016-07-10,22.40291620890302,0.01311642094515264,100030.12890625,2.857168166648437,260.72422273953754,392.3970769246419,102.53067211310069,9.892799932800699,24
Orange Reservoir,2016-07-11,22.373745218912784,0.011824845879649123,100651.2607421875,2.7673889593799927,309.5643886725108,372.8541552225749,8.608000402649244,0.0,24
Orange Reservoir,2016-07-12,23.372085825602237,0.0110405960585922,100811.71516927083,2.9510202919365796,322.30109612147015,352.0108248392741,0.021333334036171436,0.0,24
Orange Reservoir,2016-07-13,23.354998524983746,0.013970720930956304,100710.44759114583,3.993551608520907,190.65626049041748,396.8391532897949,123.81867290536563,1.2999999579042196,24
Orange Reservoir,2016-09-21,23.68041508992515,0.01199689181521535,100975.62174479167,2.422440925809212,215.52575739224753,354.78415807088214,85.30933646361034,0.0,24
Orange Reservoir,2016-09-22,22.6575014750163,0.009152333446157476,100984.2841796875,1.8345324662201676,222.48588720957437,332.4241574605306,0.0,0.0,24
Orange Reservoir,2016-09-23,21.96624908447268,0.010686587658710778,100631.82552083333,1.8031417927525142,185.9407590230306,344.62123998006183,22.136001249154408,0.0,24
Orange Reservoir,2016-09-24,19.250416056315128,0.010847595985978842,100710.15364583333,3.4009931914317995,120.43862966696422,377.1737429300944,12.560000518957773,4.062599990516901,24
Orange Reservoir,2016-09-25,14.896250661214216,0.005844475022361924,101059.49381510417,3.7848250926380724,222.5097999572754,299.1220766703288,0.5440000295639038,0.0,24
Orange Reservoir,2016-09-26,15.437088267008486,0.006196370911008368,100999.50130208333,3.4884303210799708,204.4218439658483,302.0712432861328,0.0,0.36319997906684875,24
Orange Reservoir,2016-09-27,19.365833536783878,0.01035556267015636,100312.32779947917,4.34271976843097,193.98438288768133,368.8316586812337,1.4786667382965486,8.017599755898118,24
Orange Reservoir,2017-04-20,12.19083429972333,0.007769900102478762,100926.90462239583,2.862816915884895,153.24434105555216,358.1949920654297,2.0280001560846963,0.4572000000625849,24
Orange Reservoir,2017-04-21,13.173333740234398,0.008505337658183029,100338.39811197917,4.234259660306334,189.80646673838297,354.96958033243817,0.3120000095417102,6.83959986269474,24
Orange Reservoir,2017-04-22,11.922920481363954,0.007847287556311736,100283.81315104167,2.822881396839015,77.98758745193481,348.3474934895833,1.7493333887929718,2.9325999058783054,24
Orange Reservoir,2017-04-23,10.54001134236656,0.005745641751370083,100682.65006510417,3.3587860648371124,293.919721921285,282.56874593098956,3.2840002377827964,0.0,24
Orange Reservoir,2017-04-24,10.950833892822288,0.006346470889790605,100905.8056640625,3.339670845239484,183.7287972768148,297.76374435424805,0.0,0.05999999912455678,24
Orange Reservoir,2017-04-25,11.45374704996747,0.0073835584335029125,100658.53483072917,7.8125121368305095,114.96754868825276,360.5474917093913,1.618666751931111,11.177399807260372,24
Orange Reservoir,2017-04-26,14.999575551350935,0.009867512543375293,99756.30989583333,5.041189075732922,139.97842407226562,379.8537419637044,7.1493335999548435,13.342999648768455,24
Orange Reservoir,2017-05-24,15.365832265218122,0.009256445957968632,99732.51953125,4.0384213304086956,175.99967539310455,351.4691556294759,0.17333334125578403,0.034999998984858394,24
Orange Reservoir,2017-05-25,14.009168243408226,0.009165708518897494,99456.634765625,6.046203854006614,153.53604781627655,365.0974884033203,15.770667433738708,16.6111992445949,24
Orange Reservoir,2017-05-26,16.70958226521812,0.00985112099442631,99091.65071614583,4.550755149858193,249.16571732362112,363.50665791829425,29.533334414164226,19.87279937110725,24
Orange Reservoir,2017-05-27,17.970830535888695,0.010073008481413126,99987.33984375,2.44344616407763,196.38175847133002,372.7474937438965,11.394667201054594,0.0,24
Orange Reservoir,2017-05-28,17.662080383300804,0.01106440854103615,100187.36979166667,3.8390162490572237,180.0521324078242,381.11291249593097,8.248000377168259,0.0,24
Orange Reservoir,2017-05-29,14.402500406901064,0.009495408468258878,100265.88541666667,4.786210060540955,90.65100455284119,373.5679130554199,0.0,5.847199762851233,24
Orange Reservoir,2017-05-30,14.015002187093122,0.009187725100976726,100906.462890625,3.6968072874280433,147.70554991563162,348.3683230082194,0.22666667898495993,1.6287999940104783,24
Orange Reservoir,2017-05-31,17.811663564046246,0.010978079362151524,100560.65364583333,3.0277429869978634,280.1241366465886,362.5374921162923,490.55468410253525,1.0367999784648418,24
Orange Reservoir,2017-06-01,19.28374888102216,0.010255254378231863,100297.47493489583,3.62926100206915,323.40864352385205,332.1087455749512,327.2746852238973,1.8339999485760927,24
Orange Reservoir,2017-06-02,18.560000356038433,0.008508566863990078,100335.98763020833,3.9914159706934815,286.64238890012103,333.8341573079427,163.50400857130685,0.0,24
Orange Reservoir,2017-06-03,15.660832977294945,0.007071250060107559,100444.06673177083,4.185609400305199,305.79410044352215,307.23082733154297,67.75200275580089,0.6535999556072056,24
Orange Reservoir,2017-06-04,15.484585062662783,0.007806112640537322,100480.18196614583,2.0798020237802444,179.94104957580566,323.5366605122884,0.9306667211155096,1.6039999942295253,24
Orange Reservoir,2017-06-05,19.514173126220726,0.012319045995051662,99719.79166666667,2.514361826508811,247.824760556221,377.93040720621747,484.7706928253174,2.7267998905153945,24
Orange Reservoir,2017-06-06,16.103331502278667,0.010364679270423949,99707.40234375,3.581441096961987,161.37838308016458,367.51540756225586,37.86933531239629,3.690399936574977,24
Orange Reservoir,2017-06-07,13.35333150227867,0.007724983404235293,100316.8701171875,3.330592649043982,258.23088987668353,340.72666295369464,12.074667195479075,0.17679999768733978,24
Orange Reservoir,2017-06-08,16.625002797444683,0.008501883421558887,100433.25032552083,2.971218476052201,325.9066874186198,317.11957931518555,1.2320000485827525,0.0,24
Orange Reservoir,2017-06-09,17.195415751139347,0.008840133455426743,99844.248046875,3.054989736497896,305.17714103062946,317.61249287923175,214.29600747426352,0.0,24
Orange Reservoir,2017-06-10,20.977496083577496,0.010312004286485413,100313.20084635417,4.9909831564566565,302.66572372118634,343.80999120076496,174.7120065788428,0.0,24
Orange Reservoir,2017-06-11,24.169168090820335,0.01339893345721066,100677.916015625,4.970485264012477,333.37127137184143,363.8691596984863,304.2106869618098,0.0,24
Orange Reservoir,2017-06-12,25.72208684285484,0.015412496053613722,100496.08854166667,3.631051478771495,333.25230860710144,372.3229052225749,940.5147061347961,0.0,24
Orange Reservoir,2017-07-05,23.75083440144859,0.013064737664535642,100986.099609375,3.2576018778167644,325.433641910553,364.8595720926921,75.40000375111897,0.0,24
Orange Reservoir,2017-07-06,21.75124893188479,0.012610216780255238,100942.9150390625,3.3548121196190146,205.9439685344696,372.52957916259766,4.146666864864528,0.5559999970719218,24
Orange Reservoir,2017-07-07,21.64707463582359,0.014461825019679964,99985.85677083333,2.4924663982828577,194.9936749537786,401.42290623982746,86.65333692232768,34.50719855539501,24
Orange Reservoir,2017-07-08,24.55750172932945,0.01474123770215859,99690.13313802083,3.519345420814425,297.4062232176463,386.58207575480145,507.09335645039874,6.041199633968063,24
Orange Reservoir,2017-07-09,21.56791966756187,0.010823779234973093,100314.62141927083,3.792624715995791,330.11476254463196,338.5274912516276,30.658667659386992,0.0,24
Orange Reservoir,2017-07-10,22.450830078125023,0.011732800165191293,100621.02506510417,4.013641765498334,318.16164024670917,351.23415756225586,99.20000545183818,0.019199999049305916,24
Orange Reservoir,2017-07-11,25.38624725341799,0.015715354510272544,100320.98079427083,4.65557348721137,285.43009694417316,399.9912414550781,878.1200383504232,0.17559999646618962,24
Orange Reservoir,2017-07-12,26.6020815531413,0.015885354407752555,100389.66015625,3.7349635874526697,274.95784616470337,404.52082443237305,845.6853815714518,0.0400000000372529,24
Orange Reservoir,2017-07-13,27.3049992879232,0.01656096688626955,100497.60123697917,3.108779015582128,248.77451022466025,409.2849871317546,1068.504057566325,2.5455999565310776,24
Orange Reservoir,2017-07-14,24.252083079020206,0.016442137692744534,100661.14973958333,3.071430250048113,165.4801309108734,415.3066584269206,273.1173454920451,8.916599657444749,24
Orange Reservoir,2017-07-15,23.91582895914716,0.014881833572871983,100384.9521484375,2.3637357032006094,271.83793052037555,399.80874888102215,207.72801168759665,1.0645999897969887,24
Orange Reservoir,2017-07-16,23.81625137329104,0.013172895880416036,100354.93131510417,2.1398236631060366,319.88072474797565,364.49249267578125,272.0693429466337,0.0,24
Orange Reservoir,2017-07-17,24.866670227050804,0.015494345842550198,100571.22200520833,3.3704916004549745,309.10496973991394,378.28207270304364,1320.802729288737,0.5824000127613544,24
Orange Reservoir,2017-08-04,24.676669057210308,0.01587196272642662,100626.2998046875,4.111088198780137,252.40096966425577,405.17832056681317,1187.3813908894856,1.6543999835848808,24
Orange Reservoir,2017-08-05,23.590839640299503,0.014496487565338612,100197.849609375,4.214179194950473,268.42084592580795,387.39291254679364,533.9520270029703,23.496399004012346,24
Orange Reservoir,2017-08-06,20.20499954223635,0.010155795995766917,100634.91569010417,4.52693460548355,253.35443202157816,332.99082438151044,8.573333816913268,0.0,24
Orange Reservoir,2017-08-07,18.66457901000979,0.011480270962541303,100713.32194010417,3.126179616317197,104.6743389343222,371.22832107543945,8.61333380639553,21.519599605584517,24
Orange Reservoir,2017-08-08,20.697082773844425,0.012251416803337634,100336.67610677083,2.839662057113147,259.20517985026044,379.9024963378906,65.57600422203541,0.2963999845087528,24
Orange Reservoir,2017-08-09,22.119575754801456,0.011071454306753973,100977.189453125,1.7838618604409966,306.57651170094806,341.7383282979329,16.17066731241842,0.0,24
Orange Reservoir,2017-08-10,22.278330739339214,0.011868558436011275,101229.919921875,2.137401404293306,302.72547245025635,345.9845784505208,26.845334415634472,0.0,24
Orange Reservoir,2017-09-21,23.08083368937177,0.013281075206274787,100519.896484375,4.601264980331675,203.6651779015859,377.62415822347003,25.978668093681335,0.0,24
Orange Reservoir,2017-09-22,20.54166437784833,0.010861966836576661,100658.68619791667,5.0239425991617965,168.93759036064148,357.3795750935872,0.0,0.0,24
Orange Reservoir,2017-09-23,22.522084808349632,0.011692504243304333,100578.17154947917,4.37190493802193,216.00476177533469,382.06082407633465,0.0,0.0,24
Orange Reservoir,2017-09-24,23.463745371500675,0.012097141821868718,100701.33072916667,1.8239108028952717,213.7548437913259,362.0433286031087,43.354668617248535,0.0,24
Orange Reservoir,2017-09-25,24.02541885375979,0.013920087716542184,100675.64225260417,1.9493571043065039,210.45526003837585,378.2049954732259,224.5653451283773,0.0,24
Orange Reservoir,2017-09-26,22.757080332438175,0.013755329263707003,100651.408203125,1.9382902150850336,205.8697198232015,369.749574025472,46.82666927576065,0.0,24
Orange Reservoir,2017-09-27,23.32042210896812,0.014493229255701104,100227.38509114583,3.2278220589199207,193.84134034315744,381.8320782979329,202.0453427033499,0.0,24
Orange Reservoir,2017-09-28,21.681246693929058,0.012159695907030255,99805.02018229167,5.167789125325876,212.45538596312204,350.07957712809247,54.98400274912516,0.0,24
Orange Reservoir,2017-09-29,13.775832112630232,0.006641816774693628,100563.6708984375,4.029158974114092,189.0278443892797,303.2729085286458,0.4826667010784149,0.0,24
Orange Reservoir,2017-09-30,14.991666412353538,0.007398325018584728,100821.03776041667,4.427036884467678,161.73571586608887,332.6645762125651,16.173334180066984,0.008799999952316284,24
Orange Reservoir,2017-10-01,13.66541697184247,0.006835712624403338,101637.72981770833,3.6434357884429267,210.7095104853312,314.6358299255371,0.0,0.0,24
Orange Reservoir,2017-10-02,14.074168141682966,0.006185250065755099,101703.00520833333,2.5403064106883635,212.01992551485696,280.4379081726074,0.0,0.0,24
Orange Reservoir,2017-10-03,15.081253306070986,0.007615662626146029,102308.5947265625,2.984315256123688,187.31084151069322,305.590825398763,2.749333471059799,0.0,24
Orange Reservoir,2017-10-04,15.805003102620466,0.008618558388358602,101870.45247395833,4.522874113025098,203.6268833676974,303.84249750773114,0.0,0.0,24
Orange Reservoir,2018-06-26,18.784577941894554,0.00920854602009058,101135.60123697917,3.231634938069913,329.9502276579539,321.934575398763,0.6080000381916761,0.0,24
Orange Reservoir,2018-06-27,20.17166671752932,0.012653641790772477,100758.49641927083,5.120424980264894,177.84842507044473,363.8716570536296,45.81333623329798,0.09239999949932098,24
Orange Reservoir,2018-06-28,22.602916971842472,0.014659379298488298,99923.3828125,4.692017989772752,217.46096595128378,406.1524950663249,464.15469207366306,8.925199738121592,24
Orange Reservoir,2018-06-29,25.215413665771507,0.015044912734689811,100224.57194010417,2.6854885478295016,329.24089376131695,381.7262446085612,556.6693546772003,0.6631999760866165,24
Orange Reservoir,2018-06-30,26.03833160400393,0.014664541774739822,100586.24837239583,2.9189243294188394,331.5631803671519,372.77624130249023,392.9120150009791,0.0,24
Orange Reservoir,2018-07-01,27.407917277018253,0.01673199178185314,100534.33821614583,2.845357271511965,310.82201449076337,389.40499114990234,1577.8240712483723,0.0,24
Orange Reservoir,2018-07-02,28.144586181640648,0.017620621093859274,100670.30305989583,2.579658484425582,324.76992932955426,394.6183280944824,1857.3707580566406,0.0,24
Orange Reservoir,2018-07-05,27.053333536783878,0.01832350840171178,101371.6552734375,3.628535575963301,285.2438467343648,416.0924873352051,1869.672083536784,0.0,24
Orange Reservoir,2018-07-06,26.309167480468773,0.017129408273225028,100692.73209635417,5.210226656401737,216.0114665031433,423.0074920654297,1057.1280364990234,10.570399787276983,24
Orange Reservoir,2018-07-07,19.41249745686851,0.009470825122358898,101325.39876302083,4.722462152602298,336.90701484680176,313.15290959676105,0.0,0.0,24
Orange Reservoir,2018-07-08,20.113748168945335,0.009276408508109549,101622.04361979167,1.3347507458353087,333.0247664451599,321.2149963378906,0.0,0.0,24
Orange Reservoir,2018-07-09,21.424165344238304,0.010752150051606199,101159.93587239583,3.28138994855621,330.21305354436237,333.8120765686035,0.0,0.0,24
Orange Reservoir,2018-07-10,23.60083414713544,0.0128896792496865,100383.6484375,3.4697794216132163,326.58147263526917,354.5533256530762,223.06934396425882,0.0,24
Orange Reservoir,2018-07-11,25.073337809244816,0.014040233528551957,100261.697265625,3.056833622987672,272.399720509847,384.0204111735026,646.4747034708658,0.0,24
Orange Reservoir,2018-09-12,23.20208384195966,0.015372104205501577,101171.31184895833,2.402692068702949,158.26638170083365,412.3858248392741,257.6933450053136,5.711199681012658,24
Orange Reservoir,2018-09-13,21.395417785644554,0.014128437731415033,101363.16764322917,3.8932235290638997,136.28588167826334,404.2745730082194,88.27733713512619,15.891799869947135,24
Orange Reservoir,2018-09-14,21.8429262797038,0.01455000857822597,101246.88248697917,3.919740419554852,154.9990906318029,398.47707494099933,51.21866883834203,0.38799998463946395,24
Orange Reservoir,2018-09-15,21.84125671386721,0.014179308510695895,101165.80794270833,2.319300149474309,218.6438468694687,375.6624933878581,62.325336274690926,0.0,24
Orange Reservoir,2018-09-16,22.691665903727237,0.0141752667647476,101135.25716145833,1.7803798828182218,231.17451186974844,363.06332143147785,118.39467135071754,0.0,24
Orange Reservoir,2018-09-17,22.85166447957359,0.01466932927723974,100931.15625,2.906311445778233,184.46113499253988,374.970406850179,125.54667260746162,2.2127999663352966,24
Orange Reservoir,2018-09-18,22.334583536783878,0.015473016886971891,99961.6533203125,3.362985696431824,110.49087993303935,410.79706954956055,70.50667057434718,15.323599448427558,24
Orange Reservoir,2018-10-12,17.591250356038433,0.010906187642831355,99213.9306640625,5.773605189845796,189.43830347061157,339.3016637166341,16.594667037328083,4.848399844253436,24
Orange Reservoir,2018-10-13,8.927912648518904,0.005916995908288906,99959.54915364583,4.3255577590768155,87.28867220878601,298.36166127522785,7.325333644946416,2.9635999120073393,24
Orange Reservoir,2018-10-14,9.064163462320986,0.0056107125904721515,101024.27604166667,3.584344168765334,121.01554751396179,286.94291496276855,0.0,0.0,24
Orange Reservoir,2018-10-15,12.944997406005882,0.00870775004538397,100757.68196614583,5.235219489173318,62.270795146624245,344.5633239746094,4.130666772524516,0.7307999804615974,24
Orange Reservoir,2018-10-16,12.608337656656923,0.006915862613823265,100595.58430989583,6.198568580486607,180.60146848360696,302.77791023254395,13.277334170726439,1.148799988324754,24
Orange Reservoir,2018-10-17,9.480831400553408,0.0055334917463672655,100407.03515625,6.808020857136399,166.13584152857462,274.1354122161865,14.954667468865713,0.0,24
Orange Reservoir,2018-10-18,6.272086079915387,0.0038367625578151396,101244.14583333333,7.798700773904506,140.29596424102783,296.4095751444499,19.54933417836825,0.0,24
Orange Reservoir,2019-09-11,23.393337504069034,0.014935987652279437,101128.57389322917,4.9011430708907096,235.20871663093567,384.7674929300944,755.7840432325999,0.0,24
Orange Reservoir,2019-09-12,24.489165242513042,0.01576007530093193,100709.11002604167,2.882900424984319,155.9193402926127,403.3329022725423,962.4213652610779,0.0,24
Orange Reservoir,2019-09-13,17.75582911173505,0.009915983420796692,101758.79850260417,6.067545079301159,238.62271881103516,347.2779083251953,3.008000080784162,0.0,24
Orange Reservoir,2019-09-14,17.593333180745464,0.010978341762286922,101552.75162760417,4.199882718572954,92.97592065731685,366.91457748413086,0.0,0.0,24
Orange Reservoir,2019-09-15,22.2079165140788,0.0129401043523103,101005.3115234375,2.997172299462093,235.79555022716522,369.87040456136066,55.36000281199813,0.0,24
Orange Reservoir,2019-09-16,20.24666620890302,0.011324866791255772,100664.7666015625,1.744025239195766,127.06325454513232,370.3124885559082,26.381334751844406,0.0,24
Orange Reservoir,2019-09-17,18.5779116312663,0.009382337622810155,100824.69694010417,3.392062774547697,236.59834206104279,321.6904067993164,1.8720000541458528,0.0,24
Orange Reservoir,2019-09-20,15.857081349690779,0.007390537590254098,101361.10221354167,3.757231399519528,230.48776149749756,292.6695785522461,0.0,0.0,24
Orange Reservoir,2019-09-21,18.871250406901066,0.009260429379840692,101208.00358072917,3.2799344389912286,227.6725970109304,317.6179084777832,0.0,0.0,24
Orange Reservoir,2019-09-22,21.03625640869143,0.011778483438926438,100985.63541666667,3.1688047186205037,219.41842873891196,345.29540761311847,34.30400147040685,0.0,24
Orange Reservoir,2019-09-23,23.74874903361005,0.01368788757827133,100196.5751953125,5.215041362686925,202.98767511049905,375.18374252319336,21.27733422877888,0.0,24
Orange Reservoir,2019-09-24,21.18125178019208,0.011141825195712348,99771.31640625,4.7512161082883,217.79250677426657,351.8133265177409,86.18667030831178,0.0,24
Orange Reservoir,2019-09-25,18.727087910970074,0.00925193342845887,100126.57454427083,3.3088514086051375,218.7265518506368,335.34082285563153,1.6666667461395264,0.0,24
Orange Reservoir,2019-09-26,20.14791641235354,0.010753929304579893,99907.50748697917,4.053151821215926,184.58796429634094,344.8916600545247,32.38666820526123,0.0,24
Orange Reservoir,2019-09-27,17.532495117187523,0.008208787611996135,100683.6943359375,3.278875165118069,216.49363680680594,303.3441619873047,0.0,0.0,24
Orange Reservoir,2019-09-28,19.28791707356773,0.01132027932908386,100849.57486979167,3.8442962163577934,185.26446783542633,349.16916275024414,351.9066794713338,0.0,24
Orange Reservoir,2019-09-29,21.79541676839195,0.012398795923218131,101094.42643229167,3.4061375499688276,207.47663474082947,359.1566569010417,389.7440168062846,0.0,24
Orange Reservoir,2019-09-30,16.511668141682964,0.00907193353244414,101468.25846354167,3.7421021646259223,107.75554649035136,354.4966583251953,0.0,0.0,24
Orange Reservoir,2019-10-01,19.780422465006534,0.011475733520152668,100855.32486979167,4.961335879897828,190.47605162858963,385.0729103088379,59.792002111673355,0.0,24
Orange Reservoir,2019-10-04,16.265828704834007,0.009171941802681735,100623.4423828125,5.1661674552626,189.38433887064457,341.16665776570636,2.200000064757963,0.0,24
Orange Reservoir,2019-10-05,9.354997253417991,0.005008687575658162,101796.85221354167,4.512099494669546,208.98980236053467,254.60207748413086,0.0,0.0,24
Orange Reservoir,2019-10-06,13.725831604003929,0.008554208538650224,101563.28352864583,5.248111246386002,73.1368780930837,345.485408782959,4.274666845798492,0.0,24
Orange Reservoir,2019-10-07,20.075413004557316,0.01247535013438513,100991.50846354167,6.742915103655036,89.42825508117676,400.3641548156738,59.91200268268585,0.0,24
Orange Reservoir,2019-10-08,16.291252390543644,0.009038562575976053,101213.302734375,5.338286269647717,117.66392246882121,366.6291567484538,9.94666701555252,0.0,24
Orange Reservoir,2019-10-09,12.747499084472679,0.007710387542222937,101334.8232421875,7.338108660012295,51.973710576693215,351.05249404907227,0.0,0.0,24
Orange Reservoir,2019-10-10,13.166249847412132,0.007051995916602512,101333.6005859375,8.052895131608212,99.79262828826904,353.4124921162923,0.0,0.0,24
Orange Reservoir,2019-10-11,13.361658986409529,0.006769458394652854,100961.82421875,7.929469519400942,99.29908672968547,352.52499771118164,0.0,0.0,24
Orange Reservoir,2019-10-12,14.41333669026695,0.008069341750039408,100503.23893229167,4.01488213518732,158.98334074020386,352.7670707702637,0.0,0.0,24
Orange Reservoir,2019-10-13,14.80250193277997,0.007498150109313428,100617.80305989583,2.859290665415436,180.95146783192953,312.5633252461751,0.0,0.0,24
Orange Reservoir,2019-10-14,15.047081247965517,0.007696166673364739,100419.390625,3.2576933368164807,181.38913615544638,320.6508280436198,0.0,0.0,24
Orange Reservoir,2019-10-15,11.744592285156273,0.005557337562398364,100850.91764322917,2.9574251415378243,183.04684058825174,274.2120780944824,0.0,0.0,24
Orange Reservoir,2019-10-16,12.68625411987307,0.007643695959510903,100088.25748697917,6.124372996425041,122.67725396156311,311.5779101053874,35.565334207067885,0.0,24
Orange Reservoir,2019-10-17,11.986674245198591,0.007198966748546809,98260.2900390625,10.932270845412363,91.24892167250316,326.88207880655926,2.290666788816452,0.0,24
Orange Reservoir,2019-10-18,10.61750183105471,0.00574714585673064,99701.21223958333,7.589869263144206,169.98325832684836,298.7670783996582,0.0,0.0,24
Orange Reservoir,2019-10-19,8.70166676839195,0.005162812575387458,100615.55924479167,3.5844996955846007,177.06167109807333,263.0658251444499,0.0,0.0,24
Orange Reservoir,2019-10-20,10.712921396891298,0.0066559542319737375,100564.02408854167,2.3785364472538193,57.536085625489555,314.7112452189128,0.0,0.0,24
Orange Reservoir,2019-10-21,13.90333201090497,0.0082070084172301,100598.30598958333,4.55025506202024,168.00296799341837,330.4995752970378,0.0,0.0,24
Orange Reservoir,2019-10-22,13.358326212565126,0.008726383462393036,100584.2802734375,4.213172105429076,81.59671133756638,339.4458300272624,0.0,3.6485998146235943,24
Orange Reservoir,2020-07-07,24.110824839274112,0.015804483516452212,100804.18294270833,4.152997283360931,311.6462203661601,385.99749120076496,876.6267070770264,0.0,24
Orange Reservoir,2020-07-08,25.434995269775413,0.01681738765910268,100564.51627604167,3.711146441905265,258.16751583417255,409.53707758585614,986.8773765563965,2.333999991416931,24
Orange Reservoir,2020-07-09,26.24041392008466,0.016819012622969847,100418.90657552083,3.004060796808448,318.1426818370819,398.0058186848958,854.0293814341227,0.007199999876320362,24
Orange Reservoir,2020-07-10,23.767915344238304,0.016731729342912633,100225.8564453125,5.074997763095097,171.99238324165344,396.63790766398114,300.3920103708903,62.67039740085602,24
Orange Reservoir,2020-07-11,24.312912241617862,0.016308895971936483,99501.99576822917,4.595560631458034,264.0352575778961,415.08874130249023,690.2213628428677,9.704399741720408,24
Orange Reservoir,2020-07-12,25.149583435058616,0.015041904368748268,99546.02604166667,4.961705168129984,316.27297496795654,384.3549944559733,383.3946855862935,2.520400047302246,24
Orange Reservoir,2020-07-13,25.200418090820335,0.014356979401782155,99772.4892578125,3.3140642383397907,303.94680857658386,390.44874318440753,522.3466911315918,1.7027999343699776,24
Orange Reservoir,2020-07-14,23.945413208007835,0.01278820443743219,100214.37760416667,3.152165322146215,315.546179374059,368.1074930826823,400.28002057472867,0.0,24
Orange Reservoir,2020-07-15,23.924172973632835,0.013360866888736686,100943.26302083333,3.093032575086624,312.850018342336,375.6399892171224,94.46133836110432,0.0,24
Orange Reservoir,2020-07-16,22.247917429606144,0.013469979322204987,101366.63020833333,4.538971556003188,279.7118860085805,370.7129071553548,11.613333716988564,0.0,24
Orange Reservoir,2020-07-17,22.314580535888695,0.014545737649314106,100972.89973958333,4.384288629489187,194.05892578760782,404.5083262125651,478.4373456835747,0.38920000195503235,24
Orange Reservoir,2020-07-18,27.007497406005882,0.016993283526971936,100675.76790364583,1.941986186753769,310.23059606552124,406.70790990193683,1483.3334197998047,0.04639999940991402,24
Orange Reservoir,2020-07-19,27.08750178019208,0.01625026692636311,100367.32096354167,4.301191086000412,314.2700575987498,386.68332544962567,783.1013679504395,0.0,24
Orange Reservoir,2020-07-20,28.61166915893557,0.01821607514284551,100005.650390625,4.509319021600266,307.8828481435776,417.9524892171224,1616.253412882487,0.0,24
Orange Reservoir,2020-07-21,27.339997863769554,0.015290491826211413,100419.03873697917,2.642486459562019,303.8829339345296,389.89124425252277,398.5680157498767,0.0,24
Orange Reservoir,2020-07-22,28.048331197102886,0.017050946053738397,100510.00911458333,2.1866200936269844,260.27226134141284,421.7195739746094,1055.3733819325764,13.060599553165957,24
Orange Reservoir,2020-07-23,27.519167836507183,0.018070362663517397,100545.6279296875,3.6699504878956795,221.59084220727286,424.5574900309245,1461.4454154968262,6.1519997753202915,24
Orange Reservoir,2020-07-24,26.629582977294945,0.016670279282455642,100695.30143229167,2.1506353093919195,222.49730149904886,415.6858253479004,961.9867032368978,10.296399587765336,24
Orange Reservoir,2020-07-25,25.963333384195987,0.01582091678089152,100755.74576822917,2.7689839692800877,302.187513033549,391.64582443237305,683.1546923319498,0.0,24
Orange Reservoir,2020-07-26,27.70541407267255,0.016905192052945495,100524.63802083333,4.888315799489819,306.30213737487793,405.7345733642578,409.18402004241943,0.0,24
Orange Reservoir,2020-07-27,27.46208470662437,0.01627412942859034,99993.00358072917,4.616893528395955,311.16026643912,385.9604098002116,371.522674759229,0.0,24
Orange Reservoir,2020-07-31,25.220000203450542,0.01537215015074859,99908.3310546875,2.4886392549339926,156.2855084836483,411.7058245340983,360.19468465447426,10.675999760627747,24
Orange Reservoir,2020-08-01,25.686252848307316,0.014507379344043633,100158.47786458333,1.6927371841965246,300.28276509046555,396.48041280110675,77.02400356034438,0.0,24
Orange Reservoir,2020-08-02,25.865415191650413,0.017280929256230593,100247.00520833333,4.524403694376568,191.19101014981666,420.37707392374676,992.2400493621826,0.4019999799784273,24
Orange Reservoir,2020-08-03,26.61707967122398,0.015319708424309889,100354.39811197917,4.563938160168627,299.94668102264404,393.59665807088214,597.4746841049442,0.0,24
Orange Reservoir,2020-08-04,24.46250178019208,0.016450550213145714,100147.54166666667,6.156177013412203,127.7666311065356,418.16790771484375,520.4826912383238,52.46159879071638,24
Orange Reservoir,2020-08-05,24.173745727539085,0.014007416709015766,100419.67220052083,3.2779164577834283,305.1487225194772,383.2204081217448,162.36800613999367,0.0,24
Orange Reservoir,2020-08-06,23.62751159667971,0.012461945919009546,100757.28287760417,2.6434386298117487,241.11884720375141,381.33832422892254,10.197333828856548,0.5595999844372272,24
Orange Reservoir,2020-08-07,21.77874908447268,0.012734404338213304,100912.31673177083,3.199953691881182,181.20696699370941,387.07040786743164,58.408001796652876,8.524399614077993,24
Orange Reservoir,2020-08-08,22.825413004557316,0.014415666732626656,100996.48470052083,2.396035071830366,203.8107182184855,399.00374094645184,608.0000357627869,6.827999711036682,24
Orange Reservoir,2020-08-09,24.38667195638023,0.01527418359182775,100865.68229166667,2.946480316450573,270.5216360092163,385.7137387593587,844.834698677063,0.0,24
Orange Reservoir,2020-08-10,26.819585418701195,0.016738212783820927,100599.40462239583,3.658475984283131,286.0118455886841,410.3970756530762,1448.0960795084636,0.0,24
Orange Reservoir,2020-08-11,27.33500442504885,0.017879954461629193,100379.26595052083,4.340818873467698,261.1849301656087,417.2424914042155,1711.3947448730469,0.05719999969005585,24
Orange Reservoir,2020-08-12,27.307914988199894,0.017886583460494876,100484.30240885417,3.1396409528801272,215.78297185897827,431.1858215332031,1635.941411336263,0.0015999999595806003,24
Orange Reservoir,2020-08-13,26.106663004557316,0.016846287646330893,100743.5732421875,1.9051476749314684,204.9095115661621,407.95499420166016,1236.4693972269695,10.811599731445312,24
Orange Reservoir,2020-09-05,20.55542144775393,0.009375604218803346,100879.8720703125,3.2747209124002317,259.5523846944173,324.65957260131836,0.0,0.0,24
Orange Reservoir,2020-09-06,20.207504526774112,0.009787854311677316,101090.2919921875,3.2113969713132953,245.45405689875284,337.86874135335285,28.922667662302654,0.0,24
Orange Reservoir,2020-09-07,21.187498982747417,0.012314233463257551,100800.5,4.017988599831665,247.5724662144979,346.3554089864095,27.765334447224934,0.0,24
Orange Reservoir,2020-09-08,22.525003051757835,0.01305206686568757,100932.25455729167,2.412111115403174,246.4503049850464,357.4483286539714,26.013334770997364,0.0,24
Orange Reservoir,2020-09-09,22.901253000895206,0.01339489605743438,101359.923828125,2.94859254656274,207.51859466234842,367.846243540446,52.54400214801232,0.0,24
Orange Reservoir,2020-09-10,22.664163208007835,0.015490954353784522,101335.43522135417,1.616159594642257,82.60008692741394,411.89123662312824,62.13066929144164,22.57759944163263,24
Orange Reservoir,2020-09-11,22.725829060872417,0.01405163349894186,101002.7021484375,3.1399705719336093,213.78588596979776,396.1183230082194,17.549334049224854,2.4615999362431467,24
Orange Reservoir,2020-10-16,15.176249440511091,0.010190166882239282,100538.560546875,3.7196994874091502,49.94462698698044,362.66499582926434,5.373333652814229,25.770998913794756,24
Orange Reservoir,2020-10-17,10.388747151692732,0.00553047926708435,101250.615234375,5.102003039633888,181.42076134681702,294.4208285013835,0.0,2.790199887676863,24
Orange Reservoir,2020-10-18,11.099577840169294,0.005211395871204634,101893.2939453125,2.874643056719592,160.7768450578054,274.6074924468994,0.7680000265439352,0.0,24
Orange Reservoir,2020-10-19,14.23333638509117,0.00901884182045857,101564.5439453125,3.5352737525400992,109.9342542886734,335.42332458496094,14.170667397479216,0.016999999526888132,24
Orange Reservoir,2020-10-20,17.430413818359398,0.011046262613187233,101254.03450520833,2.8788880689481373,108.45438067118327,370.1908238728841,26.824001004298527,0.018599999020807445,24
Orange Reservoir,2020-10-21,17.861662801106792,0.011309400123233596,101337.78678385417,3.1589251151483198,145.09938208262125,343.80541102091473,131.78667322794595,0.0,24
Orange Reservoir,2020-10-22,18.923745727539085,0.011994454311206937,101237.72786458333,2.2973103322379713,147.4901321132978,349.6208241780599,167.7466742551575,0.0,24
Orange Reservoir,2024-10-15,7.545000966389996,0.004485145793296397,100024.44596354167,5.636914303472513,130.76508355140686,279.8487491607666,9.761666725079218,0.0,24
Orange Reservoir,2024-10-16,8.44583663940432,0.004624362472289552,100426.50846354167,5.452348841366649,145.36625043551126,289.1479187011719,3.0058333377043405,0.0,24
Orange Reservoir,2024-10-17,8.921661631266298,0.004683429181265335,101176.25455729167,4.09454476871269,179.88029154141745,274.5566698710124,0.04749999940395355,0.0,24
Orange Reservoir,2024-10-18,10.386665598551454,0.004701737527890752,101673.02115885417,3.6297439253304375,176.41254226366678,265.227081934611,0.0,0.0,24
Orange Reservoir,2024-10-19,12.816247558593773,0.005393258334758381,102117.06608072917,1.5556521987349126,173.84299890200296,275.4479179382324,0.0,0.0,24
Orange Reservoir,2024-10-20,13.383337910970075,0.005923679117889454,101591.02962239583,2.840717601867244,172.90741499265036,276.4549954732259,0.0,0.0,24
Orange Reservoir,2024-10-21,15.508748626709007,0.006165141647215933,101121.07096354167,3.0621346541402197,165.8524581193924,297.8191655476888,0.0,0.0,24
Orange Reservoir,2024-10-24,16.29541931152346,0.007958349985225746,100181.24088541667,4.335377213498442,157.95362536112467,316.6437517801921,4.917083313067754,0.0,24
Orange Reservoir,2024-10-25,10.294999694824241,0.005205479101277888,100779.03841145833,3.844192586407075,163.61574935913086,264.31750106811523,0.0,0.0,24
Orange Reservoir,2024-10-26,12.433747863769554,0.005284866706157724,100729.1416015625,5.330384115513181,142.58570607503256,313.9883321126302,0.9700000087420145,0.0,24
Orange Reservoir,2024-10-27,8.464997863769554,0.0035028041359813264,101609.27864583333,3.6639380487502464,162.53650029500326,245.14541498819986,0.0,0.0,24
Orange Reservoir,2024-10-28,9.020417785644554,0.0038181375130079687,101785.57975260417,2.6738942643042733,144.78191502888998,282.49832916259766,0.0,0.0,24
Orange Reservoir,2024-10-29,12.063747660319033,0.007195691675102959,101945.095703125,4.676067167481384,111.14504146575928,323.40416590372723,21.158750255902607,0.0,24
Orange Reservoir,2024-10-30,16.3895825703939,0.009027929122870168,101566.07454427083,3.8557598116558904,146.70866711934408,340.71791585286456,1.2983333468437195,0.0,24
Packanack Lake,2015-06-03,14.804163869222029,0.009025583470550677,101151.50813802083,3.1118473043289847,317.3392227490743,333.51082611083984,0.5733333602547646,1.4027999299578369,24
Packanack Lake,2015-06-04,13.961661275227888,0.008490954273535559,101302.9169921875,3.6306908733628718,194.93609396616617,327.4691569010417,0.0,0.0,24
Packanack Lake,2015-06-05,15.28458429972333,0.00986077516184499,100899.29654947917,2.0916753890856308,115.7040907939275,381.5379066467285,1.1653333827853203,1.2975999768823385,24
Packanack Lake,2015-06-06,19.345416005452496,0.011554821045137942,100268.7880859375,2.867594446262163,256.53817915916443,380.40623474121094,283.93334770202637,6.815599907189608,24
Packanack Lake,2015-06-07,17.205415344238304,0.00890888754899303,100960.35416666667,3.0991205715219827,294.21242721875507,320.0087432861328,6.730667034784953,0.0,24
Packanack Lake,2015-06-08,18.88166961669924,0.011733400092149774,100458.85546875,5.790716863788443,273.57084878285724,358.63374455769855,191.853342572848,3.324799969792366,24
Packanack Lake,2015-06-09,22.81667226155601,0.014232250202136735,99571.45247395833,5.735227204620755,250.89705228805542,400.9129117329915,409.45868555704754,9.606799827888608,24
Packanack Lake,2016-07-07,27.154172515869163,0.01761142963853975,99830.00553385417,2.500051070461357,269.20076219240826,408.52790959676105,1263.216059366862,0.1963999946601689,24
Packanack Lake,2016-07-08,26.64249445597333,0.016938712641907234,99842.75716145833,2.1860436642020438,270.7697633107503,409.86957295735675,678.2827014923096,6.463999712374061,24
Packanack Lake,2016-07-09,23.02457453409833,0.015527437557466328,99997.83235677083,3.9980081173028807,199.8814271291097,400.69207255045575,246.7253424922625,0.501999972271733,24
Packanack Lake,2016-07-10,21.955412801106792,0.01300020438308517,100069.67415364583,2.989823202319308,249.50705432891846,391.1037419637044,89.18667201201121,13.213599413167685,24
Packanack Lake,2016-07-11,21.90541229248049,0.01182552931519846,100688.248046875,2.7934787466942197,306.7125521500905,369.55582427978516,9.192000389099121,0.0,24
Packanack Lake,2016-07-12,23.18624649047854,0.011051812636045119,100838.56803385417,3.049276961210355,323.61609331766766,347.46332295735675,0.0,0.0,24
Packanack Lake,2016-07-13,23.5720891316732,0.014037604288508495,100721.3271484375,4.057859571165364,207.17809438705444,398.25124104817706,141.5226743320624,0.17439999990165234,24
Packanack Lake,2016-09-21,23.59875132242841,0.011717741804507872,101015.6748046875,2.740000381692637,216.04759494463602,350.4733238220215,79.44800335168839,0.0,24
Packanack Lake,2016-09-22,22.70291671752932,0.008618816772165397,101021.564453125,1.7272146550587621,221.73796900113425,330.6008237202962,0.0,0.0,24
Packanack Lake,2016-09-23,21.990415191650413,0.010290954339628419,100663.93229166667,1.999523724096205,178.4228434562683,345.5574900309245,22.81600069999695,0.0,24
Packanack Lake,2016-09-24,19.16541442871096,0.010575029378136,100759.54036458333,3.2445228319636232,123.56096359093983,376.9733250935872,12.114667053023974,7.994999632239342,24
Packanack Lake,2016-09-25,14.285831705729189,0.0056604083511047065,101105.41373697917,3.6027650044051485,221.57230043411255,293.27624320983887,0.22400001188119253,0.0,24
Packanack Lake,2016-09-26,15.272922770182314,0.005922887571311246,101032.80826822917,3.405056325228491,204.26892371972403,300.2895736694336,0.0,0.1671999990940094,24
Packanack Lake,2016-09-27,19.42374954223635,0.010244779211158553,100330.91438802083,4.188593134926593,197.5668000380198,365.44665654500324,1.0040000478426616,11.047199681401253,24
Packanack Lake,2017-04-20,12.195001220703148,0.007837900038187703,100959.22493489583,2.843041790356615,155.04933977127075,361.06915918986004,1.1760000387827556,0.649399994086707,24
Packanack Lake,2017-04-21,13.42791646321617,0.008749304222874343,100370.50520833333,4.232858167389177,190.23546822865805,357.81790924072266,0.08000000566244125,11.295199537766166,24
Packanack Lake,2017-04-22,12.046252187093122,0.007880837637155006,100323.30598958333,2.9096165096789655,83.6294207572937,347.7229067484538,2.3253334537148476,3.2593999449163675,24
Packanack Lake,2017-04-23,10.506672159830751,0.005701791708512853,100713.23697916667,3.2960493958353183,298.78272406260174,280.4683272043864,2.840000162521998,0.0,24
Packanack Lake,2017-04-24,11.650415039062523,0.006445087570076187,100933.51171875,3.3600431343569404,211.57563400268555,294.0366611480713,0.0,0.1087999977171421,24
Packanack Lake,2017-04-25,11.499163564046247,0.007463158438137422,100727.521484375,7.309270527483242,98.42404667536418,360.6712417602539,1.0080000460147858,8.850799859501421,24
Packanack Lake,2017-04-26,15.306245422363304,0.010108329316911599,99813.61653645833,4.916947806405621,125.68409029642741,383.27165603637695,6.842666953802109,11.099600022425875,24
Packanack Lake,2017-05-24,15.424587504069033,0.00922619605747362,99765.55826822917,3.773431372342466,185.483508904775,347.0049883524577,0.0,0.4421999901533127,24
Packanack Lake,2017-05-25,13.874590810139997,0.009113441764687499,99514.66015625,5.873379755976312,152.08921579519907,364.4541600545247,13.253334005673727,13.888799681662931,24
Packanack Lake,2017-05-26,16.73624445597333,0.010024487545403341,99124.26399739583,4.466312040117056,243.60688507556915,364.2345771789551,27.997334321339924,18.89439995001885,24
Packanack Lake,2017-05-27,17.66874465942385,0.010048908491929373,100016.060546875,2.4723066205437756,190.58292653163275,370.6829071044922,10.346667091051737,0.0,24
Packanack Lake,2017-05-28,17.733327484130882,0.011199641895170013,100206.810546875,3.691142680020917,179.9164659579595,381.97665786743164,8.304000409940878,0.0,24
Packanack Lake,2017-05-29,14.362912750244163,0.009578375184598068,100306.71223958333,4.368910176941959,90.91200498739879,373.2312418619792,0.0,8.072799677029252,24
Packanack Lake,2017-05-30,14.118333435058616,0.009326425148174167,100937.20865885417,3.7281101824552536,148.64055065313974,347.7079035441081,0.1680000126361847,1.2561999646568438,24
Packanack Lake,2017-05-31,17.728749847412132,0.011016729287803173,100585.21223958333,3.089040927614969,274.792967359225,360.7608286539714,489.0080260237058,1.9429999440908432,24
Packanack Lake,2017-06-01,19.18833185831708,0.010147837572731078,100333.5556640625,3.7884761811629115,318.29546999931335,330.04040654500324,289.3786810239156,0.83059998229146,24
Packanack Lake,2017-06-02,18.16458663940432,0.008450050159202268,100366.28092447917,4.205285632984811,280.11389263470966,333.4641583760579,160.0800089041392,0.0,24
Packanack Lake,2017-06-03,15.243754323323591,0.006966733431909233,100481.55859375,4.349373829141629,311.9067642688751,302.47457631429035,61.29333655039469,0.0803999975323677,24
Packanack Lake,2017-06-04,15.059584554036482,0.00781651260331273,100518.47591145833,2.2000745137128987,170.42638198534647,323.9412434895833,0.41600002100070316,2.282799916458316,24
Packanack Lake,2017-06-05,19.39542414347333,0.012303412736703953,99751.4443359375,2.3624500973016924,252.43176186084747,376.96874237060547,472.9840222547452,1.1631999928504229,24
Packanack Lake,2017-06-06,15.865417734781923,0.0104363626257206,99750.388671875,3.3330438427143467,150.43688289324442,368.31082407633465,35.91466828187307,4.842799866572022,24
Packanack Lake,2017-06-07,13.291666920979841,0.007809616741724312,100358.17643229167,3.142180215910974,261.9905556042989,340.9795722961426,12.181333700815836,0.15680000185966492,24
Packanack Lake,2017-06-08,16.854587809244816,0.008528800021546582,100466.42317708333,2.9176552282625274,326.4456824461619,317.3841616312663,1.3333333730697632,0.0,24
Packanack Lake,2017-06-09,17.29416936238609,0.008990733418613672,99871.15462239583,3.0267840704536346,295.87513875961304,322.54332605997723,214.85334332784018,0.0,24
Packanack Lake,2017-06-10,20.869579569498722,0.01037482098521044,100335.654296875,4.945548060458957,295.8840542634328,344.68207931518555,178.5333410104116,0.0,24
Packanack Lake,2017-06-11,24.27875162760419,0.013646483576546112,100688.50227864583,4.946118002248,332.3289313316345,363.3874918619792,300.2453456322352,0.0,24
Packanack Lake,2017-06-12,25.694999949137394,0.015630812694629032,100519.90266927083,3.607645725021437,332.2573130130768,370.3345756530762,943.8107124964396,0.0,24
Packanack Lake,2017-07-05,23.725000000000023,0.013048587638574341,101020.47265625,3.1664003573119164,325.58280603090924,364.85082626342773,74.47733704249065,0.0,24
Packanack Lake,2017-07-06,21.802917734781925,0.012609116771879295,100971.90169270833,3.3626365878393436,223.10063497225443,372.2745704650879,3.0906667361656823,0.1420000004582107,24
Packanack Lake,2017-07-07,21.54249725341799,0.014401158589559296,100035.56380208333,2.391754585454601,195.32434471448263,402.2099914550781,93.72800493240356,47.78799764160067,24
Packanack Lake,2017-07-08,24.302501932779972,0.014705054306735596,99722.7998046875,3.5780957275524,281.66555802027386,386.0079065958659,466.653356552124,11.600799892097712,24
Packanack Lake,2017-07-09,21.090418752034527,0.010667345874632398,100355.84830729167,3.8246576398652827,330.2389334837596,334.4837417602539,22.802667299906414,0.0,24
Packanack Lake,2017-07-10,22.309996541341167,0.011609900121887526,100645.50358072917,4.126988073769296,320.0246412754059,349.72332763671875,99.63200493653615,0.41279998421669006,24
Packanack Lake,2017-07-11,25.306247965494816,0.015806320938281715,100334.1005859375,4.4578043199134445,289.32276193300885,400.7887420654297,854.1120325724283,2.2759999856352806,24
Packanack Lake,2017-07-12,26.359583791097027,0.015721637872047722,100424.7802734375,3.6956742371780744,262.32284808158875,401.70790608723956,758.3706982930502,1.8943999912589788,24
Packanack Lake,2017-07-13,26.85458145141604,0.016434366853597265,100532.88118489583,2.940336694889915,240.21917645136514,407.20624415079754,983.8293832143148,1.4647999432636425,24
Packanack Lake,2017-07-14,23.896665191650413,0.01630305436750253,100702.02897135417,2.9124512721254328,162.0244663556417,417.00249099731445,218.05334170659384,15.696199777536094,24
Packanack Lake,2017-07-15,23.554162597656273,0.014685316826216877,100410.33854166667,2.568615230619179,277.97126428286236,394.16374079386395,170.2080074151357,0.6441999924136326,24
Packanack Lake,2017-07-16,23.362081146240257,0.013067879326020678,100394.0771484375,2.288746238884227,319.6220627625783,360.5154088338216,288.83735167980194,0.0,24
Packanack Lake,2017-07-17,24.980837758382183,0.015472079122749468,100592.9814453125,3.2495345845387678,306.35797540346783,379.1208241780599,1308.013407389323,11.07519942522049,24
Packanack Lake,2017-08-04,24.434582010904972,0.01578877924475819,100652.69954427083,3.9405069923134666,229.0129691362381,405.63207626342773,1104.3067143758137,1.753399943932891,24
Packanack Lake,2017-08-05,23.274588521321636,0.014417187621196112,100224.8896484375,4.047743938775018,253.73601166407266,386.76415634155273,507.9146906534831,13.944399572908878,24
Packanack Lake,2017-08-06,19.823328908284527,0.010012862583001455,100661.12890625,4.367603164432375,255.8829275071621,331.1308288574219,7.616000493367513,0.0,24
Packanack Lake,2017-08-07,18.42999674479169,0.01121470444680502,100755.08235677083,3.018538001376987,102.08033832410972,370.00915654500324,7.514667044083278,18.092399530578405,24
Packanack Lake,2017-08-08,20.358749643961612,0.012112700186359385,100386.62141927083,2.7018730567613365,263.6118450164795,376.715825398763,68.66933659712474,0.03839999809861183,24
Packanack Lake,2017-08-09,21.81291478474937,0.010831004357896745,101016.54915364583,1.8218192895977545,304.9018430709839,338.79374440511066,16.021334188679855,0.0,24
Packanack Lake,2017-08-10,22.356247202555362,0.011665741835410396,101257.83984375,2.162386722592625,300.31964270273846,346.5208269755046,35.229335218667984,0.0,24
Packanack Lake,2017-09-21,22.90416997273765,0.013282225156823793,100574.109375,4.490536907852451,204.91325902938843,372.36957295735675,22.122667570908863,0.0,24
Packanack Lake,2017-09-22,20.380832926432316,0.010709266837996742,100715.08723958333,4.801231706397936,181.41867550214133,351.84249114990234,0.0,0.0,24
Packanack Lake,2017-09-23,22.47833404541018,0.011686954298056662,100637.904296875,4.173958254952114,216.40392669041952,379.627493540446,0.0,0.0,24
Packanack Lake,2017-09-24,23.598330434163433,0.012168941864122948,100740.39811197917,1.8537354287311603,212.85642671585083,362.2704086303711,62.528003215789795,0.0,24
Packanack Lake,2017-09-25,24.615837351481144,0.014188120878922442,100709.85481770833,1.8981469225700807,209.62459301948547,379.4154103597005,296.6560118993123,0.0,24
Packanack Lake,2017-09-26,23.162914530436222,0.014033079418974618,100679.40950520833,2.0359169340015346,205.08447003364563,372.5204111735026,78.48800392697255,0.0,24
Packanack Lake,2017-09-27,23.650837198893253,0.014571812663537761,100260.6923828125,2.768366039553353,185.54159315427145,381.80832544962567,218.8373460372289,0.0,24
Packanack Lake,2017-09-28,21.60333404541018,0.012156129271412889,99863.55338541667,5.1791960924535365,211.64229933420816,348.2612469991048,67.38400336106618,0.0,24
Packanack Lake,2017-09-29,13.529163614908876,0.00654340007652839,100600.15201822917,3.8208992404740574,183.91009163856506,303.3029149373372,0.5040000279744467,0.0,24
Packanack Lake,2017-09-30,14.67416661580406,0.007289308433731397,100862.82454427083,4.361610598221741,156.8424629767736,329.6537437438965,15.504000763098398,0.1339999958872795,24
Packanack Lake,2017-10-01,13.437501525878929,0.00675084595180427,101683.5712890625,3.1296501222568005,209.38046592473984,312.90915934244794,0.0,0.0,24
Packanack Lake,2017-10-02,14.033330535888695,0.006022866679510723,101755.08528645833,2.4501599526047526,210.4038422703743,278.7729085286458,0.0,0.0,24
Packanack Lake,2017-10-03,15.097500101725283,0.007455495942849666,102350.275390625,2.830938335662284,188.31075801452002,304.43540954589844,2.256000131368637,0.0,24
Packanack Lake,2017-10-04,15.887919362386091,0.008614525043716034,101898.90625,4.465914322209769,201.82959465309978,303.8970756530762,0.0,0.0,24
Packanack Lake,2018-06-26,18.34749628702802,0.00904839588717247,101181.841796875,3.1435228869536083,321.78255462646484,321.900826772054,0.2240000069141388,0.0,24
Packanack Lake,2018-06-27,20.071666971842472,0.012615425085338453,100769.990234375,4.9786238224271075,172.94909270604452,366.03915786743164,41.62666876117388,0.19119998812675476,24
Packanack Lake,2018-06-28,22.498747762044292,0.014746612636372447,99947.2763671875,4.4738110155739905,220.6926352183024,405.69456990559894,423.84001580874127,14.928799521178007,24
Packanack Lake,2018-06-29,25.024162546793644,0.014983929305647811,100257.58528645833,2.964948045034188,330.0772221883138,377.26874415079754,535.2506906986237,0.008799999952316284,24
Packanack Lake,2018-06-30,25.839163716634136,0.01475244186197718,100622.30143229167,3.031048716383738,330.37234775225323,370.9724934895833,403.43467624982196,0.0,24
Packanack Lake,2018-07-01,27.48333384195966,0.017048408510163426,100558.31119791667,2.8988224269140477,309.3720184961955,389.4224917093913,1646.4667358398438,0.0,24
Packanack Lake,2018-07-02,28.337088521321636,0.01795233766703556,100696.22330729167,2.5824432943508424,324.5832672913869,394.122075398763,1911.0454177856445,0.0,24
Packanack Lake,2018-07-05,27.28458429972333,0.018614291834334534,101384.66927083333,3.4773212214390554,288.1341805458069,419.25706990559894,1859.9200795491536,0.0007999999797903001,24
Packanack Lake,2018-07-06,26.306659952799503,0.017222208552993834,100707.53157552083,5.0665617021496265,222.73013472557068,420.2716585795085,1027.3040593465169,11.899599451571703,24
Packanack Lake,2018-07-07,18.983749643961612,0.009290558480036756,101383.63932291667,4.299873874108582,336.71702003479004,310.1691602071126,0.0,0.0,24
Packanack Lake,2018-07-08,20.069164530436222,0.009219075184470663,101657.66927083333,1.0660403350821572,332.6240967114766,321.99165598551434,0.0,0.0,24
Packanack Lake,2018-07-09,21.486243184407574,0.010838883463293314,101185.669921875,3.2765564705906396,329.79305696487427,334.2324968973796,0.0,0.0,24
Packanack Lake,2018-07-10,23.73375218709312,0.013047429306122163,100402.10286458333,3.448732047809153,326.13530508677167,354.7799936930339,245.29334926605225,0.0,24
Packanack Lake,2018-07-11,24.972920989990257,0.013938750140368938,100306.92415364583,3.3273439410280505,268.9635546207428,382.9479103088379,602.4053541819254,0.029600000008940697,24
Packanack Lake,2018-09-12,22.789997355143253,0.015074954212953648,101213.04557291667,2.3180135359424856,157.2047166029612,409.816655476888,229.15201044082642,3.568799919914454,24
Packanack Lake,2018-09-13,21.12833429972333,0.01403495444295307,101408.7412109375,3.4118908860850907,137.52921517690024,403.1441599527995,95.0560040473938,3.8089999267831445,24
Packanack Lake,2018-09-14,21.87542368570966,0.01457274192944169,101290.775390625,3.5751399482927866,170.81200750668845,394.0616569519043,60.30400299529234,0.44439999520545825,24
Packanack Lake,2018-09-15,21.96750411987307,0.014224441722035408,101199.91373697917,2.046001259084121,221.45409123102823,376.35165786743164,86.4426707426707,0.0,24
Packanack Lake,2018-09-16,23.00875116984052,0.01437386688000212,101164.29752604167,1.897478968332818,230.19359439611435,364.4645741780599,137.01867454250655,0.0,24
Packanack Lake,2018-09-17,22.946663157145206,0.014615612686611712,100957.18359375,3.022314368581148,190.1267165094614,374.3029085795085,114.88267248868942,3.8583998531103134,24
Packanack Lake,2018-09-18,22.405001576741558,0.015522183617576957,99991.76041666667,3.238607178832775,112.1459625562032,411.59665934244794,60.928003231684364,13.175199390389025,24
Packanack Lake,2018-10-12,17.244997914632183,0.01061423763167113,99270.5966796875,5.813710394561265,186.75763368606567,338.3404083251953,11.605333844820658,2.651999891138985,24
Packanack Lake,2018-10-13,8.637498474121116,0.005811912570303927,99986.90787760417,3.970430727469568,87.60883752504985,298.58207448323566,7.088000297546387,3.8095999360084534,24
Packanack Lake,2018-10-14,8.797078704834007,0.005498662532772869,101054.7841796875,3.2796879956184575,117.72721513112386,286.62290891011554,0.0,0.0,24
Packanack Lake,2018-10-15,12.491667683919294,0.008410250088976076,100779.28255208333,5.071861501697074,63.38379375139872,342.7054087320964,3.5333334306875863,1.241599977016449,24
Packanack Lake,2018-10-16,12.171248372395857,0.00672054587630555,100620.30403645833,6.069447568369667,179.90346598625183,298.12082862854004,12.562667071819305,1.3335999539121985,24
Packanack Lake,2018-10-17,8.997080739339216,0.00528654168980817,100425.32845052083,6.264263387323671,157.53483986854553,273.16832542419434,15.525334239006042,0.0,24
Packanack Lake,2018-10-18,5.920420583089215,0.003736329216432447,101268.3056640625,7.470029150596748,138.48579986890158,295.49582544962567,16.85066732764244,0.0,24
Packanack Lake,2019-09-11,23.401256815592472,0.01501662090110282,101139.90787760417,4.780565254506475,234.40455150604248,384.66207631429035,766.7813571691513,0.0,24
Packanack Lake,2019-09-12,24.47083180745445,0.015743725312252838,100750.5498046875,2.925626881525723,141.31933971246085,402.1466573079427,878.4373717308044,0.0,24
Packanack Lake,2019-09-13,17.388332621256534,0.009871850061851243,101809.6513671875,5.496548851493205,239.36621912320456,344.2787437438965,1.9253334403038025,0.0,24
Packanack Lake,2019-09-14,17.112499491373722,0.010801191829765836,101586.72493489583,4.0877925922523275,91.24292230606079,367.20998764038086,0.0,0.0,24
Packanack Lake,2019-09-15,21.8825024922689,0.012700987630523741,101034.91178385417,3.1790264424867196,234.63796818256378,365.8112398783366,51.20533609638611,0.0,24
Packanack Lake,2019-09-16,20.02999903361005,0.011147200129926205,100703.16666666667,1.8891525271484593,124.17425488432248,371.100824991862,26.954667796691258,0.0,24
Packanack Lake,2019-09-17,18.22790934244794,0.009056820999830961,100874.029296875,3.3498301146171694,235.94284770886102,317.9887402852376,1.3946667313575745,0.0,24
Packanack Lake,2019-09-20,15.842916107177757,0.007301670926002164,101391.55533854167,3.664770610950485,229.26534509658813,291.95499420166016,0.0,0.0,24
Packanack Lake,2019-09-21,18.969585673014347,0.009216662612743676,101240.67057291667,3.234122545645412,226.90250674883524,316.8491605122884,0.0,0.0,24
Packanack Lake,2019-09-22,21.22083943684898,0.011623066811201474,101015.5546875,3.200946393290369,218.4337578614553,344.9283256530762,37.58666926622391,0.0,24
Packanack Lake,2019-09-23,23.929584757487003,0.013683104421943426,100213.58821614583,5.081083954996554,207.73226277033487,374.804988861084,26.018668251732986,0.0,24
Packanack Lake,2019-09-24,21.068750000000023,0.010977208420323828,99801.5029296875,4.730621096212678,215.84309585889181,350.4466552734375,88.8533373773098,0.0,24
Packanack Lake,2019-09-25,18.410838063557964,0.009120783380543193,100149.72037760417,3.3122900787176754,217.76088563601175,332.7299919128418,1.6666667461395264,0.0,24
Packanack Lake,2019-09-26,20.15541865030927,0.010458062713344892,99925.29459635417,4.144218041405673,176.02771544456482,344.1883252461751,28.68266773223877,0.0,24
Packanack Lake,2019-09-27,17.299578603108746,0.008010671008378267,100721.908203125,3.2938126948091617,214.97988442579904,302.03790918986004,0.10933333883682887,0.0,24
Packanack Lake,2019-09-28,19.299998219807964,0.01115686260163784,100870.240234375,4.053659424311953,192.6989687283834,347.2974904378255,343.24801508585614,0.0,24
Packanack Lake,2019-09-29,21.739165242513042,0.012175396007175246,101142.6923828125,3.5929574641848387,207.30447053909302,356.13915761311847,354.6826876004537,0.0,24
Packanack Lake,2019-09-30,16.08666636149091,0.008600516826845706,101519.0849609375,3.543306692920798,104.64821379383405,352.846243540446,0.0,0.0,24
Packanack Lake,2019-10-01,19.65834197998049,0.011590950152215859,100871.697265625,4.805465946959666,190.1967987616857,385.2912406921387,74.22133680184682,0.0,24
Packanack Lake,2019-10-04,15.733332570393904,0.008905975031666458,100673.38932291667,5.045241524312523,186.90658997620145,338.0033251444499,2.496000051498413,0.0,24
Packanack Lake,2019-10-05,8.963328297932966,0.0047894042218104005,101842.95930989583,3.8722287893299914,207.3119691212972,252.96249516805014,0.0,0.0,24
Packanack Lake,2019-10-06,12.993747965494814,0.008222275122534484,101591.5234375,4.984676844818771,70.35321195920308,339.67457580566406,2.6853334407011666,0.0,24
Packanack Lake,2019-10-07,19.88708012898765,0.012423983542248607,101008.30924479167,6.711992652618066,80.28841996192932,400.15332412719727,49.43466872970263,0.0,24
Packanack Lake,2019-10-08,16.019164021809917,0.008731595939025283,101279.54329427083,5.045708334232368,135.55742390950522,361.06999079386395,6.312000373999278,0.0,24
Packanack Lake,2019-10-09,12.3795842488607,0.00732247089035809,101411.19596354167,6.543780348233741,58.34237829844157,343.57957712809247,0.0,0.0,24
Packanack Lake,2019-10-10,13.139578755696638,0.006936779206929107,101420.240234375,7.267230567469121,111.00496474901836,350.360408782959,0.0,0.0,24
Packanack Lake,2019-10-11,13.364157613118513,0.0065001917343276245,101033.42513020833,7.198028499095912,106.55325547854106,348.94915771484375,0.0,0.0,24
Packanack Lake,2019-10-12,14.399587249755882,0.00801992507573838,100544.8388671875,3.6346914598051723,159.45634174346924,352.5399907430013,0.0,0.0,24
Packanack Lake,2019-10-13,14.747918701171898,0.007406766798036794,100651.32356770833,2.7994102979720767,182.71930106480917,308.9024912516276,0.0,0.0,24
Packanack Lake,2019-10-14,14.581665293375673,0.0072928667650558054,100443.47037760417,3.513057121932302,181.27229897181192,311.00999450683594,0.0,0.0,24
Packanack Lake,2019-10-15,11.575007375081404,0.005345437559299171,100891.50358072917,3.0008288033584556,181.24550771713257,272.9912452697754,0.0,0.0,24
Packanack Lake,2019-10-16,12.363336181640648,0.007402095885481685,100132.92513020833,5.948145355531899,123.37642137209575,309.46874109903973,33.885335286458336,0.0,24
Packanack Lake,2019-10-17,11.845424906412783,0.007206933378862838,98251.2763671875,10.365102155116803,83.36792159080505,330.94957605997723,1.8933334176739056,0.0,24
Packanack Lake,2019-10-18,10.448335266113304,0.005695245888394614,99719.82584635417,7.531344478381121,167.44292521476746,298.2029101053874,0.0,0.0,24
Packanack Lake,2019-10-19,8.414998626709007,0.0050822625441166265,100647.02604166667,3.2910156535143185,175.2561740875244,261.4579111735026,0.0,0.0,24
Packanack Lake,2019-10-20,10.593335723876976,0.006413870937346171,100606.7451171875,2.327952205045699,60.52408668398857,312.7820790608724,0.0,0.0,24
Packanack Lake,2019-10-21,13.612495676676454,0.008097391750197858,100647.18522135417,4.035685836904895,167.01496585210165,325.54457728068036,0.0,0.0,24
Packanack Lake,2019-10-22,13.373328145345075,0.008628550082600365,100629.82682291667,4.299688082821793,77.71004513899486,338.3074900309245,0.0,6.165599770843983,24
Packanack Lake,2020-07-07,24.04790903727216,0.01594538369681686,100828.396484375,3.999704409835525,314.05238819122314,385.8654098510742,891.3040450414022,0.0,24
Packanack Lake,2020-07-08,25.314995066324894,0.016916537773795426,100582.64973958333,3.486947776242353,250.20134409268698,408.7766596476237,959.4213727315267,0.5327999889850616,24
Packanack Lake,2020-07-09,26.240829722086612,0.016882679347569745,100443.9189453125,2.930743220372205,317.654014190038,396.73207728068036,836.8080434799194,0.0,24
Packanack Lake,2020-07-10,23.856668090820335,0.016708745970390737,100278.68326822917,4.769271781689554,169.6177142461141,396.95332590738934,292.73867925008136,66.56279957480729,24
Packanack Lake,2020-07-11,23.694160715738956,0.01588492914258192,99538.47623697917,4.240519857971558,253.50326339403787,413.10082244873047,639.2266943057379,12.374399557709694,24
Packanack Lake,2020-07-12,24.90249404907229,0.014936587656848133,99556.10481770833,4.878376118567151,317.9228056669235,381.82207616170246,372.5920181274414,1.8471999168395996,24
Packanack Lake,2020-07-13,25.144170379638695,0.014292496062504748,99794.916015625,3.3732487640384505,306.2894724210103,389.62082290649414,516.6480223337809,1.8483999793825205,24
Packanack Lake,2020-07-14,23.764165496826195,0.012817854333358506,100247.7099609375,3.3207377106970792,316.4196816285451,368.9495786031087,406.5786858399709,0.0,24
Packanack Lake,2020-07-15,23.520420328776066,0.013207716789717475,100977.609375,3.0415962040233424,305.3358455499013,373.21624120076496,91.47200454771519,0.0007999999797903001,24
Packanack Lake,2020-07-16,22.310830688476585,0.013656529365107417,101383.43001302083,4.4369199082582185,273.1402237415314,375.6154085795085,11.336000641187033,0.0,24
Packanack Lake,2020-07-17,22.14083124796552,0.014592987834475935,100996.23307291667,4.080311687448084,199.13059222698212,404.8454081217448,470.03735649585724,0.15039999783039093,24
Packanack Lake,2020-07-18,26.883330281575542,0.016868616919964552,100706.701171875,1.888210255216654,314.18626379966736,397.7224884033203,1322.7360610961914,0.03359999880194664,24
Packanack Lake,2020-07-19,27.03125152587893,0.015976533642970026,100388.28092447917,4.395283509482489,313.77839199701947,383.797908782959,742.8347082138062,0.0,24
Packanack Lake,2020-07-20,28.60791422526044,0.01845172536559403,100025.72981770833,4.453452371213526,307.52184597651166,417.9120750427246,1596.2214075724285,0.0,24
Packanack Lake,2020-07-21,26.936250305175804,0.015147291899969181,100451.1982421875,2.713398526168849,307.8259331385295,385.82832590738934,352.37601774930954,0.0,24
Packanack Lake,2020-07-22,28.046665445963566,0.016804595982345443,100537.8759765625,2.0389023765675307,263.14692799250287,419.68874104817706,954.2933775583903,5.840999888256192,24
Packanack Lake,2020-07-23,27.3604192097982,0.017773096061622102,100560.61458333333,3.684507804195008,234.7776803970337,422.7862370808919,1335.1013997395833,9.332399368286133,24
Packanack Lake,2020-07-24,26.434996541341167,0.016322879392343264,100729.67447916667,2.244202436320556,244.9663025935491,409.33582305908203,827.2293663024902,1.9911998891620897,24
Packanack Lake,2020-07-25,25.881252543131534,0.01561643350093315,100784.9189453125,2.750338199844806,305.2216804822286,387.6220766703288,609.6666917800903,0.0,24
Packanack Lake,2020-07-26,27.43416493733726,0.01666099166808029,100540.21126302083,4.559288495524706,307.88955728212994,398.525826772054,328.0506788889567,0.0,24
Packanack Lake,2020-07-27,27.243338521321636,0.016146629156234365,100013.3505859375,4.564876059367544,310.7411005099614,383.9720738728841,368.2400199174881,0.0,24
Packanack Lake,2020-07-31,25.004168446858746,0.014895300070444742,99954.94498697917,2.5008331406409754,173.43567683299383,406.7629089355469,288.94134823481244,10.205199778079987,24
Packanack Lake,2020-08-01,25.522503153483097,0.01419827943512549,100191.2783203125,1.7237453929089515,300.6892629265785,391.3566602071126,71.6960033128659,0.0,24
Packanack Lake,2020-08-02,25.552916463216167,0.01704546285327524,100265.9384765625,4.3221863870562,179.44800732036433,419.70040639241535,893.0907044410706,2.2479999670758843,24
Packanack Lake,2020-08-03,26.36708221435549,0.015233641839586198,100373.59798177083,4.483811444249741,301.047849158446,390.30707422892254,560.9760208576918,0.00039999998989515007,24
Packanack Lake,2020-08-04,24.240833536783878,0.01622193364892155,100169.03483072917,5.698068496227271,127.56529651085536,417.36957422892254,466.0800248036782,57.50159879680723,24
Packanack Lake,2020-08-05,23.607493336995464,0.013682666855553785,100442.52506510417,3.317345430452661,304.20088866353035,377.9862403869629,119.57333917915821,1.7519999146461487,24
Packanack Lake,2020-08-06,23.06459197998049,0.01195487919418762,100800.24251302083,2.7302663107187315,256.00867835680646,373.42499415079754,5.632000247637431,0.07999999821186066,24
Packanack Lake,2020-08-07,21.477918243408226,0.012303471060780188,100960.82421875,3.203570067073764,172.0123003522555,385.8195737202962,44.618669018149376,7.210399757139385,24
Packanack Lake,2020-08-08,22.598744964599632,0.014268150203861296,101030.88509114583,2.424619062533534,205.80472087860107,396.81999079386395,602.0640328327814,3.64240001142025,24
Packanack Lake,2020-08-09,24.447501118977886,0.015299083470987776,100882.162109375,3.0428552339884942,270.85613473256427,384.6304066975911,815.4107125600179,0.0,24
Packanack Lake,2020-08-10,26.698748524983746,0.01660667941905558,100619.11100260417,3.4821841415173806,288.2813498179118,405.3624903361003,1303.1893946329753,0.0,24
Packanack Lake,2020-08-11,27.27583974202476,0.01784148773488899,100385.02604166667,4.232878254342589,267.4719301859538,410.5183245340983,1644.0720723470051,0.022399999434128404,24
Packanack Lake,2020-08-12,27.454582468668644,0.017885716787228983,100502.70279947917,2.873883959292685,238.54813448588052,428.1929079691569,1513.4560801188152,0.035999998392071575,24
Packanack Lake,2020-08-13,26.232081349690777,0.016616920940577984,100773.54654947917,1.9670541049396102,216.69134521484375,403.778325398763,1158.3173904418945,2.444000005722046,24
Packanack Lake,2020-09-05,20.02583974202476,0.008990287664346397,100918.72526041667,3.3762018312387236,258.6277205149333,321.15957895914715,0.0,0.0,24
Packanack Lake,2020-09-06,19.96666997273765,0.0094804543380936,101115.75846354167,3.231967568348413,237.88822094599405,339.27249399820965,27.461334427197773,0.0,24
Packanack Lake,2020-09-07,21.00166473388674,0.012066833480882147,100822.33919270833,4.144175542414884,245.33571831385294,346.34540939331055,21.14933427174886,0.0,24
Packanack Lake,2020-09-08,22.42208633422854,0.012834366837826868,100968.06770833333,2.382777108489468,245.66413354873657,356.9041582743327,18.037334094444912,0.0,24
Packanack Lake,2020-09-09,22.85500233968101,0.013061095960438251,101401.33626302083,2.7933053432420896,215.9164276123047,364.2183265686035,39.36533538500468,0.0,24
Packanack Lake,2020-09-10,22.2341616312663,0.015186337831740579,101385.5673828125,1.5895014675611667,81.3933372894923,409.26290639241535,50.84000241756439,21.93599952943623,24
Packanack Lake,2020-09-11,22.433741505940777,0.013883616775274277,101046.40885416667,2.992008089865534,207.80155205726624,392.8224919637044,14.837334016958872,1.9595999619341455,24
Packanack Lake,2020-10-16,15.129579162597679,0.010109916717434922,100580.18717447917,3.9034987076967185,48.91279419263204,362.28498967488605,4.589333524306615,18.666599564254284,24
Packanack Lake,2020-10-17,10.265828704834007,0.0054825958601819975,101286.830078125,4.582220075603954,179.47542103131613,292.926659266154,0.0,1.5513999545946717,24
Packanack Lake,2020-10-18,10.953332519531273,0.004943612536105017,101928.8134765625,3.000072987561239,160.99251023928323,273.6187451680501,0.5040000279744467,0.0,24
Packanack Lake,2020-10-19,13.872502899169945,0.008835808432195336,101592.03678385417,3.498145538056973,103.45075349013011,332.8512433369954,12.936000208059946,0.45979999005794525,24
Packanack Lake,2020-10-20,17.42041168212893,0.010991829369838039,101278.806640625,3.0289818042992156,107.53504776954651,372.47749582926434,22.14400107661883,0.25099998712539673,24
Packanack Lake,2020-10-21,18.08458226521812,0.011406700088021656,101355.62760416667,3.433377451208601,143.13321655988693,344.7679087320964,133.32800642649332,0.0,24
Packanack Lake,2020-10-22,19.244158681233746,0.012062320990177492,101270.55501302083,2.5085171436140996,143.7986324429512,350.98499298095703,152.98400787015757,0.0,24
Packanack Lake,2024-10-15,7.2850001017252835,0.004455366656960298,100058.42936197917,5.158865605155636,121.57529091835022,281.95500055948895,11.647500187158585,0.0,24
Packanack Lake,2024-10-16,8.443752543131533,0.004611870797816664,100458.44140625,5.195778279718803,140.12237405776978,294.7345835367839,3.0904167145490646,0.0,24
Packanack Lake,2024-10-17,8.678748067220075,0.004561595773945252,101223.5751953125,3.648915089314727,178.46854329109192,269.517084757487,0.0,0.0,24
Packanack Lake,2024-10-18,10.326668039957704,0.004615116689819843,101726.19889322917,3.538977632295485,174.57133237520853,264.5683339436849,0.0,0.0,24
Packanack Lake,2024-10-19,12.839170074462913,0.005201633340523888,102158.33756510417,1.554564061664432,172.31179157892862,274.3966706593831,0.0,0.0,24
Packanack Lake,2024-10-20,13.584583536783876,0.0057919541335043805,101623.37858072917,2.936815614292176,171.43471177419028,275.36583455403644,0.0,0.0,24
Packanack Lake,2024-10-21,15.896665191650413,0.00617068336578086,101156.80826822917,3.2438988051346462,160.92645690838495,302.5545819600423,0.0,0.0,24
Packanack Lake,2024-10-24,16.482495880126976,0.007904274971224368,100236.24967447917,4.549886751805334,157.83145682017008,316.33125432332355,5.001250098148982,0.00019999999494757503,24
Packanack Lake,2024-10-25,10.117912546793642,0.00508022919530049,100825.49609375,3.715885520048081,161.86862786610922,262.8491668701172,0.0,0.0,24
Packanack Lake,2024-10-26,12.43625157674156,0.005147283314727247,100764.7001953125,5.412527825808275,139.04300022125244,314.54208246866864,1.90625,0.0,24
Packanack Lake,2024-10-27,8.380002593994163,0.003382912507125487,101651.46647135417,3.6010951708726036,160.85108280181885,244.78916803995767,0.0,0.0,24
Packanack Lake,2024-10-28,9.115417734781923,0.0037055667004703232,101827.22102864583,2.568132159400052,143.74971199035645,284.3708305358887,0.0,0.0,24
Packanack Lake,2024-10-29,11.644582366943382,0.006963454148111244,101992.228515625,4.466287876704159,110.2913335164388,320.6575012207031,18.436249872048695,0.0,24
Packanack Lake,2024-10-30,16.482915496826195,0.009106237402496239,101582.95833333333,3.742562137724726,145.03858280181885,341.917911529541,1.330833335717519,0.0,24
Pompton Lake,2015-06-03,14.13207906087242,0.008770666822480658,100149.1083984375,2.9189253608232626,319.1437209447225,326.55957412719727,1.098666715125243,0.19199999421834946,24
Pompton Lake,2015-06-04,13.488749440511091,0.008319754289307943,100291.2109375,3.447563364096879,225.24026147524515,320.7324981689453,0.0,0.0,24
Pompton Lake,2015-06-05,14.825003560384138,0.009744941800211867,99894.8173828125,1.6837513948317995,121.64775584141414,377.5791600545247,0.7466666909555594,0.2687999843619764,24
Pompton Lake,2015-06-06,18.754165903727237,0.011271804299515983,99301.90852864583,3.0075680365547726,260.4313480059306,375.31457646687824,250.9440123240153,5.251200073049404,24
Pompton Lake,2015-06-07,16.36374944051109,0.008420720929279923,99957.0205078125,3.4572438710334055,289.3647632598877,314.89790598551434,2.37333345413208,0.0,24
Pompton Lake,2015-06-08,18.090002950032574,0.011447100162816545,99452.40266927083,5.781822899293498,274.0121814409892,355.11749267578125,197.26401135325432,3.4435999393463135,24
Pompton Lake,2015-06-09,22.102920786539737,0.013905750160726408,98582.38606770833,5.75414552889882,251.90988771120706,396.2891553243001,378.28001594543457,8.90079975075787,24
Pompton Lake,2016-07-07,26.6641670227051,0.017221779329702258,98873.63248697917,2.559526145544693,260.0010976791382,404.8824882507324,1246.9493967692058,0.2883999966434203,24
Pompton Lake,2016-07-08,26.083328501383487,0.01652672925653557,98899.26432291667,2.2457684651000194,267.1774312655131,406.24082438151044,608.7093626658121,5.957199683354702,24
Pompton Lake,2016-07-09,22.413327789306663,0.015344687776329616,99019.77864583333,3.949976684590935,191.5907588005066,400.03790918986004,253.48801191647848,0.830399991478771,24
Pompton Lake,2016-07-10,20.9837471008301,0.012578571060051521,99102.60807291667,3.1669925264561787,238.20072174072266,386.30124282836914,78.56000463167827,16.125199407339096,24
Pompton Lake,2016-07-11,20.95124715169273,0.01149889601704975,99713.3671875,2.8189074836418335,299.72839093208313,364.4191602071126,9.170666992664337,0.0,24
Pompton Lake,2016-07-12,22.437083180745464,0.010795079288072884,99859.1005859375,3.1781231162704118,323.3562658627828,341.17748896280926,0.0,0.0,24
Pompton Lake,2016-07-13,23.13374989827476,0.013708804346000155,99729.61946614583,4.1387738919785075,220.70025912920633,394.3945770263672,165.06134196122488,0.003999999724328518,24
Pompton Lake,2016-09-21,22.867083485921246,0.01126004169539859,100041.568359375,2.995028647522016,217.95417388280234,343.31457392374676,73.2240024159352,0.0,24
Pompton Lake,2016-09-22,22.002918497721378,0.00811525019040952,100042.65787760417,1.6866352440813046,222.92355227470398,325.3358217875163,0.0,0.0,24
Pompton Lake,2016-09-23,21.213747914632183,0.009847920892449716,99683.74544270833,2.311628083705343,171.55417545636496,343.13707605997723,23.92266805966695,0.0,24
Pompton Lake,2016-09-24,18.42541656494143,0.010083862657969197,99783.78059895833,3.142224381090719,127.77896253267924,372.1866569519043,12.034666988998652,6.443799903616309,24
Pompton Lake,2016-09-25,13.14292170206708,0.005406358376300584,100106.40006510417,3.4465247783782726,222.6743029753367,284.86874135335285,0.050666668762763344,0.0,24
Pompton Lake,2016-09-26,14.387086486816429,0.005545354215428233,100028.38020833333,3.3857116686494066,206.97859251499176,294.85790634155273,0.0,0.0,24
Pompton Lake,2016-09-27,18.876666005452496,0.009917412651702762,99325.44759114583,4.113039635805562,201.46213138103485,359.0137481689453,0.5453333655993143,4.059999775141478,24
Pompton Lake,2017-04-20,11.504165903727236,0.007610616778644423,99945.14420572917,2.8802817832760557,151.58484148979187,359.87123998006183,0.42800002296765643,2.5807998901582323,24
Pompton Lake,2017-04-21,13.061249033610048,0.008692854278100034,99364.29166666667,4.400394104504859,183.32196474075317,359.1379089355469,0.23466668029626211,13.467399589717388,24
Pompton Lake,2017-04-22,11.585832214355491,0.007654970880442609,99316.71940104167,3.0195742812029422,89.44675429662068,343.91791280110675,3.1653335243463516,0.3687999974936247,24
Pompton Lake,2017-04-23,9.974590555826845,0.005499741722208758,99687.1572265625,3.2168559465166653,303.4805555343628,276.64458147684735,2.305333435535431,0.0,24
Pompton Lake,2017-04-24,11.695831553141298,0.0063352209399454296,99914.92513020833,3.480544126884834,246.59530194600424,286.1491578420003,0.0,0.08320000022649765,24
Pompton Lake,2017-04-25,10.967914835612001,0.007367708448631068,99748.26822916667,7.015255848466346,83.37137722969055,355.56124114990234,0.4426666845877965,7.8975998647511005,24
Pompton Lake,2017-04-26,14.889577484130882,0.00993689603637904,98847.80436197917,4.957464928212407,110.39208714167277,381.5216534932454,5.997333628435929,12.85379970446229,24
Pompton Lake,2017-05-24,14.92791646321617,0.008953979316477975,98776.8388671875,3.6658431374470215,200.27534039815268,339.4195734659831,0.0,0.14899999648332596,24
Pompton Lake,2017-05-25,13.182920074462913,0.008838908455800265,98552.2607421875,5.881408165419629,144.5482145945231,360.2541618347168,10.994667172431946,15.646799597889185,24
Pompton Lake,2017-05-26,16.13166198730471,0.009857787634246051,98139.94466145833,4.599231983828372,240.73571638266245,361.29874420166016,26.26133441925049,20.802599440794438,24
Pompton Lake,2017-05-27,16.7770820617676,0.009713408498403927,99021.90006510417,2.451387232701859,184.64909176031748,364.67915471394855,9.488000303506851,0.0,24
Pompton Lake,2017-05-28,17.154995218912784,0.010929591837339103,99210.25,3.6568917699264243,182.71913397312164,378.33082071940106,8.709333707888922,0.0,24
Pompton Lake,2017-05-29,13.716249084472679,0.009381725103594363,99321.03157552083,4.145379401598393,87.29067063331604,369.1516583760579,0.0,7.091799735440873,24
Pompton Lake,2017-05-30,13.631672159830751,0.009153458483827611,99928.96809895833,3.7939609834294132,150.31021523475647,343.43040974934894,0.09066667407751083,0.6799999880022369,24
Pompton Lake,2017-05-31,16.9733342488607,0.010684245925707122,99581.48014322917,3.1813433605878445,269.27180389563244,355.62499618530273,488.78668761253357,1.926799925044179,24
Pompton Lake,2017-06-01,18.518750762939476,0.009852087668453654,99351.5556640625,4.0031456887586385,314.5333073933919,324.94415918986004,255.84001302719116,0.5183999910950661,24
Pompton Lake,2017-06-02,17.23500213623049,0.008159600101256123,99368.734375,4.415718021410999,275.8023870786031,329.5870819091797,156.7813409169515,0.0,24
Pompton Lake,2017-06-03,14.273333485921247,0.006670716761921843,99474.09407552083,4.4778756490550276,317.69026525815326,295.59665552775067,53.81333533922831,0.0,24
Pompton Lake,2017-06-04,14.00916697184247,0.007604729287171115,99521.24869791667,2.379080383975369,163.02588295936584,321.25207773844403,0.3093333492676417,2.84639985114336,24
Pompton Lake,2017-06-05,18.497089640299503,0.011862495991711816,98774.884765625,2.346919350759019,257.42159724235535,371.742493947347,460.2800164421399,1.188799993484281,24
Pompton Lake,2017-06-06,15.012918090820335,0.01021756255067885,98769.82877604167,3.301744860393344,136.71721251805624,366.3783264160156,34.89066790541013,7.921199836244341,24
Pompton Lake,2017-06-07,12.705831146240257,0.007644850139816602,99356.94986979167,3.0525078274517576,264.91155791282654,338.96874237060547,11.565333863099417,0.43119998276233673,24
Pompton Lake,2017-06-08,16.45833485921226,0.008331700131141892,99471.9169921875,2.920338736351889,329.18901618321735,314.7587420145671,1.4853334228197734,0.0,24
Pompton Lake,2017-06-09,16.813330586751324,0.00894356683905547,98873.50130208333,3.1557035212048397,291.0011399586995,325.9320780436198,213.50667762756348,0.0,24
Pompton Lake,2017-06-10,20.152497863769554,0.010162837648143372,99338.1884765625,4.953131049683193,295.042387564977,342.1666615804036,180.9146749973297,0.0,24
Pompton Lake,2017-06-11,23.640832519531273,0.013493850051114956,99694.95638020833,5.0220036226659515,333.61993312835693,359.44040934244794,295.99201822280884,0.0,24
Pompton Lake,2017-06-12,25.02833455403648,0.01542237913236022,99546.40852864583,3.6653174721651696,333.5561446348826,365.56040954589844,946.5787096818289,0.0,24
Pompton Lake,2017-07-05,23.064585622151714,0.012678137669960657,100054.15234375,3.2272781007103855,326.1888078848521,361.79041290283203,74.37600374221802,0.0,24
Pompton Lake,2017-07-06,21.18499908447268,0.012341433476346234,99986.16829427083,3.3750821993781575,238.75947197278342,367.8258310953776,2.5226667523384094,0.0,24
Pompton Lake,2017-07-07,20.769581095377628,0.013893775176256895,99087.53678385417,2.4834710245262683,188.88567443688711,398.7849922180176,95.1626706123352,63.09359676297754,24
Pompton Lake,2017-07-08,23.37333450317385,0.014243421028368175,98759.7060546875,3.66176186105306,258.3112183411916,382.18707275390625,424.49068387349445,19.464399635908194,24
Pompton Lake,2017-07-09,20.161668395996116,0.010273312722953657,99375.28873697917,3.875337779434936,330.8544303576152,328.48915608723956,16.192001342773438,0.0,24
Pompton Lake,2017-07-10,21.627915954589866,0.011191816922898093,99656.97135416667,4.266432070858261,321.2671415011088,345.5249938964844,99.46933913230896,0.25759999587899074,24
Pompton Lake,2017-07-11,24.58541641235354,0.015424371076126894,99353.4345703125,4.294322218616236,293.624432404836,398.5716603597005,828.4000396728516,3.4275999040110037,24
Pompton Lake,2017-07-12,25.54166946411135,0.015208120884684226,99465.47395833333,3.6538679879200924,250.21584502855936,395.5774892171224,674.5226917266846,5.053599750390276,24
Pompton Lake,2017-07-13,25.733753458658878,0.01584975013975054,99579.04166666667,2.7930839646639005,229.05117781956992,401.7412414550781,895.1760476430258,0.3151999985566363,24
Pompton Lake,2017-07-14,22.981252288818382,0.01572548772674054,99740.001953125,2.8339784319407855,160.28646663824716,413.47082773844403,172.71734126408896,33.31619966379367,24
Pompton Lake,2017-07-15,22.664996083577496,0.014148933386119703,99434.04557291667,2.8050912896010503,280.5937666098277,387.42957560221356,138.4773385922114,1.4699999241856858,24
Pompton Lake,2017-07-16,22.485833740234398,0.012674029334448278,99425.8896484375,2.465893588582856,319.8780596256256,354.7679049173991,304.0986779630184,0.0,24
Pompton Lake,2017-07-17,24.529168701171898,0.01509977950869749,99621.64973958333,3.203828428704749,304.99930659929913,377.0441640218099,1295.1280415852864,12.014400012791157,24
Pompton Lake,2017-08-04,23.606253560384136,0.015301329471791783,99681.44694010417,3.8369770068122637,216.60113537396924,400.9424883524577,1015.2933832804362,2.4195999586372636,24
Pompton Lake,2017-08-05,22.392508443196636,0.014025337644852698,99255.9306640625,3.923954643028759,244.10184399286905,382.73123931884766,488.18935712178546,8.78479983471334,24
Pompton Lake,2017-08-06,18.935417429606144,0.009656595919902125,99661.66276041667,4.272994985717315,263.0030956864357,326.1629104614258,6.597333679596583,0.0,24
Pompton Lake,2017-08-07,17.656250254313175,0.010727837526549896,99768.97526041667,2.961557212098071,97.91000459094842,365.2533251444499,6.4293335403005285,15.759199877269566,24
Pompton Lake,2017-08-08,19.59374643961591,0.011741450134043893,99420.302734375,2.55748661239798,269.6433439254761,371.0429102579753,71.81867009401321,0.0,24
Pompton Lake,2017-08-09,20.927915191650413,0.010400937753729522,100032.1494140625,1.951708735662766,307.7926820119222,333.3462384541829,17.288000772396725,0.0,24
Pompton Lake,2017-08-10,21.899162546793644,0.011275725089944899,100273.7060546875,2.225700772258667,302.09713808695477,344.3574867248535,45.696002860864006,0.0,24
Pompton Lake,2017-09-21,22.143337504069034,0.012920341803692281,99617.04296875,4.351862336045663,208.0250108242035,364.5491536458333,17.954667766888935,0.0,24
Pompton Lake,2017-09-22,19.568331654866558,0.01032303343527019,99741.96614583333,4.618141599961381,190.1510092417399,343.63624064127606,0.0,0.0,24
Pompton Lake,2017-09-23,21.773330942789737,0.011466504307463765,99679.3984375,3.8986159206484046,218.59450705846152,373.8020731608073,0.0,0.0,24
Pompton Lake,2017-09-24,22.971664683024112,0.01197562514183422,99771.46451822917,1.906499319873471,213.7298436164856,358.9770736694336,83.31200400988261,0.0,24
Pompton Lake,2017-09-25,24.4262519836426,0.014046887634322047,99746.81608072917,1.8512040343485436,210.69276118278503,376.32123947143555,370.42135365804035,0.0,24
Pompton Lake,2017-09-26,22.84833170572919,0.013938646026266118,99701.1953125,2.2076688143460017,205.65155482292175,372.06498591105145,121.18400593101978,0.0,24
Pompton Lake,2017-09-27,23.287085469563824,0.014272545891193053,99294.34505208333,2.365323752784573,183.04192260901132,377.74207560221356,234.74934721986452,0.0,24
Pompton Lake,2017-09-28,20.95874938964846,0.011891379312146455,98910.72688802083,5.125775596713135,212.5814667145411,343.9766616821289,82.61867141723633,0.0,24
Pompton Lake,2017-09-29,12.724998728434267,0.006293583447889735,99588.68424479167,3.5772512691408083,179.52367242177328,300.2145767211914,0.2720000197490056,0.0,24
Pompton Lake,2017-09-30,13.853327687581404,0.007018491761603703,99858.90462239583,4.380426124881518,151.97771428028742,324.6670786539714,14.453333874543508,0.18159999046474695,24
Pompton Lake,2017-10-01,12.717916107177757,0.006523779263564696,100668.21158854167,2.6938691296255874,212.33338568607965,308.7895736694336,0.0,0.0,24
Pompton Lake,2017-10-02,13.365832265218122,0.005754766752943397,100751.27213541667,2.3958152325819557,213.00500963131586,274.86207580566406,0.0,0.0,24
Pompton Lake,2017-10-03,14.425002034505232,0.007108829255836706,101341.234375,2.7401188131362404,189.33267702658972,303.3687400817871,1.792000097533067,0.0,24
Pompton Lake,2017-10-04,15.39500452677411,0.008393341753010949,100881.8125,4.455436809846447,204.0979298837483,302.1908327738444,0.0,0.0,24
Pompton Lake,2018-06-26,17.43166249593101,0.008709045864331225,100193.09375,3.0670917161675813,316.9532259305318,319.1937421162923,0.05066666752099991,0.0,24
Pompton Lake,2018-06-27,19.36833470662437,0.012155491819915673,99766.76302083333,4.8658558364753315,173.99359035491943,364.0979067484538,36.64800214022398,1.6280000060796738,24
Pompton Lake,2018-06-28,21.732082621256534,0.014374762657098472,98978.26399739583,4.271600674052041,224.5463015238444,399.83249537150067,389.8293494110306,23.01719909760868,24
Pompton Lake,2018-06-29,24.29166183471682,0.014508379274047911,99293.4521484375,3.3094100679821845,332.6320633093516,370.1137415568034,512.2666856447855,0.0,24
Pompton Lake,2018-06-30,25.107080078125023,0.01446422515437007,99657.71484375,3.168068254322955,331.40318234761554,366.7608273824056,414.1146816809972,0.0,24
Pompton Lake,2018-07-01,26.967497762044292,0.01688567514065653,99590.2578125,2.9821913182869704,308.3596822420756,386.87082544962567,1720.9547602335613,0.0,24
Pompton Lake,2018-07-02,27.954583740234398,0.017872987509084243,99735.76985677083,2.6131458249307626,324.83926669756573,391.2666651407878,1960.757423400879,0.0,24
Pompton Lake,2018-07-05,26.958753204345726,0.018426475192730624,100407.52278645833,3.3931872547205995,287.94634397824603,419.6691640218099,1843.7627461751301,0.06319999694824219,24
Pompton Lake,2018-07-06,25.789584096272808,0.016870041688283283,99728.57194010417,5.033388846992858,228.7633011341095,413.3499933878581,1000.9067189693451,4.967199832201004,24
Pompton Lake,2018-07-07,18.096664683024112,0.00891784178869178,100410.14518229167,3.8817654373836503,337.03785196940106,305.442081451416,0.0,0.0,24
Pompton Lake,2018-07-08,19.47291463216148,0.008982791817591837,100661.69694010417,0.9443574432384477,332.7529311974843,320.4316571553548,0.0,0.0,24
Pompton Lake,2018-07-09,21.034160868326847,0.010659850124890605,100184.443359375,3.360360646876705,329.86738840738934,331.9324887593587,0.0,0.0,24
Pompton Lake,2018-07-10,23.21791865030927,0.012822262671155235,99417.59537760417,3.5305265208402896,326.21963691711426,351.8583246866862,266.7760136127472,0.0,24
Pompton Lake,2018-07-11,24.23291676839195,0.013492100134802362,99357.00358072917,3.577360444438204,263.69605414072674,378.27415720621747,554.5173584620157,0.4795999750494957,24
Pompton Lake,2018-09-12,21.79541676839195,0.014401804306544363,100242.29947916667,2.2867744673491837,159.35871466000876,401.8174934387207,204.30400840441385,1.6687999859568663,24
Pompton Lake,2018-09-13,20.263752237955753,0.013535854290239513,100432.8212890625,3.106565567006632,138.3883824745814,397.5887400309245,104.05600567658742,1.1343999759410508,24
Pompton Lake,2018-09-14,21.302092488606792,0.014163425153431794,100321.86848958333,3.3841044855431632,188.28184568881989,385.3516565958659,72.61067015926044,0.8311999528086744,24
Pompton Lake,2018-09-15,21.46542129516604,0.013899591906617085,100218.36783854167,1.855384574741259,221.76684176921844,373.59415944417316,109.76000601053238,0.0,24
Pompton Lake,2018-09-16,22.67916895548505,0.014186666851552824,100182.537109375,2.0680028702135442,231.28084244330725,362.70290501912433,156.8746706446012,0.0,24
Pompton Lake,2018-09-17,22.398333485921246,0.014190046155514816,99975.47721354167,3.141267948918738,197.78530228634676,369.8241539001465,106.38400334119797,5.129599855688866,24
Pompton Lake,2018-09-18,22.00541458129885,0.015288766706362367,99017.2548828125,3.2636024975117484,114.04404536883037,408.5437355041504,56.173336108525596,14.26759959172341,24
Pompton Lake,2018-10-12,16.536248779296898,0.010172754254502555,98300.0888671875,5.888824786824391,187.28463125228882,335.0804036458333,8.037333662311235,0.9902000043075532,24
Pompton Lake,2018-10-13,7.845833079020205,0.005561079228452097,98955.12174479167,3.77385430708928,90.43217134475708,296.38041559855145,6.600000207622846,3.412799909710884,24
Pompton Lake,2018-10-14,7.9970769246419495,0.0052424292274129885,100011.34407552083,3.110000708380637,115.90421493848164,283.9074929555257,0.0,0.0,24
Pompton Lake,2018-10-15,11.424162801106794,0.007869166768311212,99755.8154296875,4.948662113640169,62.80096173286438,337.42290623982746,3.1066667338212333,0.8979999721050262,24
Pompton Lake,2018-10-16,11.294168090820335,0.006372529256623238,99588.2783203125,6.054588996935531,182.99263191223145,291.01998964945477,11.813333749771118,1.979200005531311,24
Pompton Lake,2018-10-17,7.9729171752929915,0.004916125112989296,99379.48893229167,5.93862112831649,150.93867333730063,269.8066603342692,15.821334183216095,0.0,24
Pompton Lake,2018-10-18,5.032505289713565,0.0035487958909167596,100202.78548177083,7.286257273820621,138.38546450932822,290.6424980163574,13.589334025979042,0.0,24
Pompton Lake,2019-09-11,22.744587198893253,0.01458242100973924,100135.587890625,4.656777744355242,235.9785554409027,381.2912368774414,773.0800382097563,0.0,24
Pompton Lake,2019-09-12,23.685414886474632,0.015254975102531413,99792.31022135417,3.0528681728620044,127.58075698216756,396.2024955749512,798.0480411052704,0.0,24
Pompton Lake,2019-09-13,16.510832722981792,0.009537150190832714,100820.451171875,5.167033809536787,239.62880365053812,338.45790608723956,1.405333399772644,0.0,24
Pompton Lake,2019-09-14,15.917498524983747,0.010265825180492053,100584.69856770833,4.015322309255677,87.51641941070557,362.67832438151044,0.0,0.0,24
Pompton Lake,2019-09-15,20.967919921875023,0.01210997102316469,100044.0048828125,3.349675161378412,235.5833868185679,359.0808270772298,47.845335990190506,0.0,24
Pompton Lake,2019-09-16,19.22958145141604,0.010685500184384486,99722.52669270833,2.0595629822107964,123.29650678237279,368.20665740966797,26.781334812442463,0.0,24
Pompton Lake,2019-09-17,17.372913614908878,0.008560154237784445,99888.11002604167,3.3332907136375787,237.54650973280272,312.2904116312663,1.0640000104904175,0.0,24
Pompton Lake,2019-09-20,15.228749847412132,0.006993037590291351,100370.51497395833,3.648289391632441,230.16884469985962,288.5270716349284,0.0,0.0,24
Pompton Lake,2019-09-21,18.384581502278667,0.008880329337747147,100238.34993489583,3.219607565226832,228.2111794948578,313.02207438151044,0.0,0.0,24
Pompton Lake,2019-09-22,20.715422566731792,0.011116416853231689,100028.99544270833,3.271653132736103,219.50325997670492,340.8516553243001,40.41600116093954,0.0,24
Pompton Lake,2019-09-23,23.367911275227886,0.01330622099339962,99227.45572916667,5.009202930139129,212.76242558161417,371.05499267578125,31.442667976021767,0.0,24
Pompton Lake,2019-09-24,20.38708140055341,0.010595258441753685,98825.58268229167,4.826514357896593,216.137925863266,345.84624099731445,91.16533861805995,0.0,24
Pompton Lake,2019-09-25,17.45833613077802,0.008739083462084333,99149.85416666667,3.3712741914959437,218.83838748931885,326.73958079020184,1.6666667461395264,0.0,24
Pompton Lake,2019-09-26,19.514581298828148,0.009933245833963156,98930.14811197917,4.245457025796969,167.8233822186788,339.76915740966797,24.077334483464558,0.0,24
Pompton Lake,2019-09-27,16.544994608561222,0.007669787504710257,99723.24088541667,3.3317939065746978,215.5284720659256,298.5104103088379,0.1306666706999143,0.0,24
Pompton Lake,2019-09-28,18.630415852864605,0.010635046016735336,99872.66731770833,4.247603128720362,199.26588336626688,342.064993540446,333.8186902999878,0.0,24
Pompton Lake,2019-09-29,21.06458180745445,0.011650429262469212,100171.439453125,3.7455368069010357,208.4893002907435,350.3620745340983,320.81334827343625,0.0,24
Pompton Lake,2019-09-30,15.118747965494814,0.007957350094026575,100527.77864583333,3.4423976407649657,104.53946395715077,346.67332712809247,0.0,0.0,24
Pompton Lake,2019-10-01,18.93417129516604,0.011317000025883317,99864.8173828125,4.707660335802642,191.07154927651086,382.1154098510742,90.38933642705281,0.0,24
Pompton Lake,2019-10-04,14.696248626709007,0.00841590849449858,99685.28190104167,4.925498046738672,187.73405181181928,332.1812438964844,2.496000051498413,0.0,24
Pompton Lake,2019-10-05,8.083328501383486,0.004497087579996635,100808.21321614583,3.3546724695331567,209.81446806589761,249.27624003092447,0.0,0.0,24
Pompton Lake,2019-10-06,11.626668548584007,0.007622591743711382,100573.470703125,4.778992347741525,68.33271201451619,330.98624483744305,1.2453333685795467,0.0,24
Pompton Lake,2019-10-07,19.101248677571636,0.012005883501842618,100008.76236979167,6.713702855066533,72.4059206644694,395.91624450683594,38.5946681201458,0.0,24
Pompton Lake,2019-10-08,15.259999847412132,0.008306095958687365,100300.44889322917,4.81208575469299,153.5394237836202,352.47498830159503,3.6186668823162713,0.0,24
Pompton Lake,2019-10-09,11.452083841959658,0.0068419875848727925,100426.66341145833,5.867018506581395,64.53371198972066,332.92874908447266,0.0,0.0,24
Pompton Lake,2019-10-10,12.504581705729189,0.006722979266972591,100451.70703125,6.564815538018153,124.66713110605876,343.6991589864095,0.0,0.0,24
Pompton Lake,2019-10-11,12.714575703938825,0.00620199169497937,100059.23763020833,6.491208325133762,116.02408822377522,341.76956939697266,0.0,0.0,24
Pompton Lake,2019-10-12,13.814169820149763,0.007770491822157055,99549.42610677083,3.2601701789628095,161.54701081911722,349.15082422892254,0.0,0.0,24
Pompton Lake,2019-10-13,14.2424992879232,0.0071715834201313555,99639.37630208333,2.7475730270541927,186.42030111948648,304.75707626342773,0.0,0.0,24
Pompton Lake,2019-10-14,13.609167989095075,0.006740850124818583,99422.32389322917,3.7527867187895185,184.30746714274088,298.00415929158527,0.0,0.0,24
Pompton Lake,2019-10-15,10.885842895507835,0.0050608542320939405,99873.05013020833,3.039099248117788,183.35601131121317,269.38707733154297,0.0,0.0,24
Pompton Lake,2019-10-16,11.342090861002626,0.006923329298539708,99138.28483072917,5.837228688892661,126.16342186927795,303.66665776570636,32.325334548950195,0.0,24
Pompton Lake,2019-10-17,11.220424906412783,0.007070100070753445,97202.95638020833,10.074906592105023,78.1492525736491,332.5633265177409,1.0666667148470879,0.0,24
Pompton Lake,2019-10-18,9.728337860107445,0.0054995291866362095,98684.99967447917,7.605633991014316,167.40492391586304,296.0512390136719,0.0,0.0,24
Pompton Lake,2019-10-19,7.686247762044293,0.0048891625289494796,99608.787109375,3.08944442526534,176.93650603294373,257.72666295369464,0.0,0.0,24
Pompton Lake,2019-10-20,9.878753916422548,0.006041854231928785,99593.14420572917,2.2999224037006623,65.54541985193889,306.6699962615967,0.0,0.0,24
Pompton Lake,2019-10-21,12.745000457763695,0.007750325098944207,99650.4921875,3.62063886811271,169.07229510943094,317.6029103597005,0.0,0.0,24
Pompton Lake,2019-10-22,12.740828450520857,0.008266750141046941,99637.72037760417,4.431643425926703,78.88904565572739,333.160831451416,0.0,5.852599744554027,24
Pompton Lake,2020-07-07,23.41666437784833,0.015647916744152706,99852.52994791667,3.906809829091167,314.14172371228534,383.5958188374837,908.1920439402262,0.0,24
Pompton Lake,2020-07-08,24.54499715169273,0.01659840422992905,99607.8759765625,3.3367866433104663,238.73067673047385,405.2437388102214,936.1307067871094,1.9775999946868978,24
Pompton Lake,2020-07-09,25.665413157145206,0.016604395971323054,99479.38509114583,2.930738811253128,317.980680624644,392.66207758585614,831.418698310852,0.0,24
Pompton Lake,2020-07-10,23.383752441406273,0.016377629440588255,99331.962890625,4.588864420093822,164.3772140343984,394.0179074605306,292.96800994873047,65.77239859104156,24
Pompton Lake,2020-07-11,22.619994099934917,0.015120712652181586,98587.7822265625,4.133148770915171,247.10509777069092,407.4745686848958,588.6346954107285,14.638799451291561,24
Pompton Lake,2020-07-12,24.180833435058616,0.01453873775123308,98572.6123046875,4.92957169458067,319.93214579423267,376.48165766398114,363.2506841023763,0.45360000245273113,24
Pompton Lake,2020-07-13,24.545421854654972,0.013889229313159982,98824.46223958333,3.4965924391700636,308.15697288513184,385.684575398763,514.925355275472,1.6879999712109566,24
Pompton Lake,2020-07-14,23.079998270670597,0.012540120941897234,99276.591796875,3.460760165294289,318.05634450912476,367.4812431335449,410.3600200017293,0.0,24
Pompton Lake,2020-07-15,22.62833429972333,0.012729783464844028,100001.74283854167,2.962220631886477,293.73935039838153,369.0470720926921,88.40533758575718,0.01759999990463257,24
Pompton Lake,2020-07-16,21.8208315531413,0.013517879337693254,100390.76334635417,4.383998001267668,268.0122194290161,377.4866536458333,11.653333911051353,0.0,24
Pompton Lake,2020-07-17,21.26833241780601,0.014180887723341584,100014.95149739583,3.8510969157140953,196.95192420482635,400.2558199564616,456.25603103637695,0.007999999448657036,24
Pompton Lake,2020-07-18,26.115410105387394,0.016335516896409292,99746.59537760417,2.018779389792663,317.31343054771423,386.3612416585286,1169.6107228597004,0.47759999468689784,24
Pompton Lake,2020-07-19,26.354999796549503,0.015337566728703678,99417.98795572917,4.553852364804056,313.8715560436249,377.90665435791016,708.3626956939697,0.0,24
Pompton Lake,2020-07-20,27.92208124796552,0.01815460870663325,99069.54361979167,4.513039928292071,307.41001494725543,413.96624247233075,1568.6960779825847,0.0,24
Pompton Lake,2020-07-21,26.018749491373722,0.014685941821274659,99487.25130208333,2.797801951718624,311.23909910519916,378.99040603637695,308.12534462412196,0.0,24
Pompton Lake,2020-07-22,27.321248626709007,0.016180129450124998,99581.369140625,2.0314558930001425,263.94293200969696,412.9874852498372,856.1440378824869,4.151199824991636,24
Pompton Lake,2020-07-23,26.61833470662437,0.017154212614210945,99580.53450520833,3.767013066163321,237.89867838223776,418.8174934387207,1213.6640523274739,5.244799822568893,24
Pompton Lake,2020-07-24,25.693746185302757,0.015705845900811255,99769.46126302083,2.338931866683106,268.11380887031555,397.2224947611491,715.1227003733317,1.3518000056501478,24
Pompton Lake,2020-07-25,25.20666910807294,0.015103466886406144,99814.94498697917,2.7998230113020024,307.8298463821411,380.20957310994464,544.7040214538574,0.0,24
Pompton Lake,2020-07-26,26.519167836507183,0.016023891783940297,99562.23828125,4.402316640067671,309.38147298494977,388.38707605997723,254.43467823664346,0.0,24
Pompton Lake,2020-07-27,26.37000172932945,0.01569189604682227,99043.13704427083,4.576484236212258,310.7469295660655,378.4691581726074,367.67735028266907,0.0,24
Pompton Lake,2020-07-31,24.2695874532064,0.014222533480885128,99009.45182291667,2.47746102114452,201.96200823783875,397.6970799763997,230.72267630696297,18.584399642422795,24
Pompton Lake,2020-08-01,24.762085215250675,0.013690345920622349,99232.71907552083,1.7483044020652316,304.0559324622154,384.1066589355469,68.17600462709864,0.0,24
Pompton Lake,2020-08-02,24.613332366943382,0.01637206277033935,99296.65755208333,4.193189439678418,174.56634233395258,413.6566530863444,796.2320338090261,7.111999812535942,24
Pompton Lake,2020-08-03,25.549995676676456,0.014973291972031197,99395.43782552083,4.462463508500858,305.7785145492914,384.0724906921387,528.5413453827301,0.024799998849630356,24
Pompton Lake,2020-08-04,23.51416931152346,0.01569544985735168,99204.71451822917,5.3570337068748834,127.02963085969289,412.7337417602539,421.0880209406217,68.8867978444323,24
Pompton Lake,2020-08-05,22.42041168212893,0.013009216908055047,99460.33821614583,3.514256187719256,307.5982193648815,367.8445765177409,82.46400366102655,6.737999677658081,24
Pompton Lake,2020-08-06,22.018345133463566,0.011286529285522798,99826.88346354167,2.8443970358719537,274.7931823035081,362.9012451171875,2.9866668383280435,0.0,24
Pompton Lake,2020-08-07,20.654585774739605,0.011597771081142128,99989.2763671875,3.280504431303731,168.02396712700525,379.9079106648763,32.69066853324572,2.888799875974655,24
Pompton Lake,2020-08-08,21.80082982381187,0.013713100226595998,100053.232421875,2.4865692485468647,209.5562187830607,389.05791091918945,599.024032274882,1.8439999520778656,24
Pompton Lake,2020-08-09,23.86916885375979,0.014889983654332658,99895.41569010417,3.1683570908145384,275.27563699086505,379.4579035441081,783.832044283549,0.0,24
Pompton Lake,2020-08-10,25.964997863769554,0.016091346081035834,99643.990234375,3.456963625041434,292.4801788330078,397.24832407633465,1163.9947255452473,0.0,24
Pompton Lake,2020-08-11,26.6137519836426,0.017356137667472165,99408.359375,4.219036281330804,272.5967617034912,402.7795753479004,1572.5894114176433,0.296399999409914,24
Pompton Lake,2020-08-12,26.966668701171898,0.01747810033460458,99538.67545572917,2.785714406596245,256.28330421447754,423.0724868774414,1396.6534016927083,0.25280000403290614,24
Pompton Lake,2020-08-13,25.81458180745445,0.01598445442505181,99810.93294270833,2.0945409267705766,236.451509475708,395.9149856567383,1073.976052602132,0.0,24
Pompton Lake,2020-09-05,19.018334960937523,0.008512587693985552,99931.89973958333,3.5228748840485653,260.2710499763489,315.28541310628253,0.0,0.0,24
Pompton Lake,2020-09-06,19.087505594889347,0.009025004304324588,100115.91829427083,3.2704425405229514,232.00605408350626,338.007074991862,25.70666758219401,0.0,24
Pompton Lake,2020-09-07,20.215835825602237,0.0115674501673008,99829.43359375,4.278963224811733,245.62713479995728,343.49207433064777,15.672000894943872,0.0,24
Pompton Lake,2020-09-08,21.63375116984052,0.012380983486461142,99992.6005859375,2.510471554384752,247.2328044573466,353.1566556294759,11.693333757420382,0.0,24
Pompton Lake,2020-09-09,22.115003204345726,0.012518296057047943,100429.41764322917,2.6560639634768424,223.8906772931417,357.25790278116864,29.626667817433674,0.0,24
Pompton Lake,2020-09-10,21.20958226521812,0.014445037736246983,100415.4873046875,1.69509557451397,85.04533751805623,401.4249954223633,41.9946684439977,24.57039941288531,24
Pompton Lake,2020-09-11,21.525000508626324,0.013343800169726213,100076.88932291667,2.917861052308371,201.93163347244263,385.07415771484375,12.048000435034433,1.30919998139143,24
Pompton Lake,2020-10-16,14.45874684651695,0.009737916756421328,99586.05403645833,3.982173251669588,48.694460332393646,358.76415634155273,4.098666826883952,14.691399660194293,24
Pompton Lake,2020-10-17,9.655826822916689,0.005341062574492146,100255.736328125,4.096882016048082,181.12625932693481,288.7154089609782,0.0,1.0486999610438943,24
Pompton Lake,2020-10-18,10.219163513183616,0.004595845889222498,100898.30696614583,3.203491267581684,163.0376760562261,270.13249015808105,0.2720000197490056,0.0,24
Pompton Lake,2020-10-19,12.805835978190126,0.008328408449112127,100569.77018229167,3.482737042715888,98.46392182509105,327.2624880472819,11.952000622948011,3.259200096130371,24
Pompton Lake,2020-10-20,16.65249404907229,0.010594296036288142,100267.3935546875,3.112818256065839,103.80237984657288,370.2520701090495,17.568000967303913,0.0,24
Pompton Lake,2020-10-21,17.504165903727237,0.01107745012268424,100347.06770833333,3.708558357548901,144.9023804863294,341.4804153442383,134.32267220815024,0.0843999981880188,24
Pompton Lake,2020-10-22,18.782075500488304,0.011667704248490432,100278.10188802083,2.6986557156477686,144.49779806534448,347.9737434387207,135.3813394891719,0.0,24
Pompton Lake,2024-10-15,6.555000559488955,0.004309087487248083,99024.94596354167,4.840276719903215,116.51899989446004,281.2062530517578,13.119166692097982,0.0,24
Pompton Lake,2024-10-16,7.759168243408226,0.004454824976467838,99417.07486979167,5.060429845080589,137.63275106747946,294.4841664632161,2.6308333476384482,0.0,24
Pompton Lake,2024-10-17,8.01791661580406,0.004355904170855259,100199.474609375,3.271305227508949,180.42087650299072,264.42041460673016,0.0,0.0,24
Pompton Lake,2024-10-18,9.654583231608095,0.004445362506279101,100701.73697916667,3.423535410768329,176.2412470181783,261.11999956766766,0.0,0.0,24
Pompton Lake,2024-10-19,12.151664988199892,0.004949604141681145,101134.70768229167,1.5488014347328587,174.17604263623556,270.4079189300537,0.0,0.0,24
Pompton Lake,2024-10-20,13.026250457763695,0.005593004229012877,100598.06217447917,3.0893915912077645,173.2820850610733,271.29416783650714,0.0,0.0,24
Pompton Lake,2024-10-21,15.399583435058616,0.006079662435998519,100143.537109375,3.4329423102639516,157.07550217707953,303.62999725341797,0.0,0.0,24
Pompton Lake,2024-10-24,15.972503916422548,0.007693408289924264,99255.87532552083,4.650422164872394,160.32645734151205,312.87583414713544,5.001249988873799,0.006300000008195639,24
Pompton Lake,2024-10-25,9.398332214355491,0.004869270836934447,99808.9033203125,3.52208536742909,163.22541618347168,259.2183310190837,0.0,0.0,24
Pompton Lake,2024-10-26,11.7041692097982,0.004889333349031706,99741.1708984375,5.4706205230808935,139.86104265848795,309.8737487792969,2.8550000488758087,0.0,24
Pompton Lake,2024-10-27,7.675417836507184,0.0032158916777310274,100606.5458984375,3.563558712887954,162.32645670572916,242.0916665395101,0.0,0.0,24
Pompton Lake,2024-10-28,8.521250661214216,0.003561583328216026,100793.0078125,2.5208223549155657,145.374249458313,282.7720832824707,0.0,0.0,24
Pompton Lake,2024-10-29,10.563333129882835,0.006553816706097375,100972.58365885417,4.309032397575232,107.52916812896729,316.8929163614909,16.353750209013622,0.0,24
Pompton Lake,2024-10-30,15.904169972737654,0.00896937504876405,100557.86686197917,3.6482370262994266,146.05175018310547,339.3254216512044,1.48416664203008,0.0,24
Round Valley Reservoir,2015-06-03,14.539579010009788,0.009168700121032694,100244.78776041667,3.060960290672995,253.8940534989039,347.7058270772298,0.0,2.7239999159937724,24
Round Valley Reservoir,2015-06-04,13.225830332438173,0.008516320978136113,100393.876953125,3.459078310165961,125.25675590833028,335.7179120381673,0.0,0.0,24
Round Valley Reservoir,2015-06-05,14.185414886474632,0.00946359169514229,100015.3505859375,2.021372144521672,123.34625492493312,375.187494913737,0.7120000322659811,3.740599900484085,24
Round Valley Reservoir,2015-06-06,19.043748474121116,0.01159852098984023,99406.28190104167,2.7308256726355062,260.5851800441742,375.47707239786786,450.91201798121136,2.5863999016582966,24
Round Valley Reservoir,2015-06-07,17.29000116984052,0.009642904275096953,100063.0205078125,2.9595353895507155,267.08542998631793,327.46249262491864,25.834667661537726,0.0,24
Round Valley Reservoir,2015-06-08,18.795836385091167,0.01184216677211225,99578.82877604167,5.567160576087665,287.98368310928345,356.7337392171224,294.14668226242065,0.23919999599456787,24
Round Valley Reservoir,2015-06-09,22.734587605794292,0.014310666786817213,98740.7587890625,5.742880502190663,263.0967216094335,398.49916076660156,522.7280267079672,18.07079938799143,24
Round Valley Reservoir,2016-07-07,26.815000152587913,0.017312162672169507,99002.8857421875,2.512507115489465,253.68709444999695,406.4220733642578,1285.9947331746419,0.0,24
Round Valley Reservoir,2016-07-08,26.812078094482445,0.016625096128943067,99007.50423177083,2.164741287180575,269.2524294058482,407.60915501912433,773.3707021077474,15.928799659013748,24
Round Valley Reservoir,2016-07-09,23.24915974934898,0.016012804311079282,99118.28515625,3.7250123138311686,175.65059312184653,405.4291623433431,454.2640227476756,0.8015999803319573,24
Round Valley Reservoir,2016-07-10,22.056666310628277,0.013021304388530552,99226.421875,3.124556730642018,273.6688849925995,385.92916107177734,147.82134024302164,4.917999911529478,24
Round Valley Reservoir,2016-07-11,21.557495371500675,0.011515295947901905,99858.06022135417,2.6897004031981493,325.84606250127155,356.03707758585614,8.485333561897278,0.0,24
Round Valley Reservoir,2016-07-12,22.31333440144859,0.011100562560992936,99980.673828125,3.0590500141272297,323.11843395233154,346.75249735514325,1.5413334270318348,0.0,24
Round Valley Reservoir,2016-07-13,23.223335520426456,0.01434770436026156,99847.96712239583,3.687849190203505,203.77059070269266,406.18957773844403,189.74400933583578,6.269199848175049,24
Round Valley Reservoir,2016-09-21,23.283327992757183,0.011567758473878106,100153.22135416667,2.720735620075713,215.20617278416952,349.60582733154297,83.01067073643208,0.0,24
Round Valley Reservoir,2016-09-22,21.9141670227051,0.008552150063527128,100139.11002604167,1.9283893646121506,221.76896794637045,328.8404083251953,0.0,0.0,24
Round Valley Reservoir,2016-09-23,21.32541681925458,0.009930037699329356,99811.10514322917,2.0451763660095703,192.25876053174338,340.6112416585286,24.4080007870992,0.0,24
Round Valley Reservoir,2016-09-24,19.20624694824221,0.01051566272508353,99865.51432291667,2.814867969511185,123.15696597099304,374.514155069987,10.12000036239624,0.00319999989005737,24
Round Valley Reservoir,2016-09-25,14.119582112630232,0.005528408316119264,100238.4541015625,3.103308179347566,221.7483028570811,293.45165697733563,0.4853333632151286,0.10639999806880951,24
Round Valley Reservoir,2016-09-26,14.995420074462913,0.00565992088134711,100129.5546875,3.125396462516143,187.1730891863505,305.117488861084,0.0,0.0,24
Round Valley Reservoir,2016-09-27,19.23541412353518,0.010051745921373367,99466.94140625,3.8016462059515614,197.7980475028356,360.9824981689453,1.965333382288615,5.455999792990042,24
Round Valley Reservoir,2017-04-20,12.342918650309267,0.008017866814043373,100039.9716796875,2.5630033610090126,174.85651016235352,354.25998942057294,0.7240000314389666,0.13740000198595226,24
Round Valley Reservoir,2017-04-21,13.64916890462242,0.008923154246682921,99453.5185546875,4.020924009378031,209.29396772384644,354.879155476888,7.158667001873255,6.318399791605771,24
Round Valley Reservoir,2017-04-22,11.763333892822288,0.007920404255855829,99424.72005208333,2.7969579647131844,74.97575378417969,347.5849914550781,2.6613334268331528,1.0139999701059423,24
Round Valley Reservoir,2017-04-23,9.738343811035179,0.0056337084000309305,99850.51790364583,2.9891234910006044,294.3897171020508,276.4866587320964,2.870666801929474,0.0,24
Round Valley Reservoir,2017-04-24,10.606249745686872,0.00632565423923855,100021.85774739583,3.2342650428606396,177.0563014348348,297.6670742034912,0.0,0.286799986846745,24
Round Valley Reservoir,2017-04-25,11.000414784749372,0.007484575035050511,99714.05533854167,7.454859324013479,86.34537808100383,361.0779113769531,3.1093334754308066,6.559799819602631,24
Round Valley Reservoir,2017-04-26,15.05957946777346,0.010132245991068581,98878.17740885417,4.786650924257171,125.73342235883077,381.2720718383789,14.996000627676645,4.017599884420633,24
Round Valley Reservoir,2017-05-24,15.08958460489911,0.009433845950601002,98861.90592447917,3.6310543570826503,188.7351734638214,350.73248926798504,5.232000112533569,1.7211999613791704,24
Round Valley Reservoir,2017-05-25,13.722085571289085,0.009309158427640796,98546.36783854167,5.890571546995726,175.74855049451193,363.03166580200195,15.485334207614263,19.330599151551723,24
Round Valley Reservoir,2017-05-26,16.440415954589866,0.00999962092222025,98311.41080729167,4.645441502077677,244.53755295276642,357.90416463216144,23.253334457675617,18.61779994284734,24
Round Valley Reservoir,2017-05-27,17.48124974568687,0.01016585847052435,99143.4736328125,2.6653788927775754,222.25326053301492,368.285405476888,21.0826678276062,0.0,24
Round Valley Reservoir,2017-05-28,18.011660512288433,0.01163385851153483,99303.904296875,3.4734923385060923,184.17979987462363,381.56415939331055,24.869334657986958,0.0,24
Round Valley Reservoir,2017-05-29,14.746664937337263,0.010004225148198506,99385.24479166667,4.112981751672922,125.66500504811604,373.4649887084961,1.0720000565052032,7.752599801402539,24
Round Valley Reservoir,2017-05-30,14.261252339681013,0.00954379184016337,100024.19596354167,3.746403209525882,173.9737173716227,345.6337420145671,2.197333473712206,0.9431999530643225,24
Round Valley Reservoir,2017-05-31,17.772083536783878,0.010989412665367126,99703.98600260417,2.7536650221247054,275.33797260125476,359.2204106648763,563.464022954305,0.8629999872937333,24
Round Valley Reservoir,2017-06-01,18.758334096272808,0.009955670995016893,99479.60872395833,3.9151201033367093,327.5378092130025,323.9887415568034,257.6106774012248,0.03939999919384718,24
Round Valley Reservoir,2017-06-02,17.689167277018253,0.00841670009928445,99523.80143229167,4.267339807366278,285.5508913199107,329.30041249593097,139.6800080537796,0.0,24
Round Valley Reservoir,2017-06-03,14.965833282470726,0.007054633363926162,99620.14713541667,4.191680040988462,294.1805965105693,304.20624287923175,65.39467147986095,2.996000012382865,24
Round Valley Reservoir,2017-06-04,15.4612492879232,0.008007262639390925,99632.07584635417,2.0230239284767313,172.68704660733542,322.20291264851886,3.1680001467466354,1.034399985568598,24
Round Valley Reservoir,2017-06-05,19.785424804687523,0.01263109598464022,98872.96549479167,2.0327209169869804,228.33675996462503,379.2824897766113,542.1146938403448,5.565599922090769,24
Round Valley Reservoir,2017-06-06,16.591247812906925,0.010745612671598792,98850.49609375,2.7988236586687005,216.83705385526022,362.5016606648763,62.09333634376526,12.880799613893032,24
Round Valley Reservoir,2017-06-07,13.011248524983747,0.007981900086936852,99473.1904296875,2.9170326376713756,238.41488579909006,341.30790583292645,13.730667432149252,0.14159999787807465,24
Round Valley Reservoir,2017-06-08,16.44375381469729,0.008742800098843873,99580.7431640625,2.905987088689956,325.45701599121094,320.7499936421712,3.746666803956032,0.0,24
Round Valley Reservoir,2017-06-09,16.721668497721378,0.008825433362896243,99037.20768229167,3.0828842157026233,322.70814299583435,312.27624130249023,219.6080109278361,0.0,24
Round Valley Reservoir,2017-06-10,20.040410614013695,0.010341354296542704,99517.81477864583,4.757228715236493,283.57722067832947,343.43957265218097,181.3520093758901,0.0,24
Round Valley Reservoir,2017-06-11,23.655834452311222,0.01353623349374781,99864.955078125,4.697303199159259,329.55359983444214,361.33248647054035,307.2693495353063,0.012199999764561653,24
Round Valley Reservoir,2017-06-12,25.212503051757835,0.015598396110969285,99742.35514322917,3.4926568096221495,328.94813950856525,369.57374064127606,1021.9973950730637,0.0,24
Round Valley Reservoir,2017-07-05,23.58583221435549,0.013330004333208004,100112.79329427083,2.962394832886737,326.32430187861127,365.1833267211914,148.59467407874763,0.0,24
Round Valley Reservoir,2017-07-06,21.396250661214214,0.012944250173556307,100065.74186197917,3.197818978302075,184.5269692738851,379.97915903727215,19.23466759423415,2.2799998982227407,24
Round Valley Reservoir,2017-07-07,20.729165649414085,0.014061275171115994,99192.28385416667,2.207391093638446,172.25417439142862,400.92290623982746,108.03467277685802,48.18879858352011,24
Round Valley Reservoir,2017-07-08,23.831253306070987,0.01448383768244336,98898.18619791667,3.73190989156476,294.30388498306274,380.6187451680501,518.6266895929972,0.9703999813646078,24
Round Valley Reservoir,2017-07-09,20.536672210693382,0.010603829364602765,99523.71419270833,3.5808961005200497,332.8535991509755,333.2249870300293,28.6160015159597,0.0,24
Round Valley Reservoir,2017-07-10,21.89249445597333,0.011563633452169597,99798.41243489583,3.834732616460155,320.4329739411672,350.43332799275714,146.93867452939352,2.5696000051684678,24
Round Valley Reservoir,2017-07-11,24.698335266113304,0.01537628755128632,99495.43391927083,4.140259676205299,286.6702632904053,394.0849889119466,820.5627110799154,0.837999964132905,24
Round Valley Reservoir,2017-07-12,25.93666865030927,0.015554570980990926,99608.05989583333,4.0275265884243,289.70168526967365,396.89623896280926,772.4053700764974,0.0,24
Round Valley Reservoir,2017-07-13,26.872500356038433,0.016432450075323384,99683.52083333333,3.11889802551439,251.6496755282084,404.23499552408856,1105.0400517781575,12.147199675440788,24
Round Valley Reservoir,2017-07-14,23.81833419799807,0.016048421035520732,99815.708984375,2.7518810775991778,173.13813408215842,411.0737419128418,300.58134905497235,13.961599700152874,24
Round Valley Reservoir,2017-07-15,23.336245473225933,0.014606200236206254,99556.2587890625,2.540050470345001,280.9665953318278,392.39540608723956,208.52000872294107,0.8687999945832416,24
Round Valley Reservoir,2017-07-16,22.9520825703939,0.012935729309295615,99564.078125,2.1350719279338843,322.8178885777791,356.84707260131836,283.749347448349,0.0,24
Round Valley Reservoir,2017-07-17,24.337505594889347,0.015153045998886228,99720.55598958333,2.8940976933190665,282.5218077500661,380.3383280436198,1359.5733973185222,3.3887999691069126,24
Round Valley Reservoir,2017-08-04,24.000419871012394,0.01572317936612914,99754.2734375,3.6874412266206362,237.943965891997,402.90582275390625,1295.7573852539062,6.901399871450849,24
Round Valley Reservoir,2017-08-05,22.510423278808616,0.014014154206961393,99368.623046875,3.963674394013514,259.22051107883453,382.8737398783366,570.314689954122,17.038799219502835,24
Round Valley Reservoir,2017-08-06,18.670000966389996,0.009906562666098276,99821.9296875,3.9563170622651818,249.72826179862022,328.4379030863444,10.034667094548544,0.0,24
Round Valley Reservoir,2017-08-07,17.29083404541018,0.010888037543433407,99846.86881510417,3.1498132121308124,113.38650528589885,367.32665761311847,10.789333894538382,26.981999203562737,24
Round Valley Reservoir,2017-08-08,19.345827992757183,0.01165391675507029,99540.59505208333,2.44600189085326,258.7178484027584,374.07374572753906,84.80800402164459,0.21439999341964722,24
Round Valley Reservoir,2017-08-09,21.243746693929058,0.010875054285861552,100154.203125,1.7736795927732671,307.8338460922241,336.3849906921387,25.608001430829365,0.0,24
Round Valley Reservoir,2017-08-10,21.43249664306643,0.011395441833883524,100387.78645833333,1.831209841409728,303.3306369781494,340.14915974934894,24.045334433515865,0.0,24
Round Valley Reservoir,2017-09-21,22.350414530436222,0.01290589179067562,99726.58951822917,3.785951745433051,208.02626061439514,365.30957285563153,51.202669090901814,0.0,24
Round Valley Reservoir,2017-09-22,20.43166885375979,0.010627500169600049,99876.17936197917,4.05467952669842,192.74876022338867,346.80791091918945,0.00800000037997961,0.0,24
Round Valley Reservoir,2017-09-23,21.98207880655927,0.011534237574475506,99795.45084635417,3.424751002072084,217.82042940457663,372.89666239420575,0.0,0.0,24
Round Valley Reservoir,2017-09-24,23.15332946777346,0.01183294178918004,99902.34375,1.9514165310044913,211.5279245773951,360.706246693929,54.65333616733551,0.0,24
Round Valley Reservoir,2017-09-25,23.785418446858746,0.013876670971512794,99844.4423828125,2.173834719062168,209.62200752894083,376.7720769246419,266.6400146484375,0.0,24
Round Valley Reservoir,2017-09-26,22.4649965922038,0.013834279341002306,99813.9951171875,2.1815318049785377,204.39130175113678,368.6420733133952,88.03733723858993,0.0,24
Round Valley Reservoir,2017-09-27,22.855420684814476,0.01433252931262056,99406.55859375,2.892349140831664,187.99376046657562,379.39248911539715,242.96267871838063,0.0,24
Round Valley Reservoir,2017-09-28,20.639581298828148,0.01157706263863171,99020.94075520833,5.198988663304344,212.2835532426834,340.5108248392741,67.01600317160289,0.0,24
Round Valley Reservoir,2017-09-29,12.683745320638044,0.00630561673703293,99743.19108072917,3.476643396447771,173.7161757349968,302.7937431335449,0.0,0.0,24
Round Valley Reservoir,2017-09-30,13.490828450520857,0.006887141750970234,100018.85091145833,4.485584824123115,144.6881299416224,319.32999420166016,9.602666914463043,0.046999998623505235,24
Round Valley Reservoir,2017-10-01,12.741248067220075,0.006635662575718015,100789.2236328125,2.587973125766347,209.65676103035608,308.86499277750653,0.0,0.0,24
Round Valley Reservoir,2017-10-02,13.452500915527366,0.005853150098118931,100859.5654296875,2.176579179313969,210.69892809291682,278.5891621907552,0.0,0.0,24
Round Valley Reservoir,2017-10-03,14.351253763834658,0.0070499459009928005,101443.52734375,2.504304843287104,189.64750957489014,302.6308237711589,1.440000057220459,0.0,24
Round Valley Reservoir,2017-10-04,15.32583897908531,0.008479958574753255,101029.19856770833,4.066296921235421,202.25471623738608,307.9820785522461,0.0,0.0,24
Round Valley Reservoir,2018-06-26,17.64374694824221,0.008897279253384719,100303.6533203125,2.9229652052821007,313.3797233899434,319.70790990193683,0.4826666858668129,0.0,24
Round Valley Reservoir,2018-06-27,19.157504018147808,0.012393241748213768,99866.84342447917,4.598206105163068,144.07459036509195,363.74457422892254,38.51466845410565,0.575199967919616,24
Round Valley Reservoir,2018-06-28,22.234997049967472,0.014460112744321426,99090.42317708333,4.086016015968036,214.70946741104126,401.43040974934894,488.68801844120026,16.202399517642334,24
Round Valley Reservoir,2018-06-29,24.4716621398926,0.014772045930537084,99416.78548177083,3.1667225398018406,328.9908908208211,373.1545753479004,519.866694688797,0.0,24
Round Valley Reservoir,2018-06-30,25.250410970052105,0.01469687531547,99779.98307291667,2.941822632621275,327.96751674016315,367.67540740966797,467.1040272315343,0.0,24
Round Valley Reservoir,2018-07-01,26.787914530436222,0.016478791871728998,99759.99055989583,2.9756842182829684,315.595014333725,381.78541056315106,1430.2987263997395,0.0,24
Round Valley Reservoir,2018-07-02,27.501252746582054,0.01731360424309969,99855.50260416667,2.5454480910114303,327.06493282318115,388.91415786743164,1885.3200785319011,0.0,24
Round Valley Reservoir,2018-07-05,26.72958399454755,0.01826710836030543,100538.74967447917,3.0939133385113298,261.4976801077525,423.0974922180176,1853.9467595418294,0.0007999999797903001,24
Round Valley Reservoir,2018-07-06,25.76957982381187,0.017045958627325792,99896.03971354167,4.6168291494038955,226.2566338380178,417.9724884033203,1050.4800375302632,7.4059998989105225,24
Round Valley Reservoir,2018-07-07,18.179163869222027,0.00919730846847718,100509.29264322917,3.962675387178669,339.564684232076,307.0620765686035,0.0,0.0,24
Round Valley Reservoir,2018-07-08,18.978332773844425,0.009064891821860025,100785.29654947917,1.1454160763301229,336.24026346206665,314.7729199727376,0.0,0.0,24
Round Valley Reservoir,2018-07-09,20.474163309733097,0.010272383476452282,100348.52311197917,3.1387088658922466,333.64005557696026,325.9695816040039,0.0,0.0,24
Round Valley Reservoir,2018-07-10,22.723752593994163,0.012622146091113487,99561.03548177083,3.4563381607413626,327.3788052399953,350.2445755004883,221.397345662117,0.0,24
Round Valley Reservoir,2018-07-11,24.495416259765648,0.013824950088746846,99449.67122395833,3.3696488334253263,286.9833887418111,376.36332575480145,620.3866939544678,0.0,24
Round Valley Reservoir,2018-09-12,22.62499516805015,0.015105304269430539,100318.1923828125,2.4371889629671304,155.37630120913187,407.72582753499347,278.79468006268144,8.838399705011398,24
Round Valley Reservoir,2018-09-13,21.075837707519554,0.014298504373679558,100519.83430989583,3.5351396218393827,161.56363201141357,395.2012418111165,142.79467434622347,6.531999878585339,24
Round Valley Reservoir,2018-09-14,21.47792205810549,0.014519008536202213,100415.57584635417,3.6799967503927573,169.74775886535645,394.12499618530273,88.79200426737468,1.232799952616915,24
Round Valley Reservoir,2018-09-15,21.297085062662784,0.014384425206420323,100339.94075520833,1.9882601447795916,176.87542295455933,390.9954071044922,64.27466944853465,0.0,24
Round Valley Reservoir,2018-09-16,22.23541666666669,0.013996283329712847,100314.2705078125,1.741630560965249,230.07276237010956,359.7141596476237,111.51733814676602,0.0,24
Round Valley Reservoir,2018-09-17,21.999583180745464,0.014342262758873403,100089.6650390625,2.8929431442060527,160.55363382895789,374.65248743693036,126.38133811453979,8.65719954459928,24
Round Valley Reservoir,2018-09-18,21.181665039062523,0.014823350162866214,99138.18782552083,3.1335834055924745,109.09221438566844,406.2370783487956,57.994669596354164,20.352399591356516,24
Round Valley Reservoir,2018-10-12,16.304162597656273,0.010261104248153666,98475.076171875,5.753561515002983,187.35713402430216,328.9158248901367,10.30666712919871,7.942999701946974,24
Round Valley Reservoir,2018-10-13,8.187914784749372,0.005743512515133868,99156.34895833333,3.437133538536654,94.14300457636516,299.98998641967773,9.968000451723734,6.210799943190068,24
Round Valley Reservoir,2018-10-14,7.920410410563174,0.0053248625675526755,100177.2109375,2.97309690100229,121.63921594619751,283.7187442779541,0.0,0.20999999344348907,24
Round Valley Reservoir,2018-10-15,11.86874669392906,0.008173633425030857,99904.80143229167,4.535918982692038,66.95929364363353,346.31374231974286,3.8320001205429435,1.1939999606111087,24
Round Valley Reservoir,2018-10-16,11.747919972737654,0.006672379172717531,99796.9716796875,5.462908007036934,179.17463223139444,297.18791516621906,11.912000318368277,2.7255999823100865,24
Round Valley Reservoir,2018-10-17,8.01916402180992,0.005105608356340478,99592.23502604167,5.640305905264801,164.17734217643738,270.44457689921063,12.770667115847269,0.0,24
Round Valley Reservoir,2018-10-18,5.363754526774112,0.0038558625480315336,100425.39876302083,6.5174327279760975,135.54463148117065,294.7649955749512,18.98133409023285,0.0,24
Round Valley Reservoir,2019-09-11,22.683755493164085,0.014839187730103731,100307.7734375,4.415313988290926,235.02138805389404,380.50165939331055,839.3680409590403,0.0,24
Round Valley Reservoir,2019-09-12,24.556667582194034,0.01573992524451266,99893.056640625,2.9179372730581394,165.32042268911997,403.03249231974286,994.5493839581808,0.0,24
Round Valley Reservoir,2019-09-13,17.47124888102216,0.01039705021927754,100890.3984375,5.4119116114271,158.7836332321167,379.04124450683594,3.4666667779286704,0.0,24
Round Valley Reservoir,2019-09-14,16.977498626709007,0.010834608498650292,100686.21907552083,3.6177452567949886,94.87825433413188,374.60874048868817,0.0,0.0,24
Round Valley Reservoir,2019-09-15,21.390835062662784,0.012629821004035572,100197.87141927083,3.071929256572647,236.03572074572244,361.8137435913086,61.97066921275109,0.0,24
Round Valley Reservoir,2019-09-16,19.585415140787784,0.010945433401502669,99844.9541015625,1.9109963092302742,132.3920062383016,365.4541600545247,21.181334336598713,0.0,24
Round Valley Reservoir,2019-09-17,18.38082911173505,0.009602204314433038,99983.17708333333,3.1027052305788767,235.01376165946326,331.3404134114583,1.7920000950495403,0.0,24
Round Valley Reservoir,2019-09-20,14.84625142415367,0.007107904355507344,100544.06282552083,3.6276336035864465,229.21109747886658,288.60332743326825,0.0,0.0,24
Round Valley Reservoir,2019-09-21,18.042085266113304,0.008949662597539524,100374.056640625,3.188849695931786,226.9305946032206,314.8308296203613,0.0,0.0,24
Round Valley Reservoir,2019-09-22,20.592925008138042,0.011516633404729268,100149.10188802083,2.832255840097705,216.73725867271423,347.7199897766113,62.19200411438942,0.0,24
Round Valley Reservoir,2019-09-23,23.223744964599632,0.013387037712770203,99380.0693359375,4.971062421868259,211.81117717425028,371.01873779296875,22.421334107716877,0.0,24
Round Valley Reservoir,2019-09-24,20.240417734781925,0.010781241852479676,98997.5029296875,4.452406359457544,215.78417627016702,346.34832255045575,69.06400352219741,0.0,24
Round Valley Reservoir,2019-09-25,18.03000411987307,0.009180416721695414,99295.48111979167,3.156262644599673,217.69730146725973,332.4795773824056,2.1946667581796646,0.0,24
Round Valley Reservoir,2019-09-26,18.982915496826195,0.010034662671387196,99075.02734375,4.067188377127602,182.2432167927424,338.99499638875324,22.648000995318096,0.0,24
Round Valley Reservoir,2019-09-27,16.23582738240562,0.007695987626599769,99862.76106770833,3.0288258654298184,215.6821324825287,297.16332880655926,0.0,0.0,24
Round Valley Reservoir,2019-09-28,18.733749643961612,0.011046712597211203,99996.64095052083,3.6004986419516416,194.64671593904495,350.27873611450195,472.85068849722546,0.0,24
Round Valley Reservoir,2019-09-29,21.807913716634136,0.012382079381495714,100284.7998046875,3.2860763133848763,193.9687199195226,367.22291056315106,374.7386835416158,0.0,24
Round Valley Reservoir,2019-09-30,16.098752593994163,0.00931386680652698,100589.11197916667,3.3037564396977275,78.7794626057148,359.6991589864095,0.0,0.0,24
Round Valley Reservoir,2019-10-01,19.261256154378277,0.011714866928135356,100016.44466145833,4.254548857396855,195.08313421408334,380.83249282836914,63.15200261274973,0.0,24
Round Valley Reservoir,2019-10-04,15.23999684651695,0.008771525133245936,99813.28190104167,4.665763212295188,186.48217328389487,328.43957646687824,3.0453334348276258,0.0,24
Round Valley Reservoir,2019-10-05,8.143748219807966,0.004782920916719983,100914.42610677083,3.428099309440631,207.26196670532227,251.94707806905112,0.0,0.0,24
Round Valley Reservoir,2019-10-06,11.98749949137372,0.008032341778744012,100659.31087239583,4.388201576216359,63.041878620783486,337.0054105122884,3.4000001351038613,0.0,24
Round Valley Reservoir,2019-10-07,19.255413309733097,0.012264916789717972,100144.44270833333,5.973568823031087,84.06675306955974,395.71499252319336,52.205336689949036,0.0,24
Round Valley Reservoir,2019-10-08,15.397080993652366,0.00872696260921657,100367.06184895833,4.719477615314641,138.48825693130493,358.78874079386395,6.402667072291176,0.0,24
Round Valley Reservoir,2019-10-09,11.877918497721376,0.007502620942735423,100475.80924479167,5.635680905907379,62.67004378636678,339.5349884033203,0.0,0.0,24
Round Valley Reservoir,2019-10-10,12.90457941691083,0.007135429206149031,100503.06705729167,5.948431425744277,134.40429719289145,343.3904113769531,0.0,0.0,24
Round Valley Reservoir,2019-10-11,12.7408271789551,0.006620308423104386,100148.81087239583,5.845296510514498,128.21959026654562,335.61457951863605,0.0,0.0,24
Round Valley Reservoir,2019-10-12,13.773753102620466,0.007972541789058596,99666.43880208333,2.9636735564475045,156.01867373784384,345.64082590738934,0.0,0.0,24
Round Valley Reservoir,2019-10-13,13.43333460489911,0.007022733412062128,99805.642578125,2.7179940019993563,176.30563370386758,303.9883232116699,0.0,0.0,24
Round Valley Reservoir,2019-10-14,13.741250610351585,0.007099000096786767,99586.29850260417,3.357765410988978,183.47080167134604,311.42332458496094,0.0,0.0,24
Round Valley Reservoir,2019-10-15,10.780840810139997,0.005083604211298128,100018.2509765625,2.8967972185218946,181.45134099324545,270.2287425994873,0.0,0.0,24
Round Valley Reservoir,2019-10-16,11.550422922770204,0.007264329275737206,99184.23111979167,5.686117891254047,115.22675657272339,310.19291432698566,47.170669396718345,0.0,24
Round Valley Reservoir,2019-10-17,10.93250681559247,0.006711566723727931,97567.2509765625,9.811441250129237,95.80908783276875,315.71540959676105,0.4853333632151286,0.0,24
Round Valley Reservoir,2019-10-18,9.712922668457054,0.005585279257502407,98922.19921875,6.871053650521947,169.87559032440186,296.4054094950358,0.0,0.0,24
Round Valley Reservoir,2019-10-19,7.296664174397809,0.004853012564126402,99774.86653645833,3.0200076404297955,176.40500982602438,255.83291562398276,0.0,0.0,24
Round Valley Reservoir,2019-10-20,9.568748728434267,0.006189854252928247,99682.31803385417,2.3151300924334355,50.762752970059715,315.2508265177409,0.0,0.0,24
Round Valley Reservoir,2019-10-21,12.876663462320986,0.00797302508726716,99760.03938802083,3.529549308897474,166.82213175296783,319.7437438964844,0.0,0.0,24
Round Valley Reservoir,2019-10-22,12.855827585856142,0.008551366704826554,99705.77376302083,4.259723677961876,68.74087750911713,337.05541102091473,0.17866667608420053,5.811199739575386,24
Round Valley Reservoir,2020-07-07,23.91165949503583,0.01593271685608973,99939.009765625,3.6678794939823542,277.62822039922077,393.09957758585614,1093.3680499394734,0.0,24
Round Valley Reservoir,2020-07-08,25.05666249593101,0.016693370882421732,99726.48958333333,3.1116165559143614,242.54017551740012,406.78832626342773,1040.5947087605794,5.94119986332953,24
Round Valley Reservoir,2020-07-09,25.738743082682316,0.016431062753933173,99591.03873697917,2.5822598612367154,308.4418466091156,397.79956817626953,839.7733710606893,0.06719999760389328,24
Round Valley Reservoir,2020-07-10,23.313754018147808,0.016461929228777688,99374.68424479167,4.515320951416329,167.30971654256186,396.3704083760579,364.0106843312581,62.18719797022641,24
Round Valley Reservoir,2020-07-11,23.210413869222027,0.015520896025312444,98699.38313802083,3.5635006347125775,237.9784292380015,409.58916091918945,630.5600365102291,6.32639991119504,24
Round Valley Reservoir,2020-07-12,24.079582468668644,0.01437753764912486,98773.65234375,4.714964977774266,313.98422328631085,379.4295768737793,312.41868384679157,0.13199999928474426,24
Round Valley Reservoir,2020-07-13,24.458753204345726,0.014078262727707624,98998.96940104167,3.4206404349080195,313.8083070913951,383.3299916585286,503.95469093322754,4.012799985706806,24
Round Valley Reservoir,2020-07-14,22.9020820617676,0.012521904233532647,99446.48470052083,3.3248457309886805,323.11185161272687,362.0924924214681,329.6666829586029,0.0,24
Round Valley Reservoir,2020-07-15,23.269170379638695,0.013319333471978704,100102.94368489583,3.0401155989511692,301.6273476282756,371.7966562906901,125.63733820120494,0.0,24
Round Valley Reservoir,2020-07-16,21.883748626709007,0.013582779288602373,100498.25651041667,4.160127129327887,243.95222330093384,377.9120699564616,20.49600088596344,0.0,24
Round Valley Reservoir,2020-07-17,22.34791463216148,0.014929937742029628,100120.8193359375,3.5306096395206716,228.44076212247214,405.4816589355469,672.7893652121226,0.19439999759197235,24
Round Valley Reservoir,2020-07-18,27.005413309733097,0.017119983482795458,99866.9150390625,1.7674685022426393,312.7989322344462,402.95957056681317,1565.2000783284504,0.0,24
Round Valley Reservoir,2020-07-19,26.777499135335308,0.016190066933631897,99564.01497395833,4.170762349124868,313.93639000256854,387.05416107177734,912.4347076416016,0.0,24
Round Valley Reservoir,2020-07-20,28.067080434163433,0.018170291945959132,99229.64973958333,4.316955315714755,308.83818101882935,413.8637402852376,1655.3014094034831,0.0,24
Round Valley Reservoir,2020-07-21,26.51833241780601,0.015081725122096637,99623.46516927083,2.681434914826415,313.745600938797,384.64999135335285,424.5600210322688,0.0,24
Round Valley Reservoir,2020-07-22,27.96624908447268,0.016812329335759085,99698.22233072917,1.9512510660445732,268.309596101443,420.1016540527344,1073.570713043213,14.082399666775018,24
Round Valley Reservoir,2020-07-23,26.68125178019208,0.01735866256058216,99748.9873046875,3.5995750248673755,243.12601021925607,417.58582560221356,1280.3680559794109,20.354399294999894,24
Round Valley Reservoir,2020-07-24,26.256246185302757,0.016580595867708325,99887.7021484375,2.025500767279994,244.199637790521,415.7474950154622,1023.5333684285482,8.233399844262749,24
Round Valley Reservoir,2020-07-25,25.310835774739605,0.015585850109346211,99963.21126302083,2.5606402276284377,299.0346812407176,388.7629025777181,729.4213670094808,0.0,24
Round Valley Reservoir,2020-07-26,26.890000915527366,0.016862475080415606,99732.37141927083,4.373388465358641,309.9748921394348,400.46999104817706,447.5520181655884,0.0,24
Round Valley Reservoir,2020-07-27,26.572081502278667,0.01612339591762672,99218.30989583333,4.526950344555567,312.66776611407596,381.20957946777344,465.21069037914276,0.0,24
Round Valley Reservoir,2020-07-31,24.645837402343773,0.014968900165210167,99102.67838541667,2.6356492734339043,156.91434140650867,409.38915761311847,276.6106827842693,23.697599053382874,24
Round Valley Reservoir,2020-08-01,25.073754882812523,0.014403879215630392,99345.01171875,1.533632863502994,302.0667637983958,394.1620724995931,90.1840037504832,0.0,24
Round Valley Reservoir,2020-08-02,25.35291188557945,0.01713966267804305,99393.56510416667,3.8861102843920197,184.61150789260864,427.25041071573895,995.7920538584391,10.931599949486554,24
Round Valley Reservoir,2020-08-03,25.48957722981773,0.014914041889520982,99564.55794270833,4.200687698909766,305.45684685309726,384.2245737711589,510.83736368020374,0.0,24
Round Valley Reservoir,2020-08-04,23.227916971842472,0.015715000219643116,99307.40755208333,5.255474043474989,133.58063270648321,411.60499572753906,423.1280218263467,88.54839757271111,24
Round Valley Reservoir,2020-08-05,23.277075703938824,0.013903500007775923,99616.39225260417,3.02425631120374,305.36789306998253,378.3329048156738,168.04267437197268,0.014800000004470348,24
Round Valley Reservoir,2020-08-06,22.635429636637394,0.012600062609029314,99934.1630859375,2.8655545512337515,233.81467954317728,377.2279103597005,44.573335498571396,1.2643999485298991,24
Round Valley Reservoir,2020-08-07,21.15541737874351,0.01327358764441063,100062.6904296875,3.360022828773572,185.21129936973253,383.58957544962567,181.25067494995892,19.241599787026644,24
Round Valley Reservoir,2020-08-08,22.23624699910484,0.014693950108873347,100163.658203125,2.4873743267476853,214.43271785477796,396.6649932861328,712.8693598111471,1.3791999409440905,24
Round Valley Reservoir,2020-08-09,23.749169921875023,0.015263933571986854,100028.66861979167,2.8265704861628165,270.09230613708496,381.8445790608724,909.9333829879761,0.0,24
Round Valley Reservoir,2020-08-10,25.93958435058596,0.016706529422663152,99776.0703125,3.165199747071037,283.29601256052655,400.9808235168457,1498.096061706543,0.0,24
Round Valley Reservoir,2020-08-11,26.792509969075542,0.0181124877029409,99546.99837239583,3.7464819865664887,258.00509452819824,415.7383219401042,1800.9920908610027,0.7319999765604734,24
Round Valley Reservoir,2020-08-12,26.968333180745464,0.01800276688300073,99683.2890625,2.4877449637964104,246.56513373057047,429.6466534932454,1706.3840891520183,0.016799998877104372,24
Round Valley Reservoir,2020-08-13,25.5274965922038,0.016688354313373566,99917.119140625,1.8312709835830459,209.55767758687338,403.6320737202962,1338.3387260437012,7.458399685099721,24
Round Valley Reservoir,2020-09-05,19.211670176188175,0.00891500428163757,100084.271484375,3.2605079378999533,258.7345544497172,318.5329055786133,0.0,0.0,24
Round Valley Reservoir,2020-09-06,19.235003407796246,0.00910497095901519,100255.837890625,3.0202135183921652,248.42738660176596,332.18249384562176,28.656001488367718,0.0,24
Round Valley Reservoir,2020-09-07,19.881250000000023,0.011377950082533062,99955.99348958333,3.7667583620195253,243.58797200520834,341.97540283203125,16.96533401807149,0.0,24
Round Valley Reservoir,2020-09-08,21.774587249755882,0.012670383517009517,100085.02799479167,2.2276402090474456,245.22080246607462,355.43458048502606,64.92800201972325,0.0,24
Round Valley Reservoir,2020-09-09,22.04250233968101,0.013230429302590588,100507.57649739583,2.877155274947181,217.38842725753784,364.20874150594074,99.31467219193776,0.0,24
Round Valley Reservoir,2020-09-10,21.610829925537132,0.01488188758958131,100501.9140625,1.8451072865792513,72.53966955343883,406.7345733642578,68.10667009620617,50.22879792843014,24
Round Valley Reservoir,2020-09-11,21.80082982381187,0.013549366733059287,100171.8759765625,2.8532444589298076,223.66296903292337,386.0679066975911,15.184000849723816,0.03839999809861183,24
Round Valley Reservoir,2020-10-16,13.901668802897158,0.009405066763671735,99714.8271484375,3.915234938998333,46.1412944595019,355.8254102071126,5.736000289519628,11.45339985191822,24
Round Valley Reservoir,2020-10-17,9.5654121398926,0.005279379237132768,100413.36263020833,3.6814930468653473,180.16542402903238,287.6483236948649,0.0,0.522400014771847,24
Round Valley Reservoir,2020-10-18,9.87124913533531,0.004626429232303053,100991.6669921875,2.9200409733292516,164.8750061194102,271.31749788920087,0.7200000286102295,0.0,24
Round Valley Reservoir,2020-10-19,12.944168345133486,0.008419558386473605,100673.47786458333,3.2235423779223447,95.08508777618408,329.5866559346517,12.330667032549778,0.0,24
Round Valley Reservoir,2020-10-20,17.348743693033878,0.010856712586246431,100384.0341796875,2.891559345956379,138.7038821776708,368.3379071553548,31.92533465226491,0.0681999959051609,24
Round Valley Reservoir,2020-10-21,17.907083129882835,0.01128570013679564,100473.146484375,3.355745746637392,148.80138250192007,347.8583246866862,230.27467981974283,0.015599999576807022,24
Round Valley Reservoir,2020-10-22,18.931659952799503,0.012002437647121647,100386.529296875,2.4778764819184182,153.36813088258108,347.8591588338216,287.26934693132836,0.0,24
Round Valley Reservoir,2024-10-15,6.636249796549502,0.004079858316496636,99230.44108072917,4.604230518149937,124.78579314549764,281.1499989827474,9.484583213925362,0.0,24
Round Valley Reservoir,2024-10-16,7.46250178019208,0.004149766619472454,99613.45377604167,4.559452985707122,154.25075395902,283.6154187520345,2.0708333055178323,0.0,24
Round Valley Reservoir,2024-10-17,8.416666920979841,0.004284637456294149,100333.38736979167,3.2580047144991813,178.87033049265543,273.132085164388,0.007499999832361937,0.0,24
Round Valley Reservoir,2024-10-18,10.112919108072939,0.00408769995556213,100827.0126953125,3.2332379840603314,175.4221672217051,264.05749702453613,0.0,0.0,24
Round Valley Reservoir,2024-10-19,12.484999593098982,0.004580399981932715,101257.5458984375,1.3725742819150548,173.11225040753683,273.17208099365234,0.0,0.0,24
Round Valley Reservoir,2024-10-20,13.059168752034529,0.00503280838408197,100747.4501953125,2.8573068119782814,172.28499738375345,273.3395881652832,0.0,0.0,24
Round Valley Reservoir,2024-10-21,15.480418141682966,0.005340341672611733,100278.79622395833,3.3667757364432416,164.9282491604487,297.8866704305013,0.0,0.0,24
Round Valley Reservoir,2024-10-24,15.760418192545595,0.007096158301768203,99394.81640625,4.695579740282236,160.41054272651672,312.30416742960614,8.064999918142954,0.012299999594688416,24
Round Valley Reservoir,2024-10-25,9.01208394368492,0.004412554146256298,99955.97884114583,3.5963784637842475,163.06616766750813,258.3300011952718,0.0,0.0,24
Round Valley Reservoir,2024-10-26,12.402916208903017,0.004617220877359311,99911.24186197917,5.2648103466674865,147.19266827901205,315.45000076293945,0.5254166622956594,0.0,24
Round Valley Reservoir,2024-10-27,7.907083129882835,0.0029461541465328387,100759.81673177083,3.404487373655711,161.11075115203857,245.2250016530355,0.0,0.0,24
Round Valley Reservoir,2024-10-28,8.530417378743513,0.0030533833584437766,100915.97493489583,2.320418708571706,144.49879042307535,276.6216672261556,0.0,0.0,24
Round Valley Reservoir,2024-10-29,10.606249745686872,0.005921495826138805,101062.42057291667,3.781333324498475,135.34371026357016,300.64166768391925,5.342083255449931,0.0,24
Round Valley Reservoir,2024-10-30,15.792502339681013,0.008197945853074392,100702.33723958333,3.482642486643412,146.24687735239664,336.1000010172526,0.0,0.0,24
Spruce Run Reservoir,2015-06-03,14.558747863769554,0.009169000142719597,100339.828125,3.2731220633142613,252.87772119045258,345.96624120076496,0.0,3.725599952042103,24
Spruce Run Reservoir,2015-06-04,13.537500000000023,0.008661970845423639,100478.25,3.7282419012781425,131.50392317771912,336.85582605997723,0.0,0.0,24
Spruce Run Reservoir,2015-06-05,14.547917938232445,0.0096690251181523,100099.1904296875,2.5233273245491037,125.65359010299046,376.7887369791667,0.29600000381469727,2.766999945277348,24
Spruce Run Reservoir,2015-06-06,19.273330942789737,0.011751187616027892,99495.08170572917,2.644562987571121,259.5288456281026,376.85457102457684,459.63735580444336,1.4419999447418377,24
Spruce Run Reservoir,2015-06-07,17.302916463216167,0.009515054291114211,100143.4208984375,2.6979749276163165,263.4975998401642,327.0749918619792,21.946667737017076,0.0,24
Spruce Run Reservoir,2015-06-08,19.103752390543644,0.012064783407064775,99651.44205729167,5.20541360800204,275.32017668088275,358.790823618571,314.99202187856037,0.7487999796867371,24
Spruce Run Reservoir,2015-06-09,22.982921854654972,0.014529216879357895,98815.05143229167,5.582055106217844,260.6840527852376,400.78457768758136,562.0026919047037,21.200399761088192,24
Spruce Run Reservoir,2016-07-07,26.955003356933616,0.017412662622518837,99087.65950520833,2.370925634989711,254.0915947755178,405.82582728068036,1249.2373860677083,0.0035999999090563506,24
Spruce Run Reservoir,2016-07-08,26.6837465922038,0.016529745849159855,99093.7978515625,2.1423155669484353,268.44042897224426,406.78957494099933,723.7333666483561,15.03039975464344,24
Spruce Run Reservoir,2016-07-09,23.31332931518557,0.015946670901030302,99194.12565104167,3.8256959462835916,178.2495917479197,406.0279083251953,462.6266887982686,0.6283999831939582,24
Spruce Run Reservoir,2016-07-10,22.135002390543644,0.013085287607585391,99312.5546875,3.040964704547015,272.97488443056744,385.75416056315106,165.4986722866694,10.134799336083233,24
Spruce Run Reservoir,2016-07-11,21.539996083577496,0.011543029337190092,99943.90169270833,2.5823473309684366,327.58872453371686,355.1829096476237,8.304000496864319,0.0,24
Spruce Run Reservoir,2016-07-12,22.591250356038433,0.011161912659493586,100066.75358072917,2.924048344356624,326.3294366200765,345.9837417602539,2.1973334650198617,0.0,24
Spruce Run Reservoir,2016-07-13,23.602502441406273,0.014495204164025685,99920.74055989583,3.3759910967973,216.3040944735209,407.3258221944173,201.12534205118814,4.611999900487717,24
Spruce Run Reservoir,2016-09-21,23.330829874674503,0.01147524178183327,100248.98209635417,2.517298910208529,215.10926111539206,347.65415954589844,76.75200327237447,0.0,24
Spruce Run Reservoir,2016-09-22,22.01916656494143,0.008498933399096131,100233.51106770833,2.034649648437453,220.9577177365621,328.24790954589844,0.0,0.0,24
Spruce Run Reservoir,2016-09-23,21.5829165140788,0.00995425422055026,99895.5849609375,1.8847643674432515,187.69725946585336,341.0404116312663,25.208001176516216,0.0,24
Spruce Run Reservoir,2016-09-24,19.3291692097982,0.010525445958289007,99960.52766927083,2.6702301601539813,127.048714975516,375.1383221944173,9.616000413894653,0.0031999998027458787,24
Spruce Run Reservoir,2016-09-25,13.913334147135439,0.005526525046055515,100337.94791666667,2.9161095497281635,220.8046410481135,291.02124404907227,0.35200001299381256,0.03519999980926514,24
Spruce Run Reservoir,2016-09-26,15.121671295166038,0.00573773755847166,100214.70084635417,3.000238382598622,184.48392724990845,305.6066614786784,0.0,0.0,24
Spruce Run Reservoir,2016-09-27,19.215000406901066,0.010101562676330408,99548.5400390625,3.5753996552629492,195.42255461215973,359.4395751953125,1.5440000394980113,4.587599873542786,24
Spruce Run Reservoir,2017-04-20,12.597500101725283,0.00812955010527124,100126.29166666667,2.424786652311037,182.51917473475137,354.17791112263996,0.47866668924689293,0.006399999838322401,24
Spruce Run Reservoir,2017-04-21,13.86750437418622,0.009034687575573722,99531.14518229167,4.123191514830029,214.7721373240153,354.14915974934894,10.3520005941391,7.2995998751721345,24
Spruce Run Reservoir,2017-04-22,11.943752543131533,0.007987004239112139,99516.08072916667,2.5553163359561446,76.97108681996663,347.8933283487956,2.733333428700765,1.8339999731979333,24
Spruce Run Reservoir,2017-04-23,9.784590657552107,0.005595741735305637,99943.23697916667,2.8859576519290218,295.1830571492513,274.95708020528156,2.3893334617217383,0.0,24
Spruce Run Reservoir,2017-04-24,11.079583740234398,0.006339370893935363,100108.71223958333,3.092405563684301,179.86080090204874,297.77415974934894,0.0,0.15839999515446834,24
Spruce Run Reservoir,2017-04-25,11.19041468302411,0.0074728584731929,99817.41471354167,7.7060255686554555,87.97787984212239,361.78082784016925,2.4186667601267495,5.568999760784209,24
Spruce Run Reservoir,2017-04-26,15.371661122639997,0.010304045863449574,98978.41764322917,4.710569460274734,128.1413382689158,382.8591601053874,14.021333997448286,4.1461998373270035,24
Spruce Run Reservoir,2017-05-24,15.24250183105471,0.009438762557692826,98949.23828125,3.700878901108578,187.20884144306183,350.9012451171875,5.168000191450119,2.854999989271164,24
Spruce Run Reservoir,2017-05-25,13.824586486816429,0.009323875070549548,98637.140625,5.982350271728584,176.7235505183538,362.8358268737793,15.112000872691473,16.58019943255931,24
Spruce Run Reservoir,2017-05-26,16.698327636718773,0.010153337575805685,98403.17122395833,4.82042944945578,240.6628835995992,358.7654037475586,21.138667593399685,12.92719935812056,24
Spruce Run Reservoir,2017-05-27,17.536244964599632,0.010226291720755398,99245.52669270833,2.7740187345553657,222.19559264183044,369.3462384541829,19.888000786304474,0.0,24
Spruce Run Reservoir,2017-05-28,18.2304143269857,0.011749375107077261,99378.97005208333,3.511122415912702,187.37113388379416,382.2791582743327,27.17333467801412,0.0,24
Spruce Run Reservoir,2017-05-29,14.953332519531273,0.010110175237059593,99467.19173177083,4.348484791576699,137.38383821646372,373.5137430826823,1.8560000856717427,7.783799797296524,24
Spruce Run Reservoir,2017-05-30,14.645003255208357,0.009761358456065258,100103.955078125,3.725112154414384,178.54338264465332,347.4674936930339,4.808000162243843,0.9415999713528436,24
Spruce Run Reservoir,2017-05-31,17.958332316080753,0.011094762633244196,99787.53287760417,2.5319738631477033,275.62280591328937,357.93874231974286,559.2853616078695,1.1391999647312332,24
Spruce Run Reservoir,2017-06-01,18.8208315531413,0.0097496376450484,99570.70149739583,3.8261137821128304,321.88897172609967,324.56082407633465,206.1333416302999,0.40960000455379486,24
Spruce Run Reservoir,2017-06-02,17.717919921875023,0.008333966756860415,99610.2275390625,4.1317849158321795,282.1580550670624,329.4470723470052,127.49600663781166,0.0,24
Spruce Run Reservoir,2017-06-03,15.119583384195986,0.007042516760217647,99712.94694010417,4.100449654552283,290.972097158432,303.9679094950358,59.31733531753222,4.083199977874756,24
Spruce Run Reservoir,2017-06-04,15.599996185302757,0.008010645920876414,99717.03548177083,2.039221187715182,167.83905148506165,322.84249623616535,4.149333556493123,1.0559999597026035,24
Spruce Run Reservoir,2017-06-05,20.07917175292971,0.01273464597761631,98955.36555989583,2.0847997727152308,226.22909446557364,380.0529085795085,516.7653574943542,6.267599767073989,24
Spruce Run Reservoir,2017-06-06,16.71208470662437,0.010753179318271577,98938.28190104167,2.9336056778572304,217.59821923573813,362.34832255045575,60.38133532802264,12.45919969305396,24
Spruce Run Reservoir,2017-06-07,13.074581400553408,0.008001866789224247,99562.9775390625,2.846179149703979,238.35288707415262,341.3149948120117,13.501333951950073,0.6015999913215637,24
Spruce Run Reservoir,2017-06-08,16.699168141682964,0.00874535011826083,99667.67610677083,2.9722925565273246,322.5070168177287,320.72915903727215,3.8480002135038376,0.0,24
Spruce Run Reservoir,2017-06-09,17.04916915893557,0.00883513349496449,99125.18229166667,3.0342240101009117,318.15996925036114,314.04832458496094,210.1013453801473,0.0,24
Spruce Run Reservoir,2017-06-10,20.344578043619816,0.010312720958609134,99602.53450520833,4.641137358159824,278.1117248535156,344.3812395731608,169.46400969227156,0.0005999999702908099,24
Spruce Run Reservoir,2017-06-11,24.02124684651695,0.013581866825309893,99949.5693359375,4.4624084492397325,325.79793389638263,362.34374237060547,288.32268059750396,0.04559999704360962,24
Spruce Run Reservoir,2017-06-12,25.37875137329104,0.015680196035342913,99828.38151041667,3.448736593254998,325.03080638249713,368.8566551208496,1019.6613752519091,0.0,24
Spruce Run Reservoir,2017-07-05,23.70499954223635,0.013324487605132163,100199.03255208333,2.98946844392514,327.90247686704,365.6570739746094,155.68800822645426,0.0,24
Spruce Run Reservoir,2017-07-06,21.690419769287132,0.012967933434993029,100150.087890625,3.1293090471396554,194.5809659163157,380.8220685323079,22.394667714834213,1.2319999188184738,24
Spruce Run Reservoir,2017-07-07,21.034164683024112,0.014282841817475855,99276.95084635417,2.3980095170575977,178.98634123802185,402.961233774821,118.03733909130096,48.54199773550499,24
Spruce Run Reservoir,2017-07-08,23.970417277018253,0.014447587775066495,98989.94661458333,3.6808085630483034,303.09788783391315,379.42665735880536,482.1573495864868,1.8751999652013183,24
Spruce Run Reservoir,2017-07-09,20.54083658854169,0.010546162608079612,99615.314453125,3.5305919693391554,335.22226492563885,333.0966606140137,24.016001796349883,0.02719999849796295,24
Spruce Run Reservoir,2017-07-10,22.02166392008466,0.01158381684217602,99881.58365885417,3.562160293760364,322.06247051556903,350.7049903869629,152.23200885454813,2.39199997484684,24
Spruce Run Reservoir,2017-07-11,24.91957880655927,0.015472437837161124,99577.1669921875,4.00502539847384,285.86742941538495,394.1954091389974,773.9226970672607,0.4999999962747097,24
Spruce Run Reservoir,2017-07-12,26.001668548584007,0.015465421020053327,99692.806640625,4.095259576990876,290.4998451073964,396.0204048156738,715.0267003377279,0.0,24
Spruce Run Reservoir,2017-07-13,26.97458419799807,0.016477466793730855,99770.50846354167,3.169483186928544,252.34734527269998,404.4770736694336,1073.9333737691243,12.021599650382996,24
Spruce Run Reservoir,2017-07-14,23.740834808349632,0.01613547109688322,99895.0693359375,2.7526506805970024,174.3296312491099,411.58832422892254,277.00001335144043,13.24739967554342,24
Spruce Run Reservoir,2017-07-15,23.30207977294924,0.01455266676687946,99642.23209635417,2.325693327347407,285.70193004608154,390.12041091918945,189.40267690022787,1.0271999686956406,24
Spruce Run Reservoir,2017-07-16,22.86958465576174,0.012900112584854165,99652.26432291667,1.9713341725617575,325.2247229417165,355.7541567484538,277.4400114615758,0.0,24
Spruce Run Reservoir,2017-07-17,24.51208648681643,0.015098262617054084,99799.14225260417,2.918158613538994,273.6601348718007,381.0699920654297,1313.2587509155273,4.4759997725486755,24
Spruce Run Reservoir,2017-08-04,24.167499796549503,0.01579207950271666,99830.2998046875,3.633388662665246,234.45063272118568,405.3216603597005,1255.9093958536785,15.128799393773079,24
Spruce Run Reservoir,2017-08-05,22.729173278808616,0.014123437615732351,99443.6630859375,3.864657813009068,262.7751759290695,383.32124455769855,547.7813628514608,20.1747994273901,24
Spruce Run Reservoir,2017-08-06,18.815833028157574,0.009893929430594047,99917.42252604167,3.908649315786677,249.16076085964838,328.12540944417316,9.616000533103943,0.0,24
Spruce Run Reservoir,2017-08-07,17.532083129882835,0.010966137672464052,99942.94889322917,3.1578504408814982,114.79817152023315,367.0466588338216,11.165333916743597,29.53279910981655,24
Spruce Run Reservoir,2017-08-08,19.391662851969425,0.011663033510558307,99631.63509114583,2.398214033999704,263.3063455422719,372.744571685791,87.6560062567393,0.12079999729758129,24
Spruce Run Reservoir,2017-08-09,21.353748575846378,0.010854021025200685,100253.29622395833,1.8019065444994162,306.96017837524414,336.04457600911456,26.18666820290188,0.0,24
Spruce Run Reservoir,2017-08-10,21.675832366943382,0.0113401251922672,100472.93326822917,1.6652790164502174,302.32647132873535,340.5729039510091,23.389334450165432,0.0,24
Spruce Run Reservoir,2017-09-21,22.468333180745464,0.012957141657049457,99822.66927083333,3.640854999201684,207.5403437614441,364.51249440511066,55.202668944994606,0.0,24
Spruce Run Reservoir,2017-09-22,20.64166666666669,0.010602033503043154,99966.39290364583,4.040599449015667,201.79450996716818,343.7099965413411,0.12266667435566585,0.0,24
Spruce Run Reservoir,2017-09-23,22.130413309733097,0.011496220948174596,99891.13118489583,3.3243683878636427,217.1130083401998,372.30332310994464,0.0,0.0,24
Spruce Run Reservoir,2017-09-24,23.45958226521812,0.011879025182376305,99995.19759114583,1.9853196978147871,211.52109245459238,359.9849904378255,58.57066957155863,0.0,24
Spruce Run Reservoir,2017-09-25,24.31833419799807,0.014084337550836304,99933.2421875,2.236841551717295,208.74951016902924,377.79832712809247,289.2693449656169,0.0,24
Spruce Run Reservoir,2017-09-26,22.884993489583355,0.014002862658041218,99902.23502604167,2.2111162523618195,203.3748019138972,370.105411529541,105.5386716624101,0.0,24
Spruce Run Reservoir,2017-09-27,23.268334960937523,0.014431479386985302,99486.74544270833,3.275215708720516,190.32892521222433,379.0099919637044,250.50401232391596,0.0,24
Spruce Run Reservoir,2017-09-28,20.81583175659182,0.011564112617634237,99121.82096354167,5.001785326986762,211.542551000913,339.954158782959,74.74133612712224,0.0,24
Spruce Run Reservoir,2017-09-29,12.942498779296898,0.006329183447329949,99833.32421875,3.340620061632103,173.29250955581665,304.03290939331055,0.0,0.0,24
Spruce Run Reservoir,2017-09-30,13.592493947347029,0.006893775096007933,100113.43815104167,4.294928089619308,141.16988125443459,320.53249231974286,7.930667042732239,0.07199999690055847,24
Spruce Run Reservoir,2017-10-01,12.80833460489911,0.006564645911566913,100885.677734375,2.5553984405756838,207.489300707976,308.3308270772298,0.0,0.0,24
Spruce Run Reservoir,2017-10-02,13.695832824707054,0.005819133366458118,100960.60481770833,2.1826924186774437,208.62584400177002,277.97582753499347,0.0,0.0,24
Spruce Run Reservoir,2017-10-03,14.668753560384138,0.007036679210917403,101530.67447916667,2.4627716711909198,191.39800707499185,301.57999420166016,0.6880000233650208,0.0,24
Spruce Run Reservoir,2017-10-04,15.580833689371767,0.008493108519663414,101114.05208333333,3.7329998415723105,200.20571581522623,306.3824946085612,0.0,0.0,24
Spruce Run Reservoir,2018-06-26,17.64708226521812,0.008842312692043683,100399.33430989583,2.8461236403358416,310.91806173324585,318.52707799275714,0.26133334698776406,0.0,24
Spruce Run Reservoir,2018-06-27,19.33625183105471,0.012550991804649433,99945.64290364583,4.440244862312114,144.90925677617392,364.78874079386395,30.640001635377605,0.5699999988428317,24
Spruce Run Reservoir,2018-06-28,22.429167683919292,0.014655362775859734,99169.24967447917,3.9049170438203813,218.41613578796387,402.5108222961426,481.36002133289975,18.21119967213599,24
Spruce Run Reservoir,2018-06-29,24.520411427815777,0.014821762645927569,99508.75911458333,3.0339508144336382,325.39288838704425,372.0295715332031,490.67201948165894,0.08320000022649765,24
Spruce Run Reservoir,2018-06-30,25.358330027262394,0.014739891747012734,99871.55436197917,2.8729350545214243,324.1741836865743,367.03790791829425,473.5466885070006,0.0,24
Spruce Run Reservoir,2018-07-01,26.98083648681643,0.01657124189659953,99843.45735677083,2.911374181529881,318.0895160039266,381.24790954589844,1380.2774022420247,0.0,24
Spruce Run Reservoir,2018-07-02,27.65875396728518,0.017362470971420407,99941.63736979167,2.3912790774357906,329.0080960591634,388.312074025472,1866.5894292195637,0.0,24
Spruce Run Reservoir,2018-07-05,26.865001932779972,0.018249858481188614,100614.85481770833,3.001458024922231,273.14201498031616,421.1908238728841,1767.6400807698567,0.013600000063888729,24
Spruce Run Reservoir,2018-07-06,25.82458012898765,0.016971191895815235,99973.66536458333,4.396746261858563,227.38563442230225,416.2937418619792,994.3493808110555,4.706799894571304,24
Spruce Run Reservoir,2018-07-07,18.210830942789737,0.009165325085632503,100604.11946614583,4.075903003351971,342.17485030492145,306.4045766194661,0.0,0.0,24
Spruce Run Reservoir,2018-07-08,19.144164021809917,0.009044875138594458,100872.06966145833,1.3747750037425002,338.7237660090129,314.6891619364421,0.0,0.0,24
Spruce Run Reservoir,2018-07-09,20.718747711181663,0.010350716804775098,100433.6435546875,3.0158367762322857,336.1168930530548,326.15707778930664,0.0,0.0,24
Spruce Run Reservoir,2018-07-10,23.07375361124677,0.012760945906241735,99649.4619140625,3.4613923536286753,328.6151393254598,351.132074991862,216.86401003599167,0.0,24
Spruce Run Reservoir,2018-07-11,24.59708684285484,0.013790000113658607,99546.7109375,3.2958343455515884,291.5442231496175,375.8874918619792,578.4053608576456,0.0,24
Spruce Run Reservoir,2018-09-12,22.617917633056663,0.015024987747892737,100408.72591145833,2.575001431314559,153.0986324151357,408.27416229248047,267.4106798370679,7.412799886544235,24
Spruce Run Reservoir,2018-09-13,21.244583384195987,0.014367587553958098,100611.380859375,3.8463325427536206,166.03796537717184,394.1012382507324,147.21067347129187,4.713999901301577,24
Spruce Run Reservoir,2018-09-14,21.590422566731792,0.01453744173826029,100495.57584635417,4.018871365210251,174.74567564328513,391.7799924214681,88.7706702152888,1.0563999712467194,24
Spruce Run Reservoir,2018-09-15,21.477924601237003,0.014405175189798078,100426.447265625,2.0011956169460556,183.75967621803284,390.1479034423828,70.61867038408916,0.0,24
Spruce Run Reservoir,2018-09-16,22.611252085367862,0.01413876679725945,100396.91048177083,1.5212431611022623,229.83134126663208,359.9620755513509,102.69067027171452,0.0,24
Spruce Run Reservoir,2018-09-17,22.321252441406273,0.01443412946537137,100172.9697265625,2.7766611625557895,163.35155057907104,375.1499938964844,113.38933818538983,8.53039992734557,24
Spruce Run Reservoir,2018-09-18,21.127502695719425,0.01473706696803371,99229.2275390625,3.1449434849652587,109.49179729819298,407.016653696696,48.67466878890991,19.16279952361947,24
Spruce Run Reservoir,2018-10-12,16.06624628702802,0.010087037556028614,98587.23763020833,5.633073210928095,185.73013353347778,328.0537465413411,10.096000214417776,6.819799721240997,24
Spruce Run Reservoir,2018-10-13,8.232914225260439,0.00575432920595631,99247.46842447917,3.3028561114432815,93.72400490442912,300.21874109903973,9.720000545183817,6.60679991543293,24
Spruce Run Reservoir,2018-10-14,8.108745829264345,0.0053863625701827305,100273.1572265625,2.8563694543760527,119.59587891896565,284.29207674662274,0.0,0.25,24
Spruce Run Reservoir,2018-10-15,12.042498524983747,0.008260766762153557,99990.4287109375,4.121877860311218,67.28779482841492,347.1562436421712,3.7253334360818067,1.567999936756678,24
Spruce Run Reservoir,2018-10-16,11.643336232503279,0.006630579261885335,99884.27734375,5.265828026396315,177.55663331349692,295.6299928029378,11.605333695809046,3.3767999559640884,24
Spruce Run Reservoir,2018-10-17,8.257499949137392,0.005136641712548832,99684.44759114583,5.500389942632353,161.02884022394815,270.85832595825195,12.994667450586954,0.0,24
Spruce Run Reservoir,2018-10-18,5.461671447753929,0.0038097958701352277,100515.63932291667,6.28147815524813,135.68196392059326,294.81749598185223,18.87200054526329,0.0,24
Spruce Run Reservoir,2019-09-11,23.003338114420597,0.015040754379394153,100389.72102864583,4.077653428871189,233.70904890696207,380.7766596476237,842.7867082357407,0.0,24
Spruce Run Reservoir,2019-09-12,24.824170684814476,0.01578489182672153,99984.23014322917,2.9185760635207134,165.6574226220449,402.8349889119466,945.2533895174662,0.0,24
Spruce Run Reservoir,2019-09-13,17.45916392008466,0.010429250115218261,100976.2646484375,5.617834405778535,150.11871528625488,380.4966570536296,2.0560001134872437,0.0,24
Spruce Run Reservoir,2019-09-14,17.243332163492862,0.010967974977878233,100770.91178385417,3.2992537690506007,95.25317021210988,376.84791056315106,0.0,0.0,24
Spruce Run Reservoir,2019-09-15,21.44916687011721,0.01262092093626658,100284.1650390625,2.842924421316137,235.25205413500467,359.3491566975911,61.44533588799337,0.0,24
Spruce Run Reservoir,2019-09-16,19.72333170572919,0.011005100212059915,99937.19270833333,1.838866072996223,129.85659021139145,366.619576772054,18.34400099515915,0.0,24
Spruce Run Reservoir,2019-09-17,18.426248168945335,0.00956112095930924,100085.4169921875,3.029522689528061,234.1657633384069,330.9554087320964,1.3973334189504385,0.0,24
Spruce Run Reservoir,2019-09-20,15.187501525878929,0.007204554315345983,100639.42252604167,3.5407155936486614,228.2972621122996,288.9099947611491,0.0,0.0,24
Spruce Run Reservoir,2019-09-21,18.425415293375675,0.009118362737353891,100469.81770833333,3.1763394336335895,226.08942484855652,315.15124384562176,0.0,0.0,24
Spruce Run Reservoir,2019-09-22,20.97000656127932,0.0116921168519184,100234.6484375,2.6380971247954137,215.8811764717102,348.8062400817871,67.14667010307312,0.0,24
Spruce Run Reservoir,2019-09-23,23.589164988199894,0.013509687773572901,99468.84212239583,4.792027945833229,209.90018026034036,371.85707600911456,21.250667452812195,0.0,24
Spruce Run Reservoir,2019-09-24,20.279585774739605,0.010711475042626262,99087.52897135417,4.3816868327640455,213.83142793178558,346.27749252319336,62.88000310460726,0.0,24
Spruce Run Reservoir,2019-09-25,18.116256968180362,0.00925810010327647,99383.85416666667,3.0772724272699676,216.81755232810974,331.56457265218097,2.434666802485784,0.0,24
Spruce Run Reservoir,2019-09-26,19.290831502278667,0.010041879334797462,99160.54850260417,3.8571528734375957,176.46930261452994,339.6883265177409,18.682667871316273,0.0,24
Spruce Run Reservoir,2019-09-27,16.35124486287437,0.007698020897805691,99954.25455729167,2.9314862185542094,214.72204911708832,296.70458094278973,0.0,0.0,24
Spruce Run Reservoir,2019-09-28,19.06124903361005,0.011200596073952815,100079.78743489583,3.144265540638269,197.38088256120682,349.6233253479004,485.78402682145435,0.0,24
Spruce Run Reservoir,2019-09-29,21.879165903727237,0.012336096027866006,100383.25227864583,3.1875174788867278,196.70088895161948,364.98207600911456,355.62401407957077,0.0,24
Spruce Run Reservoir,2019-09-30,16.13958384195966,0.009244683547876775,100680.63248697917,3.2752663861251397,75.41988021632035,361.32791392008465,0.0,0.0,24
Spruce Run Reservoir,2019-10-01,19.4158391316732,0.011869016801938415,100094.55110677083,3.8155556431368525,191.89446497460207,382.0016632080078,66.33600344260533,0.0,24
Spruce Run Reservoir,2019-10-04,15.248749033610048,0.008796725053495416,99912.001953125,4.560024849216108,184.59117539723715,329.2808303833008,3.546666810909907,0.0,24
Spruce Run Reservoir,2019-10-05,8.317079162597679,0.004800520895514637,101013.97298177083,3.49121760653396,205.16330115000406,251.68624432881674,0.0,0.0,24
Spruce Run Reservoir,2019-10-06,12.216249084472679,0.008154225186444819,100749.68359375,4.150648396871671,62.46321225166321,338.24582544962567,2.237333436806997,0.0,24
Spruce Run Reservoir,2019-10-07,19.34207941691083,0.012333016803798577,100221.669921875,5.590271656310475,80.31608645121257,396.77415466308594,43.354669411977135,0.0,24
Spruce Run Reservoir,2019-10-08,15.25208180745445,0.008571995984918127,100467.51627604167,4.703621157207684,137.84575764338175,358.3633232116699,4.9973336681723595,0.0,24
Spruce Run Reservoir,2019-10-09,11.965834554036482,0.0072999209514819086,100581.00911458333,5.556036432602775,65.7035455306371,338.8583246866862,0.0,0.0,24
Spruce Run Reservoir,2019-10-10,13.092081960042341,0.007025029238623877,100606.720703125,5.789477083141907,139.04212935765585,341.8999888102214,0.0,0.0,24
Spruce Run Reservoir,2019-10-11,13.004160817464216,0.006454941719615211,100259.2646484375,5.737173214772479,138.25442361831665,332.6158281962077,0.0,0.0,24
Spruce Run Reservoir,2019-10-12,13.908753967285179,0.007987541728653014,99756.49283854167,2.9136199472907003,151.80667304992676,345.6279106140137,0.0,0.0,24
Spruce Run Reservoir,2019-10-13,13.418332672119163,0.007005900105771919,99893.8828125,2.6210234931340444,175.8376351992289,301.33749771118164,0.0,0.0,24
Spruce Run Reservoir,2019-10-14,13.622083282470726,0.006968516740016639,99681.150390625,2.922240351206632,181.8109671274821,306.086664835612,0.0,0.0,24
Spruce Run Reservoir,2019-10-15,10.872511800130232,0.005079037509858608,100113.3173828125,2.757422842790302,179.1760114034017,269.855411529541,0.0,0.0,24
Spruce Run Reservoir,2019-10-16,11.852920786539736,0.007398995881279309,99273.40462239583,5.6401914111283675,112.43342157204945,311.5712420145671,49.36266899108887,0.0,24
Spruce Run Reservoir,2019-10-17,10.965838368733747,0.006730900049054374,97664.18294270833,9.826359451864652,96.18375356992085,316.7866566975911,0.35200001299381256,0.0,24
Spruce Run Reservoir,2019-10-18,9.81125411987307,0.005601029222210248,99017.373046875,6.5741926231290195,169.56042377154031,294.1429100036621,0.0,0.0,24
Spruce Run Reservoir,2019-10-19,7.3916692097981995,0.004899329214822501,99870.09309895833,2.97920829953225,174.49651010831198,255.27582613627115,0.0,0.0,24
Spruce Run Reservoir,2019-10-20,9.73624954223635,0.006186087635190536,99782.130859375,2.218566019432702,50.409251391887665,316.3108253479004,0.0,0.0,24
Spruce Run Reservoir,2019-10-21,12.84625142415367,0.007951558412363132,99858.11881510417,3.6164723440821516,165.78246851762137,318.82124455769855,0.0,0.0,24
Spruce Run Reservoir,2019-10-22,13.029161071777366,0.008621533401310444,99792.49381510417,4.195253484063953,66.54487796624501,338.43748982747394,0.3466666837533315,6.055399850010872,24
Spruce Run Reservoir,2020-07-07,24.072494761149112,0.016071050195023417,100013.35611979167,3.6179999194561625,287.959223985672,393.24498621622723,1111.2533740997314,0.04480000026524067,24
Spruce Run Reservoir,2020-07-08,25.098746236165386,0.016803137686414022,99806.91536458333,3.031803991031109,236.86118086179098,406.6329091389974,1025.0560480753581,7.016799829900265,24
Spruce Run Reservoir,2020-07-09,25.874997711181663,0.01645991283779343,99674.93326822917,2.4240051611705553,313.85018213589984,396.5037384033203,794.2027002970377,0.01679999940097332,24
Spruce Run Reservoir,2020-07-10,23.630002593994163,0.016588445869274437,99467.64322916667,4.5915794297808,172.33638405799866,396.9499880472819,365.42401615778607,56.73559880256653,24
Spruce Run Reservoir,2020-07-11,23.11749420166018,0.015486679311531285,98783.3291015625,3.3815839131649543,238.95059625307718,408.78749593098956,593.3866880536079,8.054799845675007,24
Spruce Run Reservoir,2020-07-12,24.067915852864605,0.014234554371796548,98860.31803385417,4.6895913651110055,311.7298893928528,379.9812405904134,281.42934616406757,0.23679999355226755,24
Spruce Run Reservoir,2020-07-13,24.489169057210308,0.014015379323003193,99082.22233072917,3.400263180657545,316.6856399377187,382.02624130249023,481.16002527872723,5.663199793547392,24
Spruce Run Reservoir,2020-07-14,22.971250152587913,0.012573720964913567,99539.31087239583,3.2332606145214435,325.39551615715027,361.9487419128418,303.2746814092,0.0,24
Spruce Run Reservoir,2020-07-15,23.19667205810549,0.013348150144641599,100196.0361328125,3.0355613131086727,307.8883470694224,370.7649892171224,127.8106720695893,0.0,24
Spruce Run Reservoir,2020-07-16,22.06124903361005,0.013725362718105316,100569.88313802083,4.0943462363388035,238.64155236879984,380.0220756530762,20.536001061399777,0.0,24
Spruce Run Reservoir,2020-07-17,22.534164683024112,0.015034304466098547,100196.60611979167,3.403556609680503,243.31476346651712,405.5129089355469,692.2347033023834,0.007999999448657036,24
Spruce Run Reservoir,2020-07-18,27.07041447957359,0.01703008357435465,99949.634765625,1.7599548069084758,317.6817687352498,399.70832443237305,1470.2507222493489,0.0,24
Spruce Run Reservoir,2020-07-19,26.87833429972333,0.0161166168594112,99646.68131510417,3.9684791794323684,314.9162250359853,385.89999135335285,905.5547154744467,0.0,24
Spruce Run Reservoir,2020-07-20,28.271250661214214,0.018253208448489506,99310.68977864583,4.182076855769766,311.14018297195435,414.665823618571,1615.514742533366,0.0,24
Spruce Run Reservoir,2020-07-21,26.502500152587913,0.015054125183572372,99712.4248046875,2.616692107916261,315.97559944788617,383.54249064127606,402.22135289075476,0.0,24
Spruce Run Reservoir,2020-07-22,28.07958501180015,0.01684867936031272,99781.369140625,2.0306166418919327,266.1625955104828,420.3979085286458,1026.3360392252605,22.031999330210965,24
Spruce Run Reservoir,2020-07-23,26.679584757487003,0.01726341274722169,99833.947265625,3.448235646426976,237.16101205348969,417.4995752970378,1181.1413904825847,17.799599512363784,24
Spruce Run Reservoir,2020-07-24,26.163747406005882,0.016410196005987625,99974.689453125,1.8779300425672787,251.6279692053795,413.3204091389974,938.5947125752767,4.192399931198452,24
Spruce Run Reservoir,2020-07-25,25.399583435058616,0.015569400081100563,100050.51822916667,2.4682500128112257,304.6886819601059,387.20374425252277,691.058697382609,0.0,24
Spruce Run Reservoir,2020-07-26,26.93833185831708,0.01680867513641715,99813.38444010417,4.386111231290793,313.1333022912343,397.64457448323566,412.69601885477704,0.0,24
Spruce Run Reservoir,2020-07-27,26.687084452311222,0.016123546054586768,99307.98990885417,4.459340521320184,314.9231005907059,380.53415934244794,473.6746913989385,0.0,24
Spruce Run Reservoir,2020-07-31,24.57125116984052,0.014757166849449277,99193.95768229167,2.592071331984019,159.8445065021515,407.3737424214681,242.65867980817953,15.19239952787757,24
Spruce Run Reservoir,2020-08-01,25.108336385091167,0.014285729460728666,99436.3193359375,1.3894971499042785,300.3642655611038,392.25332005818683,84.58667105436325,0.0,24
Spruce Run Reservoir,2020-08-02,25.347497558593773,0.01714477928665777,99467.751953125,3.847461381562443,183.54984494050345,427.975824991862,943.3520558675131,26.82679907605052,24
Spruce Run Reservoir,2020-08-03,25.48291168212893,0.014764258521609008,99649.62532552083,4.002366783877515,304.5048482815425,383.99415588378906,464.9413563807805,0.03439999744296074,24
Spruce Run Reservoir,2020-08-04,23.177501932779972,0.01565133365026365,99388.36848958333,5.522146082099319,133.5102987686793,411.8574918111165,377.93868019183475,108.75639952812344,24
Spruce Run Reservoir,2020-08-05,23.271245574951195,0.013854916828374067,99698.71223958333,2.8442219913716538,306.1327244242032,377.2699890136719,147.8720054527124,0.1395999938249588,24
Spruce Run Reservoir,2020-08-06,22.470010375976585,0.012423762702383101,100028.16276041667,2.883921040532911,241.51434410611787,374.6516571044922,52.85600203772386,0.8835999798029661,24
Spruce Run Reservoir,2020-08-07,21.266667938232445,0.013339204286846021,100156.23665364583,3.3598821102076744,185.57896784941354,384.5299898783366,206.57067594428858,21.05639924108982,24
Spruce Run Reservoir,2020-08-08,22.258747355143253,0.014628716977313161,100251.52473958333,2.478604214825224,225.5057190656662,395.02124150594074,701.5173681577047,0.6911999583244324,24
Spruce Run Reservoir,2020-08-09,23.953754679362003,0.015387966763228178,100113.54850260417,2.5812529903093266,275.28680896759033,381.1154085795085,875.5093797047933,0.0,24
Spruce Run Reservoir,2020-08-10,26.030835723876976,0.0165997293467323,99866.07063802083,3.0789993869433876,286.42484823862713,398.4995752970378,1416.853391011556,0.0,24
Spruce Run Reservoir,2020-08-11,26.866670227050804,0.01811188777598242,99624.27897135417,3.582015950309254,260.72109572092694,413.6879056294759,1748.5680821736653,1.3952000215649605,24
Spruce Run Reservoir,2020-08-12,27.09333190917971,0.01795356689641873,99762.70182291667,2.486007766054968,253.95013300577799,427.9670702616374,1624.6134084065754,0.042400000093039125,24
Spruce Run Reservoir,2020-08-13,25.64083124796552,0.016655737650580704,99999.49283854167,1.68193387922147,206.81517696380615,403.1899948120117,1308.4933853149414,4.174399762821849,24
Spruce Run Reservoir,2020-09-05,19.271250661214214,0.008827670962394526,100183.95149739583,3.117603392566758,257.84838342666626,317.862491607666,0.0,0.0,24
Spruce Run Reservoir,2020-09-06,19.4941713968913,0.009105554257985204,100340.71842447917,2.8136734230544236,246.13155555725098,333.68540445963544,27.59466787179311,0.0,24
Spruce Run Reservoir,2020-09-07,20.162080383300804,0.011428300136079391,100033.0068359375,3.4735342929617534,244.65188026428223,341.13207626342773,13.688000454256931,0.0,24
Spruce Run Reservoir,2020-09-08,22.031252797444683,0.01264625023274372,100163.64095052083,2.311363612703849,244.52413733800253,355.6066551208496,71.81600181261699,0.0,24
Spruce Run Reservoir,2020-09-09,22.36291910807294,0.013207646009201804,100583.47005208333,2.9970141973024393,218.8655112584432,364.283743540446,99.45067063967387,0.0,24
Spruce Run Reservoir,2020-09-10,21.748742675781273,0.014995920976313451,100593.99446614583,1.9071465112978563,74.0805037021637,405.9308230082194,60.61866941054662,37.51799856685102,24
Spruce Run Reservoir,2020-09-11,21.852082824707054,0.013541250218016406,100265.10188802083,2.8542337934318263,223.4453047911326,384.94248962402344,12.450666725635529,0.006399999838322401,24
Spruce Run Reservoir,2020-10-16,14.074581400553408,0.00946536681537206,99799.33365885417,3.6630434459852896,45.66912716627121,355.61373774210614,5.440000315507253,9.386999589391053,24
Spruce Run Reservoir,2020-10-17,9.566664632161482,0.005199262561897437,100512.53548177083,3.515718615429749,178.14726026852927,286.555414835612,0.0,0.33339999068994075,24
Spruce Run Reservoir,2020-10-18,10.033743794759138,0.004575862558946635,101080.70703125,2.7239284274965443,165.44683917363486,270.2699960072835,0.3440000116825104,0.0005999999702908099,24
Spruce Run Reservoir,2020-10-19,13.171254730224632,0.008570791746024042,100769.37109375,3.1393169606405706,88.02208765347798,331.7216606140137,10.208000348260006,0.0,24
Spruce Run Reservoir,2020-10-20,17.558330790201847,0.010950695994930962,100469.28743489583,2.597692406964085,135.23004897435507,370.17874272664386,24.925334453582764,0.04679999896325171,24
Spruce Run Reservoir,2020-10-21,18.2837476094564,0.011480900187355777,100549.5732421875,3.190918211695523,147.5952147245407,349.1958262125651,247.85867754618326,0.04039999842643738,24
Spruce Run Reservoir,2020-10-22,19.341241455078148,0.012206021036642293,100472.421875,2.2243366735748213,150.53879857063293,348.76207224527997,299.5493500332038,0.0,24
Spruce Run Reservoir,2024-10-15,6.731249745686871,0.004173529159743339,99330.53776041667,4.588369981937684,121.35279122988383,282.22000312805176,10.262083351612091,0.0,24
Spruce Run Reservoir,2024-10-16,7.759581502278668,0.004291904139487694,99718.26302083333,4.395699357221969,153.09925063451132,285.996249516805,1.8987499674161274,0.0,24
Spruce Run Reservoir,2024-10-17,8.216664886474632,0.0043227041605859995,100431.03776041667,3.280506472961703,176.73758323987326,268.70957946777344,0.0512500007947286,0.0,24
Spruce Run Reservoir,2024-10-18,10.200835164388044,0.0042020874680019915,100928.67936197917,3.1019171722634677,173.43945852915445,263.98083368937176,0.0,0.0,24
Spruce Run Reservoir,2024-10-19,12.769165293375673,0.00463475002713191,101350.03385416667,1.2512665266180936,171.30333757400513,272.97291374206543,0.0,0.0,24
Spruce Run Reservoir,2024-10-20,13.435833231608095,0.0050799541641026735,100840.224609375,2.7566864194712437,170.50354115168253,273.046667098999,0.0,0.0,24
Spruce Run Reservoir,2024-10-21,15.822915649414085,0.005518941654978941,100380.79166666667,3.289601515073452,162.79108162721,299.28833134969074,0.0,0.0,24
Spruce Run Reservoir,2024-10-24,15.95541661580406,0.0071383041407292085,99495.91634114583,4.592429450478095,158.82729423046112,312.1608352661133,8.824166536331177,0.1388999968767166,24
Spruce Run Reservoir,2024-10-25,9.09708429972333,0.004488875041715801,100053.833984375,3.5959747852533597,161.2235004901886,257.5366687774658,0.0,0.0,24
Spruce Run Reservoir,2024-10-26,12.626250203450544,0.0047757874805635465,100006.525390625,5.090865942913019,145.0205405553182,316.73541768391925,0.7712500095367432,0.0,24
Spruce Run Reservoir,2024-10-27,8.174583689371767,0.0030483999968661615,100859.5244140625,3.277898316956089,159.25904337565103,246.29624938964844,0.0,0.0,24
Spruce Run Reservoir,2024-10-28,8.748750305175804,0.003128512490851184,101012.42447916667,2.2769024788649372,142.80462265014648,277.1995798746745,0.0,0.0,24
Spruce Run Reservoir,2024-10-29,10.79666926066083,0.0059671167012614506,101155.90852864583,3.5179449564497554,138.2028767267863,297.08458201090497,3.4616666436195374,0.0,24
Spruce Run Reservoir,2024-10-30,15.89958216349286,0.008284599927719682,100791.94954427083,3.301986916336731,144.59245840708414,335.824166615804,0.0,0.0,24
Swartswood Lake,2015-06-03,14.162494913737001,0.008912833446326355,99719.9345703125,2.8732915278046787,279.68272097905475,333.5449956258138,0.21600001056989035,0.46639998391037807,24
Swartswood Lake,2015-06-04,13.522500610351585,0.008615787626088908,99847.61002604167,3.4912610154267067,160.1179240544637,331.1629130045573,0.0,0.0,24
Swartswood Lake,2015-06-05,14.727501169840517,0.00984234184337159,99470.5498046875,1.6490864679334816,127.0947561065356,377.0824915568034,0.20800000925858816,0.06479999655857682,24
Swartswood Lake,2015-06-06,19.108748372395855,0.011685770975115398,98886.36197916667,3.143964520145731,257.5536781946818,375.2454083760579,331.0400161743164,0.1203999956487678,24
Swartswood Lake,2015-06-07,16.552082316080753,0.008938370951606581,99529.90104166667,3.615046216229366,263.110427459081,320.6466598510742,0.16000000884135565,0.0,24
Swartswood Lake,2015-06-08,18.863755798339866,0.012118316798781356,99019.6826171875,6.132124529747848,255.2518468697866,358.82957458496094,322.1946773529053,4.728399741870817,24
Swartswood Lake,2015-06-09,22.77958958943687,0.014539483585394919,98198.22526041667,6.000695285797373,258.5869725545247,399.5058250427246,465.8506882985433,20.08359964378178,24
Swartswood Lake,2016-07-07,26.63208669026695,0.017306395961592596,98489.95247395833,2.688518098919548,257.5552562872569,401.511656443278,1198.8747253417969,0.10520000022370368,24
Swartswood Lake,2016-07-08,25.858327484130882,0.01603426275930057,98506.83723958333,2.509114430821207,268.0917630990346,400.2387390136719,474.1226873397827,7.259599620476365,24
Swartswood Lake,2016-07-09,22.82040939331057,0.015520087753733,98587.75260416667,3.9655186961925852,180.2002590497335,403.29499435424805,410.7386865615845,0.7743999809026718,24
Swartswood Lake,2016-07-10,21.526663716634136,0.012803004394906262,98705.70182291667,3.485625014350114,264.3470533688863,383.14749399820965,116.7973382472992,14.1807996109128,24
Swartswood Lake,2016-07-11,20.88249486287437,0.011350595896753172,99330.35416666667,2.9721747376500818,327.4427281220754,350.41957728068036,9.586667058368525,0.0,24
Swartswood Lake,2016-07-12,22.329582468668644,0.010968979292859634,99457.04720052083,3.239643836881239,327.8000997702281,341.1137415568034,2.2160000999768577,0.0,24
Swartswood Lake,2016-07-13,23.617500559488956,0.014337937774447104,99298.63411458333,4.247990449884976,240.25009401639304,403.9895782470703,255.43201112747192,0.00959999964106828,24
Swartswood Lake,2016-09-21,22.915418243408226,0.01090580845872561,99655.48795572917,3.1841364410383544,215.19667879740396,340.83791097005206,49.94666944630444,0.0,24
Swartswood Lake,2016-09-22,21.76999944051109,0.008002600089336434,99634.17740885417,1.7591530115037477,219.58380111058554,324.598326365153,0.0,0.0,24
Swartswood Lake,2016-09-23,21.435416158040386,0.00964042090345174,99286.99869791667,2.5756266800130985,174.44375761349997,340.70457712809247,27.490667819976807,0.0,24
Swartswood Lake,2016-09-24,18.864581044514996,0.010209446055038521,99360.92740885417,3.1591177577929703,132.58046466112137,372.4474906921387,10.74666720100989,6.87399974532309,24
Swartswood Lake,2016-09-25,13.046670532226585,0.0052485750638879836,99719.22721354167,3.498513999345938,219.06563635667166,284.3241608937581,0.0,0.0,24
Swartswood Lake,2016-09-26,14.705004628499372,0.005591987554604809,99588.00748697917,3.545335061001904,187.94759011268616,301.3708267211914,0.0,0.0,24
Swartswood Lake,2016-09-27,18.78458429972333,0.009814529369274775,98928.56705729167,4.263132229578657,195.63921894629797,353.81666056315106,0.0,5.846799895167351,24
Swartswood Lake,2017-04-20,12.314167277018251,0.008086000084100911,99494.3974609375,2.9658060865571674,186.79800907770792,353.1974932352702,0.0346666673819224,0.8871999853290617,24
Swartswood Lake,2017-04-21,13.725001271565779,0.009049604220005373,98908.07877604167,4.660835859637955,215.77380084991455,352.33957544962567,0.877333382765452,13.102999971655663,24
Swartswood Lake,2017-04-22,11.697085316975935,0.00780885429897656,98894.1865234375,3.3259866016987742,83.19641987482707,344.2745755513509,5.274667017161846,1.250199943780899,24
Swartswood Lake,2017-04-23,9.390842692057314,0.005428591723709057,99305.31673177083,3.267490864099799,291.5418888727824,269.2545750935872,1.6906667153040569,0.0,24
Swartswood Lake,2017-04-24,11.610414123535179,0.006267020905700822,99470.84537760417,3.586692122536583,202.31080102920532,292.5274937947591,0.0,0.053199999034404755,24
Swartswood Lake,2017-04-25,11.09791208902997,0.007294475159142166,99235.4951171875,7.117832865066067,87.04004470507304,358.8354098002116,0.37866669613868,3.0621999158756807,24
Swartswood Lake,2017-04-26,15.356660461425804,0.010323062655515969,98397.21712239583,4.908676226001078,126.85817273457845,382.34957122802734,11.424000442028046,3.7281999181577703,24
Swartswood Lake,2017-05-24,14.980418141682966,0.009170179332916936,98334.62565104167,3.7517555333768957,193.23017581303915,345.0337448120117,4.213333547115326,0.6513999781745952,24
Swartswood Lake,2017-05-25,13.376669820149763,0.00906822516117245,98052.1806640625,6.037430544608795,170.93271481990814,360.10665639241535,10.442667106787363,13.595599689258961,24
Swartswood Lake,2017-05-26,16.509582773844425,0.01016418767782549,97775.5185546875,4.805092740742006,241.2913867632548,356.8483250935872,22.92000119543324,12.672599805984646,24
Swartswood Lake,2017-05-27,16.993328348795597,0.010114341819037994,98638.9677734375,2.5755670168621836,213.30709262688956,367.2174936930339,20.592000871896744,0.0,24
Swartswood Lake,2017-05-28,17.865415191650413,0.01160562519604961,98761.18326822917,3.640497631553091,188.02079876263937,379.9545758565267,20.35733421643575,0.0,24
Swartswood Lake,2017-05-29,14.554166412353538,0.009943908468509713,98856.76497395833,4.125395487647666,138.9748383363088,369.72165552775067,1.8106667498747508,7.240599702112377,24
Swartswood Lake,2017-05-30,14.358337656656923,0.009678908546144763,99476.08919270833,4.123940963092764,173.64304820696512,344.50707626342773,2.416000192364057,0.2887999994272832,24
Swartswood Lake,2017-05-31,17.56541722615562,0.010972745871792236,99167.90559895833,3.3340113822006248,271.8206384976705,353.83582560221356,557.0320195357004,1.539199994673254,24
Swartswood Lake,2017-06-01,18.30583470662437,0.00934253764959673,98956.75520833333,4.238107950656613,316.0893024603526,321.6337381998698,149.21867215633392,2.644199895890779,24
Swartswood Lake,2017-06-02,17.190838114420597,0.008186316719123473,98984.228515625,4.658051534592754,276.6800555388133,329.4091606140137,147.31467286745706,0.0,24
Swartswood Lake,2017-06-03,14.534167226155622,0.006841183407232165,99096.7333984375,4.70963297516625,296.84359669685364,298.44374720255536,49.09866870443026,1.0283999778330326,24
Swartswood Lake,2017-06-04,14.842080688476585,0.007799112567833315,99102.07552083333,2.4943064395176298,159.6465481122335,320.9070739746094,0.6133333841959635,4.408799874596298,24
Swartswood Lake,2017-06-05,19.683755493164085,0.012467179292192062,98351.4443359375,2.276024991707465,230.33792503674826,376.94749450683594,477.13335208098096,1.3691999688744545,24
Swartswood Lake,2017-06-06,16.087083435058616,0.010545229345249632,98338.12141927083,3.2153010942298046,199.75855040550232,359.56290944417316,47.658668626720704,15.391199679521378,24
Swartswood Lake,2017-06-07,12.671253458658876,0.007851633495495966,98944.4697265625,3.0682165498115683,251.12672019004822,337.66665776570636,15.82933426151673,0.04719999886583537,24
Swartswood Lake,2017-06-08,16.61499938964846,0.008563616720493883,99053.0634765625,2.9037793243391,322.27734835942584,315.95415751139325,2.544000173608462,0.0,24
Swartswood Lake,2017-06-09,16.93083470662437,0.008731633405356357,98507.421875,3.3479509928781983,309.2561388015747,315.2154057820638,227.8960100809733,0.0,24
Swartswood Lake,2017-06-10,20.13374481201174,0.010203420960654816,98975.86783854167,4.9642755241611765,275.56855487823486,342.44665908813477,193.24000922838846,0.19379999116063118,24
Swartswood Lake,2017-06-11,23.93666737874351,0.013540100151052078,99329.46223958333,5.339171598660301,324.8089327812195,359.71624120076496,299.86134945601225,0.0,24
Swartswood Lake,2017-06-12,25.009585316975933,0.01561309591246148,99216.1953125,3.741071648617444,324.587641954422,363.2274932861328,1030.0827151002984,0.0,24
Swartswood Lake,2017-07-05,23.145417785644554,0.013062204234302044,99606.0205078125,3.3199030844017194,329.40497001012164,361.9912452697754,154.16800638039908,0.0,24
Swartswood Lake,2017-07-06,21.569582875569683,0.012683083419688046,99549.39453125,3.5680340055914193,208.1931325594584,377.94040807088214,12.51733410730958,0.0,24
Swartswood Lake,2017-07-07,20.947082773844425,0.014255958531672755,98677.1640625,2.5142822795478406,184.88267397880554,401.80291112263996,158.3626751502355,62.83759791284683,24
Swartswood Lake,2017-07-08,23.50666961669924,0.014185287601624927,98387.5458984375,3.772520684609202,306.59205261866254,374.91915639241535,391.3733495076497,9.406399823725224,24
Swartswood Lake,2017-07-09,19.852920786539737,0.010266262649868926,98999.875,3.9548338847928157,335.2991006374359,327.84499231974286,8.877333482106527,0.0,24
Swartswood Lake,2017-07-10,21.498745218912784,0.011416816734708846,99268.27864583333,4.29397065392719,324.24147486686707,345.4537417093913,143.66134039560953,0.20079999812878668,24
Swartswood Lake,2017-07-11,24.736665344238304,0.01543615428575625,98967.24739583333,4.38023997787415,292.0820966561635,392.9574915568034,749.5760402679443,2.1275999596109614,24
Swartswood Lake,2017-07-12,25.415835316975933,0.015105737761283914,99096.53971354167,3.7406497918746187,278.84801348050433,391.36998748779297,564.8133595784506,0.6151999742724001,24
Swartswood Lake,2017-07-13,26.32666676839195,0.016209650319069624,99174.88118489583,2.9878137442473682,245.25551176071167,400.56374231974286,863.730712890625,2.9031999525614083,24
Swartswood Lake,2017-07-14,22.987915293375675,0.015808537796450157,99299.54850260417,2.8297502012890448,177.69563086827597,408.37207794189453,159.48267277081808,25.991999426390976,24
Swartswood Lake,2017-07-15,22.677081044514996,0.014171833521686494,99041.37825520833,3.115677022716239,291.26159914334613,383.6404101053874,100.22933769226074,1.346799971011933,24
Swartswood Lake,2017-07-16,22.158743794759136,0.012606029204713801,99050.82454427083,2.5981600113178427,325.0813880761464,349.6820755004883,314.68267976958305,0.0,24
Swartswood Lake,2017-07-17,24.297504679362003,0.014776529317411283,99196.84798177083,3.196604971861634,270.994637409846,378.83165613810223,1259.1173833211262,7.248799756169319,24
Swartswood Lake,2017-08-04,23.764168039957706,0.015551379299722612,99227.18001302083,3.9719568460504715,219.30030244588852,404.56707255045575,1056.5253982543945,12.91079920597258,24
Swartswood Lake,2017-08-05,22.4504219055176,0.013968954444862902,98832.43619791667,4.330350105080347,259.71334699789685,381.105406443278,515.936027844747,13.343599986284971,24
Swartswood Lake,2017-08-06,18.42374954223635,0.009660579283566525,99291.98209635417,4.463083730332737,248.35342927773794,324.11374282836914,6.933333576967319,0.0,24
Swartswood Lake,2017-08-07,17.291249847412132,0.010768020952430865,99334.20182291667,3.043109867473413,109.71950676043828,362.7391611735026,8.573333812256655,11.242399699985981,24
Swartswood Lake,2017-08-08,18.972079213460308,0.011432250146754086,99026.515625,2.651073824615239,271.1246793816487,365.9799919128418,96.09600464502971,0.27919999696314335,24
Swartswood Lake,2017-08-09,20.867913818359398,0.010505787601384023,99658.36295572917,2.0674224693272625,303.6108462015788,331.4316584269206,27.58933440844218,0.0,24
Swartswood Lake,2017-08-10,21.55291392008466,0.011094075084353486,99855.3857421875,2.187771399717112,298.49097601572674,338.980406443278,43.562668561935425,0.0,24
Swartswood Lake,2017-09-21,22.108750915527366,0.012773041729815304,99231.20279947917,4.286907715341841,206.12984323501587,359.91665903727215,27.882667899131775,0.0,24
Swartswood Lake,2017-09-22,20.207915242513042,0.010293566815865537,99375.138671875,4.521822213300546,210.35325972239175,337.0624936421712,0.0,0.0,24
Swartswood Lake,2017-09-23,21.812080637613956,0.011241054239993295,99302.51822916667,4.155652448286609,215.95800987879434,367.8758252461751,0.0,0.0,24
Swartswood Lake,2017-09-24,23.374166107177757,0.011792158475145698,99393.65104166667,2.0659252443764258,210.36942672729492,357.42957433064777,118.20000569025676,0.0,24
Swartswood Lake,2017-09-25,24.649168904622417,0.014206070996200046,99333.08203125,1.946251583423692,207.3313443263372,376.22165934244794,486.5013558069865,0.0,24
Swartswood Lake,2017-09-26,23.077910359700542,0.014049346093088388,99294.8486328125,2.3656392654280136,201.88796997070312,369.9345766703288,235.48267835378647,0.0,24
Swartswood Lake,2017-09-27,23.400835927327496,0.014209179362903038,98892.34505208333,2.3328174597627216,191.9517608086268,374.99165598551434,268.25334344307583,0.0,24
Swartswood Lake,2017-09-28,20.56416473388674,0.011316862655803561,98531.3935546875,5.518377894519195,210.25913627942404,336.2120780944824,109.56267298012972,0.0,24
Swartswood Lake,2017-09-29,12.611665344238304,0.006207333431423952,99201.59147135417,3.807864723380226,172.1997593442599,302.50124231974286,1.2453333536783855,0.0,24
Swartswood Lake,2017-09-30,13.146248118082704,0.00681642508910348,99489.3310546875,4.739608859537707,129.24446358283362,320.7812436421712,7.216000314801931,1.071399946755264,24
Swartswood Lake,2017-10-01,12.332086181640648,0.006335695933861037,100261.2236328125,2.807138392885976,207.16317467888197,303.4670778910319,0.0,0.0,24
Swartswood Lake,2017-10-02,13.459998067220075,0.005599750070056568,100341.00520833333,2.3928670059668495,208.1890116892755,273.9104086558024,0.0,0.0,24
Swartswood Lake,2017-10-03,14.58041661580406,0.006847545853815973,100898.861328125,2.8578809460695322,195.27350902557373,296.98207728068036,0.04000000158945719,0.0,24
Swartswood Lake,2017-10-04,15.351253763834658,0.008308608434163034,100465.65299479167,4.566681469955042,199.33888467152914,300.29666264851886,0.0,0.0,24
Swartswood Lake,2018-06-26,17.019998168945335,0.008588112580279509,99787.521484375,3.0898582931441596,310.9885606765747,314.2416623433431,0.0,0.0,24
Swartswood Lake,2018-06-27,19.089163716634136,0.012472108549748858,99323.75032552083,5.01467227339431,144.01575867335,364.33582433064777,28.040001432100933,2.728399886022089,24
Swartswood Lake,2018-06-28,22.08083368937177,0.014585146020787457,98565.0107421875,4.488765742497347,223.66430274645487,401.4387385050456,390.8960202932358,19.665999540826306,24
Swartswood Lake,2018-06-29,24.02874399820966,0.014643895983075103,98911.798828125,3.564806802243073,324.6273925304413,366.24166107177734,470.3893571694692,0.0,24
Swartswood Lake,2018-06-30,24.937497711181663,0.014577091865551969,99277.341796875,3.2703877181619885,322.9500166575114,362.65540822347003,505.38935575447977,0.0,24
Swartswood Lake,2018-07-01,26.745000457763695,0.016708208442044754,99232.923828125,3.0739313960816026,316.47634919484454,378.68790944417316,1581.9414138793945,0.0,24
Swartswood Lake,2018-07-02,27.41083679199221,0.01734805421438068,99346.4638671875,2.6938620737276167,329.6174333890279,384.1679089864095,1875.872085571289,0.0,24
Swartswood Lake,2018-07-05,26.612917836507183,0.018026025189707678,99995.896484375,3.3420874656216886,289.1521791617076,414.564156850179,1659.4827295939128,0.007199999876320362,24
Swartswood Lake,2018-07-06,25.423328653971378,0.016622491762973368,99351.71875,5.192308178934491,232.75730141003928,410.595406850179,900.5893742243449,2.385199917596765,24
Swartswood Lake,2018-07-07,17.547915395100933,0.008885441716605177,99991.55859375,3.79132812465666,342.27868398030597,301.6120770772298,0.0,0.0,24
Swartswood Lake,2018-07-08,18.94541193644208,0.008850591722875834,100251.6171875,0.9306830096687864,338.3326009114583,312.73499298095703,0.0,0.0,24
Swartswood Lake,2018-07-09,20.58166020711265,0.010454716859385371,99804.94986979167,3.3792342973467018,335.72939411799115,325.31041208902997,0.0,0.0,24
Swartswood Lake,2018-07-10,23.07916666666669,0.012914595853847763,99040.04817708333,3.5845894038552633,328.03614075978595,349.60249455769855,289.66134667396545,0.0,24
Swartswood Lake,2018-07-11,24.16958389282229,0.013502883492037654,98966.60416666667,3.7764527836123993,289.29672543207806,372.70374425252277,510.36802474657696,0.8747999630868435,24
Swartswood Lake,2018-09-12,21.972913360595726,0.014554621069692075,99816.111328125,2.2563138083070444,151.42479793230692,405.3874918619792,235.8453416476647,17.39359914913075,24
Swartswood Lake,2018-09-13,20.847500101725284,0.01407038769684732,100019.43522135417,3.065402711437301,168.93996834754944,390.0024897257487,153.2026754717032,1.2717999924207106,24
Swartswood Lake,2018-09-14,21.293340301513695,0.014271158530997733,99889.52180989583,3.3777441841109215,187.1324271361033,383.29332605997723,98.46400538956125,1.0075999763212167,24
Swartswood Lake,2018-09-15,21.41208419799807,0.014140041933084527,99819.16764322917,1.8451115117466002,210.1115132967631,380.26790618896484,123.06933832168579,0.024399999529123306,24
Swartswood Lake,2018-09-16,22.763748423258487,0.014154633468327424,99780.91048177083,2.129311281303676,228.48784120877585,358.53624216715497,149.5413400133451,0.0,24
Swartswood Lake,2018-09-17,22.337495422363304,0.014264845948976776,99562.70442708333,3.334932372840187,173.3705524802208,371.9304059346517,87.47467058897018,7.803999740630388,24
Swartswood Lake,2018-09-18,20.90541737874351,0.014533183459813396,98630.7470703125,3.4987444738454663,113.2237966855367,405.7245750427246,76.00800282756488,18.803199730813503,24
Swartswood Lake,2018-10-12,15.298745727539085,0.009661087630471835,97994.49055989583,6.317608281902075,185.6909646987915,321.65124257405597,4.46133347072949,1.095999950543046,24
Swartswood Lake,2018-10-13,7.600000000000023,0.005570929225844641,98601.2021484375,3.7719558655749577,90.85950406392415,295.4341627756755,12.573333779970804,4.867999947833596,24
Swartswood Lake,2018-10-14,7.8424952189127835,0.00533012921611468,99622.4375,3.1269507869980955,116.379714012146,281.9283250172933,0.0,0.029199998825788498,24
Swartswood Lake,2018-10-15,11.547915395100935,0.008073833480011672,99352.61588541667,5.120574821062581,65.83812856674194,342.38582611083984,2.9280002117156982,1.2359999748296104,24
Swartswood Lake,2018-10-16,10.891670481363954,0.006346295956367006,99236.86490885417,6.334554317108323,177.7168000539144,288.7479108174642,10.234667132298151,1.9599999053752981,24
Swartswood Lake,2018-10-17,7.842917378743512,0.004991908383090049,99017.94205729167,6.098806634905661,152.9290076891581,268.84582646687824,17.07733408610026,0.0,24
Swartswood Lake,2018-10-18,4.986254628499371,0.0036380458526158086,99837.74641927083,7.638900556792578,139.85246427853903,290.71957778930664,17.706667482852936,0.0,24
Swartswood Lake,2019-09-11,22.925005849202496,0.015030437847599387,99760.62727864583,4.830442650715928,232.15938742955527,378.2762400309245,846.3680463259419,0.0,24
Swartswood Lake,2019-09-12,24.46625162760419,0.015455675272581479,99389.10970052083,3.024501240038665,159.14534302552542,398.41665776570636,702.8347055117289,0.0,24
Swartswood Lake,2019-09-13,16.843747711181663,0.010086300084367394,100369.94466145833,5.194789955656968,165.7644656499227,370.33082326253253,1.474666788863639,0.0,24
Swartswood Lake,2019-09-14,16.869583384195987,0.010793291769611338,100144.80533854167,4.4220935659798855,93.92117091019948,374.6162401835124,0.0,0.0,24
Swartswood Lake,2019-09-15,20.945415751139347,0.01225687093877544,99671.685546875,3.733481230471824,233.6936330795288,352.4674886067708,45.14133584499359,0.0,24
Swartswood Lake,2019-09-16,19.322080230712913,0.01089305003794531,99328.95279947917,2.2486821276752145,123.72975665330887,366.4441566467285,29.981334686279297,0.0,24
Swartswood Lake,2019-09-17,17.651663716634136,0.00902453763410449,99493.89680989583,3.3347299428196195,233.0209263563156,320.25915908813477,0.8320000171661377,0.0,24
Swartswood Lake,2019-09-20,15.162500000000023,0.007217004254925996,100007.42252604167,3.7022869727416623,226.52250695228577,287.0562451680501,0.0,0.0,24
Swartswood Lake,2019-09-21,18.478752390543644,0.00918229593662545,99854.96321614583,3.2246856669589268,224.6690955956777,312.5366579691569,0.0,0.0,24
Swartswood Lake,2019-09-22,20.921257273356144,0.011656266869977117,99618.83528645833,3.3046751918615347,214.97301197052002,345.4820747375488,89.44000452756882,0.0,24
Swartswood Lake,2019-09-23,23.560416158040386,0.01348592092593511,98858.1748046875,5.382014804729203,207.0762594540914,369.6254081726074,40.53333450419208,0.0,24
Swartswood Lake,2019-09-24,19.85499725341799,0.010455658465313414,98470.4091796875,5.093847176754551,210.56017661094666,343.5579096476237,76.16533575455348,0.0,24
Swartswood Lake,2019-09-25,17.599588012695335,0.009157600114122033,98758.44075520833,3.4929585759887996,215.23438819249472,326.114995320638,3.544000138839086,0.0,24
Swartswood Lake,2019-09-26,19.10875218709312,0.009863412628571192,98545.02734375,4.411293236379117,165.23354597886404,338.035826365153,14.845334271589914,0.0,24
Swartswood Lake,2019-09-27,15.916246032714866,0.007537354249507189,99335.42838541667,3.384630411793475,212.92863130569458,293.6254119873047,0.0,0.0,24
Swartswood Lake,2019-09-28,18.88583145141604,0.011078746019241711,99455.22688802083,4.382055298781864,200.80288497606912,344.09040959676105,425.5200198491414,0.0,24
Swartswood Lake,2019-09-29,21.265414174397808,0.011838662709730366,99790.31998697917,3.831003489105917,201.19238410393396,354.8924929300944,276.3893462307751,0.0,24
Swartswood Lake,2019-09-30,15.29916661580406,0.008604016795288771,100072.01822916667,3.469791831266377,76.6011285285155,356.07248942057294,0.0,0.0,24
Swartswood Lake,2019-10-01,19.04500478108726,0.011836166765230397,99459.2451171875,4.842402937367346,193.19505231579146,379.02541097005206,118.82400639851888,0.0,24
Swartswood Lake,2019-10-04,14.516665395100935,0.008475008440048745,99301.62727864583,5.230971441617998,186.23234176635742,324.62916056315106,4.752000133196513,0.0,24
Swartswood Lake,2019-10-05,7.8566655476888245,0.004628804211582367,100381.73307291667,3.327795024629238,204.5228001276652,248.08999506632486,0.0,0.0,24
Swartswood Lake,2019-10-06,11.801249440511091,0.008022791744830707,100110.7236328125,4.99632177122502,61.338711182276406,334.50791295369464,0.03200000089903673,0.0,24
Swartswood Lake,2019-10-07,18.86166915893557,0.01218138348000745,99587.40299479167,6.846258021900714,74.07242043813069,394.51123809814453,23.40266791979472,0.0,24
Swartswood Lake,2019-10-08,14.668335215250673,0.008097812572183708,99871.35579427083,4.83837488436133,148.50109068552652,352.41749318440753,0.10133333752552669,0.0,24
Swartswood Lake,2019-10-09,11.410001373291038,0.006759154261089861,99983.80924479167,6.040441444410297,76.23237864176433,332.1649907430013,0.0,0.0,24
Swartswood Lake,2019-10-10,12.836250559488954,0.006653445928047101,100006.40071614583,6.552224750504329,146.87646627426147,336.15874735514325,0.0,0.0,24
Swartswood Lake,2019-10-11,12.823745981852236,0.006040208410316457,99660.27766927083,6.701669662616187,156.21725718180338,325.36457443237305,0.0,0.0,24
Swartswood Lake,2019-10-12,13.624588267008486,0.007848358422052115,99134.81315104167,3.43152101351034,150.56417163213095,343.7012418111165,0.0,0.0,24
Swartswood Lake,2019-10-13,13.0670842488607,0.006869350055543085,99259.96256510417,2.823943270827917,180.92846632003784,293.6112429300944,0.0,0.0,24
Swartswood Lake,2019-10-14,12.822499847412132,0.006547283381223679,99056.1640625,3.891813236862161,181.14713048934937,291.9824956258138,0.0,0.0,24
Swartswood Lake,2019-10-15,10.439591979980491,0.004948970881135513,99482.57063802083,3.147432964840281,178.01867405573526,266.6204090118408,0.0,0.0,24
Swartswood Lake,2019-10-16,11.571253712972029,0.007249545965654154,98667.6435546875,6.0473743036820204,111.08758842945099,309.5749931335449,39.03733513752619,0.0,24
Swartswood Lake,2019-10-17,10.58917134602867,0.0067014666662241025,96992.60970052083,10.282408021311326,91.3114218711853,317.2941614786784,2.4746667432288327,0.0,24
Swartswood Lake,2019-10-18,9.402088419596376,0.005525329247272263,98367.1328125,8.126582089361799,171.59142557779947,285.93249638875324,0.0,0.0,24
Swartswood Lake,2019-10-19,6.974998728434268,0.004836629203055054,99229.21223958333,3.205455473733197,173.18750993410745,251.5120792388916,0.0,0.0,24
Swartswood Lake,2019-10-20,9.448753611246767,0.00597555423155427,99165.43684895833,2.505605754876319,53.188919166723885,313.0816599527995,0.0,0.0,24
Swartswood Lake,2019-10-21,12.307497914632185,0.007700758404098451,99244.544921875,3.727849186211266,165.3931334813436,313.48582967122394,0.0,0.0,24
Swartswood Lake,2019-10-22,12.702077484130882,0.008430366734197984,99179.4541015625,4.773580850165283,65.48287787040074,336.29624303181964,0.0,3.634999897069065,24
Swartswood Lake,2020-07-07,23.711662546793644,0.015949600220968325,99401.72916666667,3.9299180414112023,295.7435561815898,389.3204065958659,1147.0613814989727,0.0007999999797903001,24
Swartswood Lake,2020-07-08,24.70499699910484,0.016724437669230003,99204.75618489583,3.4482783158006995,229.02667554219565,404.82290903727215,987.9467035929362,7.422800099011511,24
Swartswood Lake,2020-07-09,25.553745524088566,0.016292746062390506,99075.38541666667,2.948386454333038,319.0645120938619,391.4487419128418,786.677370707194,0.2812000047415495,24
Swartswood Lake,2020-07-10,23.608335113525413,0.01643142942339182,98888.49641927083,4.5543263593230385,181.69121519724527,393.9987424214681,349.6666799386342,52.44719886779785,24
Swartswood Lake,2020-07-11,22.497911071777366,0.0151132126726831,98181.75553385417,4.014034829376429,242.88726258277893,405.33498764038086,516.4346932570139,9.36279970803298,24
Swartswood Lake,2020-07-12,23.550828552246116,0.013984087621793151,98240.5048828125,5.000522390176337,310.0385576883952,376.59040959676105,268.10401419798535,0.01119999960064888,24
Swartswood Lake,2020-07-13,24.061255391438824,0.013753979350440204,98475.3955078125,3.611333253896918,318.35047070185345,378.59540939331055,481.3493531545003,3.9159999638795853,24
Swartswood Lake,2020-07-14,22.669165547688824,0.012503370991908014,98931.01822916667,3.6572442440438593,325.18068170547485,362.34790802001953,370.91202117005986,0.0,24
Swartswood Lake,2020-07-15,22.456667836507183,0.013036850141361356,99602.48990885417,2.912581692862641,309.5548451741536,364.802490234375,116.73333764076233,0.0,24
Swartswood Lake,2020-07-16,21.88791427612307,0.013710412778891623,99952.4970703125,4.387659645702105,238.1802191734314,380.22124099731445,17.237334032853443,0.0,24
Swartswood Lake,2020-07-17,22.131665802001976,0.014797054308777055,99577.83333333333,3.8966428430435633,251.38309228420258,402.2387402852376,593.1520280043284,0.23359999060630798,24
Swartswood Lake,2020-07-18,26.524578348795597,0.016397383452082675,99354.80826822917,2.123643638800933,322.3802653948466,387.72290802001953,976.0800501505533,0.0,24
Swartswood Lake,2020-07-19,26.383752441406273,0.015567450202070177,99044.81477864583,4.551566675148079,314.0997214317322,378.93332799275714,794.6907059351603,0.00039999998989515007,24
Swartswood Lake,2020-07-20,28.072499847412132,0.01819887508948644,98702.47688802083,4.674447554870162,311.26301670074463,412.9958267211914,1562.2827250162761,0.01039999967906624,24
Swartswood Lake,2020-07-21,25.84333190917971,0.014693908393383026,99119.99837239583,2.9051283723277517,316.0824327468872,377.4145762125651,296.3626820615803,0.0,24
Swartswood Lake,2020-07-22,27.5791692097982,0.016434112680144608,99184.35546875,2.076016156683967,265.53659772872925,414.8404083251953,753.8000399271647,17.666799820959568,24
Swartswood Lake,2020-07-23,26.22625376383466,0.01685957928809027,99223.12044270833,3.8560560470194045,237.96051140626273,414.0249938964844,972.1413828531901,3.8963999249390326,24
Swartswood Lake,2020-07-24,25.511248524983746,0.015742079238407314,99381.11490885417,2.388165683267454,268.95280234018963,402.82665761311847,597.9760255813599,0.8097999896854162,24
Swartswood Lake,2020-07-25,24.965000406901066,0.015154933362888793,99447.93229166667,2.753744528866537,312.51601747671765,378.39624150594074,518.4666953086853,0.0,24
Swartswood Lake,2020-07-26,26.444998677571636,0.016353375278413296,99199.43815104167,4.608923729533459,314.5476420323054,387.8804079691569,227.592009862264,0.0,24
Swartswood Lake,2020-07-27,26.319998677571636,0.01586067924896876,98703.1630859375,4.602861469005675,314.936931292216,376.4079055786133,482.44802236557007,0.0,24
Swartswood Lake,2020-07-31,23.980835215250675,0.014003150126275917,98612.064453125,2.67408005596664,179.3088440398375,399.41332117716473,154.800008055754,12.290799781825626,24
Swartswood Lake,2020-08-01,24.64333368937177,0.013690962727802495,98840.958984375,1.851580157846486,302.6604295571645,380.67082595825195,63.08000290393829,0.0,24
Swartswood Lake,2020-08-02,24.777913665771507,0.016703662540142734,98863.88509114583,4.271116531859286,177.00950753688812,423.7333234151204,725.2400246461233,10.73159994930029,24
Swartswood Lake,2020-08-03,24.972913360595726,0.014385741747294864,99034.87858072917,4.695978512772243,302.13451460997265,379.6620737711589,393.55469267070293,7.223599806427956,24
Swartswood Lake,2020-08-04,22.637502288818382,0.015225433589269718,98790.71484375,5.317344471519481,130.77162925402322,408.9449933369954,300.19468533465016,104.51519737951458,24
Swartswood Lake,2020-08-05,22.549579874674503,0.013340950245037675,99088.97884114583,3.6692831738447835,304.99372507135075,370.6329116821289,49.642668883005776,12.585199639201164,24
Swartswood Lake,2020-08-06,21.603344217936222,0.011641129308069745,99440.1630859375,2.9754361615920746,256.2600111265977,364.08666102091473,13.885334281871716,0.2999999807216227,24
Swartswood Lake,2020-08-07,20.704167938232445,0.012716387670176724,99565.78287760417,3.2860875835892878,179.81630044182143,381.09124120076496,81.65867078304291,3.27279993891716,24
Swartswood Lake,2020-08-08,21.712080891927105,0.014146000108060738,99650.67122395833,2.5153294368922396,234.5970534582933,388.3116569519043,653.8480279445648,0.7055999552831054,24
Swartswood Lake,2020-08-09,23.732087707519554,0.015189583490913114,99507.73502604167,3.2005365755138855,279.45497639973956,376.44832611083984,737.3387028376261,0.0,24
Swartswood Lake,2020-08-10,25.617917633056663,0.016013712622225285,99263.02962239583,3.4033475767048755,290.6328471501668,390.3395767211914,1011.237377166748,0.0,24
Swartswood Lake,2020-08-11,26.51000493367515,0.017752670915797353,99017.3994140625,4.200826227237614,262.9825948079427,405.98415756225586,1544.7200724283855,0.0,24
Swartswood Lake,2020-08-12,26.843748982747417,0.017528633509452145,99156.00944010417,2.7908812432022727,264.98163382212323,421.8783264160156,1223.0560480753581,0.007999999448657036,24
Swartswood Lake,2020-08-13,25.34041493733726,0.016252487432211637,99398.6396484375,2.121442860274242,207.11017417907715,396.9929059346517,1112.2133928934734,0.5967999696731567,24
Swartswood Lake,2020-09-05,18.685837046305362,0.008434170915279537,99569.10026041667,3.597969504868462,256.27488565444946,313.0387420654297,0.06933333724737167,0.0,24
Swartswood Lake,2020-09-06,19.28666966756187,0.008947254255569229,99716.18391927083,3.297765492094839,238.86654917399088,335.2095756530762,27.632001203795273,0.0,24
Swartswood Lake,2020-09-07,20.005415852864605,0.011228500244518122,99408.82063802083,4.4511427701559425,244.9543865521749,337.34374109903973,6.229333537941177,0.0,24
Swartswood Lake,2020-09-08,21.85375493367515,0.01228080018578718,99554.14778645833,2.797151704988172,243.51263761520386,352.783743540446,31.170667444045346,0.0,24
Swartswood Lake,2020-09-09,22.267083740234398,0.012677912600338459,99979.33658854167,2.771129333531491,223.22459316253662,359.09041086832684,39.34933465719223,0.0,24
Swartswood Lake,2020-09-10,21.142078653971378,0.014522970964511236,100002.60774739583,1.7054551753554783,71.219420115153,401.3683255513509,34.48000169638544,16.237999656703323,24
Swartswood Lake,2020-09-11,21.41249745686851,0.013260333488384882,99677.84928385417,2.9435523832091683,220.68513671557108,379.51915740966797,6.600000311310093,0.0,24
Swartswood Lake,2020-10-16,13.827498372395857,0.009312183499181023,99172.42610677083,4.508436539511441,46.4274596174558,352.13124084472656,2.5413334562132754,7.497399825137109,24
Swartswood Lake,2020-10-17,9.17624689737958,0.004979695882260178,99870.32194010417,4.255898780153093,176.83525840441385,284.438325881958,0.0,0.24859999865293503,24
Swartswood Lake,2020-10-18,9.809995269775413,0.0043921625571480645,100431.82649739583,3.4559081473005278,167.1255078315735,266.4208291371663,0.0,0.0,24
Swartswood Lake,2020-10-19,12.881252543131533,0.00855487515218556,100148.51790364583,3.7054433896333254,79.45291916529338,330.44332122802734,11.288000265757242,0.0,24
Swartswood Lake,2020-10-20,17.276658630371116,0.010822529361272851,99845.84765625,3.4887287706272114,122.96671394507091,371.62707265218097,10.010667003380755,0.3271999955177307,24
Swartswood Lake,2020-10-21,18.21083221435549,0.011424650088883936,99920.18717447917,3.887334396193499,145.24188423156738,348.5187390645345,228.58401107788086,0.19759999215602875,24
Swartswood Lake,2020-10-22,19.370411173502628,0.012117287687336406,99855.70182291667,2.8784494629546784,148.7638000448545,347.0254096984863,195.376007715861,0.0,24
Swartswood Lake,2024-10-15,6.249585723876976,0.004209150016928713,98677.1083984375,5.012786453895471,116.3454573949178,279.49416732788086,18.58791681130727,0.0,24
Swartswood Lake,2024-10-16,7.686250305175804,0.004425375004454206,99073.1884765625,5.290941107970219,150.35441756248474,289.66666412353516,4.568333248297374,0.11010000109672546,24
Swartswood Lake,2024-10-17,7.25333175659182,0.004217995854560286,99798.52506510417,3.2339260581483464,176.12224864959717,254.76333300272623,0.0,0.0,24
Swartswood Lake,2024-10-18,9.867917633056663,0.0042529374865504605,100301.375,3.4893361156129763,172.09921216964722,261.8370812733968,0.0,0.0,24
Swartswood Lake,2024-10-19,12.611250813802107,0.0046262624964583665,100707.2421875,1.5586359981461217,170.30253974596658,270.2949968973796,0.0,0.0,24
Swartswood Lake,2024-10-20,13.474585469563825,0.0050431750326727824,100199.28255208333,3.24445976838488,169.50641882419586,270.32125027974445,0.0,0.0,24
Swartswood Lake,2024-10-21,15.935831960042341,0.005654283314167212,99753.74967447917,3.647163785246073,158.80937600135803,301.7033322652181,0.0,0.0,24
Swartswood Lake,2024-10-24,15.76749954223635,0.007079991628415883,98887.529296875,4.970743442251613,157.86224830150604,309.76500193277997,6.449583361546199,0.19529999367659912,24
Swartswood Lake,2024-10-25,8.662500000000023,0.004492691659834236,99417.69986979167,3.618729503722164,159.89621035257974,254.41875139872232,0.0,0.0,24
Swartswood Lake,2024-10-26,12.33708216349286,0.004852054252599676,99369.51692708333,5.78350296054285,142.64645926157633,315.7725028991699,2.920416665573915,0.0,24
Swartswood Lake,2024-10-27,7.880414581298851,0.0030872083249657103,100216.1376953125,3.6603899021766444,158.15862560272217,244.08791732788086,0.0,0.0,24
Swartswood Lake,2024-10-28,8.664585367838564,0.003193108335835859,100374.17154947917,2.557415377091816,141.82741705576578,278.55541737874347,0.0,0.0,24
Swartswood Lake,2024-10-29,10.55166905721031,0.00599096663063392,100528.51692708333,4.3480068286572475,138.19274965922037,293.9287503560384,3.505833299985776,0.0,24
Swartswood Lake,2024-10-30,15.771250661214216,0.0083796750404872,100151.53776041667,3.7528998317569715,143.51320807139078,335.7862497965495,0.1699999993046125,0.0,24
Union Lake,2015-06-03,14.987911478678408,0.009582066830868522,101888.2548828125,4.9484951168875835,77.17171229918797,381.4937400817871,0.0,3.9879999309778214,24
Union Lake,2015-06-04,15.695832824707054,0.009964104237345358,102002.83658854167,5.238883096456463,96.84892173608144,382.0462417602539,0.0,0.4875999987125397,24
Union Lake,2015-06-05,16.002914683024112,0.010278441788007816,101640.1240234375,4.013912095103866,121.0990884701411,387.3424873352051,0.0,3.698399963788688,24
Union Lake,2015-06-06,19.914580281575542,0.012210720994820198,101076.89485677083,2.1268722640249647,248.14934198061624,384.6329053243001,511.10135825475055,0.9491999801248312,24
Union Lake,2015-06-07,18.9520825703939,0.010824554289380709,101781.95475260417,3.1375893786721307,311.43809747695923,340.4241549173991,86.28000322977702,0.0,24
Union Lake,2015-06-08,19.86541900634768,0.012057350172350803,101370.26888020833,5.679058418307744,309.5886797904968,349.6137466430664,105.03200496236484,0.0,24
Union Lake,2015-06-09,23.440007781982445,0.014383266873968145,100522.97200520833,6.025979667950828,272.61080439885455,403.1049995422363,622.7040259043375,11.444800046214368,24
Union Lake,2016-07-07,27.34125162760419,0.017719446138168376,100700.03255208333,2.5144031981287056,287.48093152046204,409.239990234375,1149.9227345784504,0.0,24
Union Lake,2016-07-08,28.303744252522808,0.01834776283552249,100626.78450520833,2.3278691588502025,300.9792637825012,426.9362449645996,1208.5280532836914,0.0023999998811632395,24
Union Lake,2016-07-09,24.92707722981773,0.017345271073281765,100749.96549479167,3.3939578094242773,171.6889238357544,421.0029042561849,548.0160280863444,15.27719962730771,24
Union Lake,2016-07-10,24.28583170572919,0.014285704353824258,100930.10188802083,3.599285674779297,319.42106040318805,383.5687370300293,345.2586838205655,5.4079999923706055,24
Union Lake,2016-07-11,23.867075856526714,0.012778179331993064,101534.9140625,2.4826271348213353,327.79338725407916,374.78873443603516,1.597333421309789,0.0,24
Union Lake,2016-07-12,23.612500762939476,0.013131912681274116,101693.3671875,2.7322021304475563,326.5495974222819,355.6016591389974,12.114667197068533,0.0,24
Union Lake,2016-07-13,24.51500218709312,0.015942604358618457,101550.31380208333,3.6170937014026556,195.4717572927475,412.4095751444499,216.00000822544098,2.9575999584048986,24
Union Lake,2016-09-21,23.92707977294924,0.014437608576069275,101803.56868489583,2.396227506496951,205.49884351094565,378.2524871826172,103.82400484879811,0.0,24
Union Lake,2016-09-22,22.170415496826195,0.011915500120570263,101791.40397135417,2.9728418900729205,217.84747203191122,347.4529113769531,0.0,0.0,24
Union Lake,2016-09-23,22.106661732991558,0.012127637669133643,101498.81184895833,2.0087273647147734,219.3797608613968,349.7645785013835,26.885334809621174,0.018799999728798866,24
Union Lake,2016-09-24,20.62958679199221,0.012620062644903859,101493.70052083333,3.17057490635058,103.54487931728363,382.9824867248535,11.533333957195282,0.0,24
Union Lake,2016-09-25,17.480832672119163,0.007898041706842681,101917.974609375,2.3464458151887206,223.86513594786325,327.6516621907552,8.477333803971609,0.0,24
Union Lake,2016-09-26,16.35291951497398,0.007318154210224748,101871.31380208333,3.6212063974642743,157.61942291259766,322.8858286539714,0.0,0.5063999891281128,24
Union Lake,2016-09-27,20.992917633056663,0.012309496058151126,101207.5810546875,3.9619186960996426,167.23371651768684,387.5199966430664,2.594666766623656,2.7499998658895493,24
Union Lake,2017-04-20,15.447504933675154,0.008903650140079359,101779.54427083333,3.0398731737917135,228.2583417892456,355.0608202616374,2.14666677514712,0.0,24
Union Lake,2017-04-21,16.96041895548505,0.010179054263668755,101085.75911458333,2.862433716425853,246.48797225952148,355.4433288574219,102.9733401487271,4.537799834681209,24
Union Lake,2017-04-22,14.185002899169945,0.009336137600863973,101086.18619791667,2.866641067632166,60.06041884422302,363.46248626708984,4.642666858931382,4.515599896200001,24
Union Lake,2017-04-23,11.196257527669294,0.006238775114373614,101584.54361979167,3.551900573313688,278.98939037323,297.4187469482422,0.0,0.24079999700188637,24
Union Lake,2017-04-24,10.100415802001976,0.006525504228193313,101712.73860677083,4.292334071066908,80.05096260706584,327.29249572753906,0.0,0.19319999497383833,24
Union Lake,2017-04-25,12.228747304280622,0.00821234171356385,101119.5751953125,8.113491129023988,109.58487908045451,364.1104100545247,2.334666778643926,18.497799735851004,24
Union Lake,2017-04-26,15.37665710449221,0.009946112637408078,100454.79036458333,2.7780143093250964,115.2575896581014,383.8199920654297,4.718666896224022,4.899999789893627,24
Union Lake,2017-05-24,15.651249186197939,0.009774395963177085,100543.95833333333,4.1307386275536135,157.53200467427573,369.7533264160156,0.40266668299833935,3.2131999246776104,24
Union Lake,2017-05-25,16.564168548584007,0.01077925848464171,100091.67415364583,4.735533690797588,175.36271588007608,381.09665807088214,197.28000736236572,22.341199450194836,24
Union Lake,2017-05-26,18.39249445597333,0.010951437638141215,100102.8779296875,5.249736265604984,261.38838615020114,357.6929066975911,139.40267209211984,11.547400043084053,24
Union Lake,2017-05-27,18.358328755696636,0.010260375177798172,100947.1806640625,3.4893189737828787,227.30642700195312,356.41290791829425,1.9893334309260051,4.309199802577496,24
Union Lake,2017-05-28,18.75791447957359,0.01154580848136296,101000.30338541667,2.921585449365349,207.34396958351135,369.55749130249023,1.978666755060355,0.07479999959468842,24
Union Lake,2017-05-29,17.697918192545597,0.011378791842920085,100968.92545572917,3.0424317725280097,193.05701073010763,385.4124933878581,9.874667083223661,5.2639998234808445,24
Union Lake,2017-05-30,17.025420125325542,0.01091002521570772,101678.08919270833,4.222876993307087,186.1095511118571,372.947073618571,10.069333776831627,2.4751999527215958,24
Union Lake,2017-05-31,19.77541376749677,0.012214979312072197,101426.01334635417,2.565223259731222,310.05447459220886,363.0387382507324,698.0693689559897,0.18479998805560172,24
Union Lake,2017-06-01,20.432083384195987,0.011085687670856714,101219.23567708333,3.8503493497602066,331.79347761472064,335.8424949645996,246.11467933654785,0.009200000204145908,24
Union Lake,2017-06-02,19.700420633951847,0.00891376678676655,101293.00032552083,2.982800412418507,330.6522232691447,324.50916290283203,91.59200342496236,0.0,24
Union Lake,2017-06-03,18.129169718424503,0.008260716722967723,101341.55989583333,3.82210475451501,316.72343254089355,317.0299949645996,61.28800325592359,0.0,24
Union Lake,2017-06-04,18.52458470662437,0.009968862577807158,101305.48893229167,2.66410302882316,245.8813865184784,331.72207260131836,63.65866999824842,0.0,24
Union Lake,2017-06-05,21.792506154378277,0.013609562573644022,100538.35188802083,2.4631282427710435,222.46609338124594,375.9512405395508,611.3760350545248,21.418400023365393,24
Union Lake,2017-06-06,19.17500203450523,0.012148629369524619,100450.49544270833,2.467884445038688,210.13705170154572,374.8554089864095,94.5440048178037,19.150799453258514,24
Union Lake,2017-06-07,14.499164835612001,0.008665816819605729,101145.404296875,3.7656697660402045,206.5570511420568,346.4674987792969,6.768000269929568,0.2071999916806817,24
Union Lake,2017-06-08,16.097085571289085,0.008800500130746514,101290.23697916667,2.6081850576747585,316.6368483702342,315.79623794555664,0.762666697303454,0.0,24
Union Lake,2017-06-09,17.800833638509136,0.009255400102119893,100781.71451822917,2.773012434177909,333.591477394104,318.6062431335449,67.13333582878113,0.0,24
Union Lake,2017-06-10,21.25624237060549,0.010769370943307877,101291.09407552083,3.637705741271881,318.43322046597797,343.95749282836914,80.20800526936848,0.0,24
Union Lake,2017-06-11,23.937498982747417,0.013884533468323449,101641.40755208333,3.889665788407257,333.6039357185364,364.16582616170246,261.5146796305974,0.0,24
Union Lake,2017-06-12,25.75916951497398,0.015540762610423068,101499.36848958333,3.1948331053500354,331.2486361662547,381.6829083760579,768.7706982294718,0.0,24
Union Lake,2017-07-05,24.695830281575542,0.015081054414622486,101739.21907552083,2.8832183448928466,239.29296533266702,400.5683237711589,280.6186793645223,0.0,24
Union Lake,2017-07-06,22.228332773844425,0.014555183316891393,101674.5947265625,3.8521990245654454,145.11296677589417,392.302490234375,76.45333695411682,6.754799712449312,24
Union Lake,2017-07-07,22.972079213460308,0.01563909191948672,100819.29752604167,2.245644240367825,190.74784183502197,408.04957580566406,144.52000705401102,6.977199711371213,24
Union Lake,2017-07-08,25.71333211263023,0.015240070914539198,100635.99869791667,3.6263566334578954,317.119389851888,386.1883239746094,472.8480208714803,6.166799945756793,24
Union Lake,2017-07-09,23.316669718424503,0.011959362697477141,101239.634765625,2.7548238162815637,332.62160126368207,355.2991549173991,69.69333585103352,0.0,24
Union Lake,2017-07-10,24.034580485026066,0.013483216753229499,101544.78515625,3.3235942661419595,294.6226367155711,370.2895762125651,202.5946770707766,2.92920002900064,24
Union Lake,2017-07-11,26.284580485026066,0.01590220428382357,101241.06022135417,4.409772196076227,319.87876558303833,389.52457427978516,795.9547074635824,0.0,24
Union Lake,2017-07-12,27.560835774739605,0.016739921023448307,101331.900390625,3.960604759880551,295.40635172526044,407.3587455749512,1113.7387186686199,0.0,24
Union Lake,2017-07-13,28.502501424153667,0.017550750092292827,101406.90852864583,3.855832076112287,275.7561791737874,415.569574991862,1471.778729756673,0.0,24
Union Lake,2017-07-14,26.254165903727237,0.017631337822725374,101441.25651041667,3.0523120678416973,146.93729861577353,422.2462412516276,713.5066947937012,84.9191979272,24
Union Lake,2017-07-15,25.59249140421552,0.016584316734224558,101208.44563802083,1.8466354376646423,243.80726130803427,411.8687438964844,611.3733647664388,11.280399933457375,24
Union Lake,2017-07-16,25.50583419799807,0.014798379192749659,101223.11686197917,1.5182234559682797,323.9568871657054,386.90749231974286,238.73867931216955,0.0,24
Union Lake,2017-07-17,25.285419718424503,0.016448012669570744,101394.68912760417,3.1053671648763514,308.2858060201009,382.34290440877277,1333.1787414550781,0.0,24
Union Lake,2017-08-04,25.435418701171898,0.01644027923854689,101445.28645833333,4.230271126207633,306.00264016787213,393.5999946594238,1059.0667190551758,0.0,24
Union Lake,2017-08-05,24.409173583984398,0.015108204485538105,101047.90201822917,4.90499123479965,273.11584887901944,388.2795778910319,803.592035462459,1.6851999498903751,24
Union Lake,2017-08-06,20.8899971008301,0.010747346056935688,101595.34212239583,3.6417000981905727,269.3607639173667,343.00541432698566,1.4480000734329224,0.0,24
Union Lake,2017-08-07,20.61374689737958,0.013287971029058099,101512.14876302083,2.6721287475599222,118.39517225325108,389.19623947143555,47.072001934051514,85.65159658924676,24
Union Lake,2017-08-08,21.494161224365257,0.012993800065790614,101192.54264322917,2.4781424227102558,221.9736771583557,391.99206924438477,27.064000844955444,0.42559999227523804,24
Union Lake,2017-08-09,22.66082916259768,0.01249870436731726,101857.29654947917,1.8634117495641631,306.99001344045,349.386661529541,12.808000676333904,0.0,24
Union Lake,2017-08-10,22.030411020914737,0.012623175280168653,102102.666015625,2.1350464384278824,304.6624682744344,344.1474952697754,14.386667370796204,0.0,24
Union Lake,2017-09-21,23.782085673014347,0.013852175131129721,101360.61555989583,2.7576077616088384,214.08867740631104,377.57665761311847,148.952008018891,0.0,24
Union Lake,2017-09-22,22.75708414713544,0.012026616799024245,101458.71321614583,4.125758170467521,202.4476753870646,365.706241607666,7.920000314712524,0.0,24
Union Lake,2017-09-23,23.037500000000023,0.012448487725729743,101435.85123697917,3.0661996100966564,216.99492637316385,381.9074897766113,0.0,0.0,24
Union Lake,2017-09-24,23.29916407267255,0.012606441819419464,101580.15755208333,2.1125834444879543,216.7142606973648,359.6199900309245,0.0,0.0,24
Union Lake,2017-09-25,23.017920430501324,0.013785737683065236,101472.36197916667,2.233576932610531,212.71342293421426,369.7324905395508,10.306667000055313,0.0,24
Union Lake,2017-09-26,22.375828043619816,0.014150112634524703,101436.58203125,3.468687192853442,191.84996537367502,377.4062385559082,15.594667355219523,0.0,24
Union Lake,2017-09-27,23.522920227050804,0.015453329232210914,100931.01139322917,5.075683266517244,180.49892741441727,391.7658271789551,190.87734373410544,0.0,24
Union Lake,2017-09-28,22.277499135335308,0.01293972930094848,100630.03450520833,5.305873096695365,212.04338657855988,356.4308268229167,19.28800106048584,0.0,24
Union Lake,2017-09-29,14.785830434163435,0.007178100058808923,101505.59114583333,3.4456567258437256,206.36167589823404,300.75290807088214,0.0,0.0,24
Union Lake,2017-09-30,15.600413258870466,0.007613908383063972,101769.46484375,4.702953590586681,205.56888417402902,311.6162414550781,3.720000217358271,0.0,24
Union Lake,2017-10-01,14.457084910074892,0.007525379226232569,102505.70377604167,3.667937744435498,201.82863256335258,332.2583312988281,0.0,0.0,24
Union Lake,2017-10-02,15.57541681925458,0.0072368500793042285,102602.04524739583,1.8836438685385872,219.23250929514566,299.4199981689453,0.0,0.0,24
Union Lake,2017-10-03,15.516666666666689,0.00811161263845861,103158.64778645833,2.735634842833413,197.64551003774008,312.21374130249023,1.9360000888506572,0.0,24
Union Lake,2017-10-04,16.479172007242862,0.00912659172900021,102847.51920572917,2.8634904503024488,214.18421618143717,306.6574935913086,0.0,0.0,24
Union Lake,2018-06-26,20.344160970052105,0.010743529302999377,102017.57454427083,3.24898778761829,331.82772556940716,333.2054074605306,11.688000420729319,0.0,24
Union Lake,2018-06-27,21.260835266113304,0.013749275317726036,101608.0693359375,5.0705009160208645,198.4090899626414,370.52582931518555,64.21066960195701,0.0,24
Union Lake,2018-06-28,24.660415903727237,0.015908496027501922,100781.38346354167,4.821138169547794,229.6999675432841,406.1599884033203,886.6453685760498,0.035999998450279236,24
Union Lake,2018-06-29,26.3029126485189,0.015572529092120627,101106.65201822917,2.551498585909793,331.1885595321655,393.8787422180176,530.6933583418528,0.0,24
Union Lake,2018-06-30,27.000416056315128,0.015762275240073603,101472.1142578125,2.1907504245906093,328.99484753608704,387.4341583251953,449.29335379600525,0.0,24
Union Lake,2018-07-01,27.509582773844425,0.016521958362621565,101475.45768229167,2.468578610148251,328.08868137995404,389.8866589864095,1299.472053527832,0.0,24
Union Lake,2018-07-02,27.88791936238609,0.01782448764424771,101534.11653645833,2.3983238167801684,328.65410057703656,396.4512405395508,1977.8854370117188,0.0,24
Union Lake,2018-07-05,26.602507527669292,0.017889425080890458,102259.54850260417,3.3568443213786785,285.4736789067586,411.3504002888997,1347.2080586751301,0.0,24
Union Lake,2018-07-06,26.95124715169273,0.01785089207502703,101676.01204427083,4.346697725228889,204.7748023668925,429.0962371826172,1298.7680536905925,3.2791998721659184,24
Union Lake,2018-07-07,21.454579925537132,0.011572391842491925,102130.35904947917,5.290301909697248,321.0631817976634,344.4679145812988,58.9386691848437,0.0,24
Union Lake,2018-07-08,19.687916056315128,0.010042675149937471,102470.3369140625,3.489675113878406,339.80076185862225,317.6433283487956,0.0,0.0,24
Union Lake,2018-07-09,21.32666168212893,0.010169833471688131,102116.0966796875,1.8787364470601755,339.5850598017375,320.79749806722003,0.0,0.0,24
Union Lake,2018-07-10,23.011665598551456,0.012323495815508068,101329.80924479167,3.200751701998557,327.875634431839,352.38040924072266,29.61066857477029,0.0,24
Union Lake,2018-07-11,25.712503051757835,0.014503550172472993,101066.47135416667,3.0277316758027104,309.7075565656026,387.4754117329915,577.0266958872477,0.0,24
Union Lake,2018-09-12,24.607081349690777,0.0165971543174237,101940.0859375,2.263459958020133,163.6434645652771,411.89540608723956,541.8240286509196,4.999600073322654,24
Union Lake,2018-09-13,23.497916158040386,0.015815820971814293,102083.43424479167,4.911256709468234,160.9342989126841,403.588321685791,184.62134265899658,0.010999999940395355,24
Union Lake,2018-09-14,23.178753153483097,0.015280541808654865,101963.228515625,5.3073249942127285,166.51884039243063,401.8837356567383,108.14667240778606,0.4467999814078212,24
Union Lake,2018-09-15,22.727087910970074,0.01519537519197911,101931.46028645833,3.264310193536556,150.52934062480927,401.4049873352051,51.429335832595825,0.03240000084042549,24
Union Lake,2018-09-16,22.55666885375979,0.014295366825535893,102008.19075520833,2.374602064948506,230.997509598732,370.7749900817871,24.957334116101265,0.0,24
Union Lake,2018-09-17,23.16541442871096,0.015418096057449778,101741.1572265625,3.539166334567452,156.2727142572403,386.9508310953776,211.04801080624262,0.10000000149011612,24
Union Lake,2018-09-18,23.27500432332359,0.01623776671476662,100782.50716145833,3.895280511645593,99.45213035245736,417.6849937438965,202.41867816944918,6.833599866833538,24
Union Lake,2018-10-12,18.72707901000979,0.011744004305607328,100135.02311197917,6.266737852079731,197.9248021443685,351.55165990193683,155.82934312025705,66.9787987882737,24
Union Lake,2018-10-13,10.850415802001976,0.006574912598201384,100989.97591145833,3.2979912640739624,118.42667373021443,312.54499435424805,5.08533355096976,0.6087999765295535,24
Union Lake,2018-10-14,10.249995168050154,0.006020995904691517,101991.396484375,2.3334337551810083,122.18588050206502,298.5808245340983,0.0,0.3791999816894531,24
Union Lake,2018-10-15,16.10291188557945,0.010364933482681712,101723.70833333333,4.418812197182782,82.12996260325114,378.7437400817871,37.05333522955576,2.6203999742865562,24
Union Lake,2018-10-16,15.247084554036482,0.008164229278918356,101634.33170572917,5.0981545492300695,181.04896545410156,334.61832427978516,73.31733481089275,3.7555998861789703,24
Union Lake,2018-10-17,12.655830637613954,0.006782075040973723,101470.95670572917,5.114968427965745,188.2406768798828,298.4612414042155,6.576000293095906,0.0,24
Union Lake,2018-10-18,8.075840250651064,0.00454027924570255,102347.345703125,6.298509494962249,134.0036311944326,307.23499298095703,15.301334050794443,0.0,24
Union Lake,2019-09-11,23.982087707519554,0.014808737595255176,102082.78776041667,4.031556207808904,234.89005343119302,383.23874282836914,533.3253520329794,0.0,24
Union Lake,2019-09-12,26.62708180745445,0.016288725077174604,101587.77669270833,3.5082537652881123,209.21517578760782,416.5616569519043,1170.218713124593,0.0,24
Union Lake,2019-09-13,20.36124699910484,0.011871516820974648,102439.59765625,6.754700968077916,95.64196340243022,400.1441586812337,16.906667451063793,0.0,24
Union Lake,2019-09-14,19.892082468668644,0.012027375128430625,102376.11197916667,3.5937226639779567,114.06409013271332,382.7912406921387,0.19200000166893005,0.0,24
Union Lake,2019-09-15,24.10749969482424,0.014566837693564594,101896.29850260417,2.450986455925317,221.5772194067637,393.8537368774414,249.93334629138312,0.0,24
Union Lake,2019-09-16,22.6524965922038,0.011699416791088879,101538.20703125,1.3442799310875497,200.20042852560678,365.38540776570636,0.6240000426769257,0.0,24
Union Lake,2019-09-17,21.71916478474937,0.011506954246821502,101611.6572265625,3.661098084644662,189.5247594912847,377.89581934611004,5.008000175158183,0.0,24
Union Lake,2019-09-20,16.572918192545597,0.007133787653098504,102322.72916666667,3.1176900219441723,232.402095079422,295.8837471008301,0.0,0.0,24
Union Lake,2019-09-21,19.145833587646507,0.009380895954867205,102112.1630859375,3.076025745080957,227.69867777824402,325.0183245340983,0.0,0.0,24
Union Lake,2019-09-22,22.117504374186222,0.012354183554028472,101877.0478515625,3.0248050265242363,203.83009246985117,372.461238861084,2.8960001468658447,0.0,24
Union Lake,2019-09-23,24.03916193644208,0.01312218769453466,101155.1357421875,5.459468823017372,212.40367714564005,377.02331797281903,6.186666890978813,0.0,24
Union Lake,2019-09-24,22.01124725341799,0.011349208458947638,100753.04947916667,4.5589854567126595,221.39725784460703,355.9062385559082,25.930668195088703,0.0,24
Union Lake,2019-09-25,20.113753255208355,0.009160583450769385,101030.46744791667,2.551948199391918,219.45021680990854,348.8137397766113,0.0,0.0,24
Union Lake,2019-09-26,21.24124933878583,0.011273262556642294,100784.78776041667,3.7856217237017717,197.11630129814148,355.28957112630206,10.320000569025675,0.0,24
Union Lake,2019-09-27,18.60041198730471,0.00856040429789573,101570.46809895833,3.2499784390190913,217.09863440195718,313.2608273824056,0.6453333596388499,0.0,24
Union Lake,2019-09-28,21.37541478474937,0.012599746075769266,101714.69401041667,3.3603700988312313,192.5569637020429,370.5204137166341,539.3653475443522,0.0,24
Union Lake,2019-09-29,24.183750406901066,0.014061279284457365,101894.85286458333,3.373372324837181,196.30946689844131,396.9383265177409,499.5680238008499,0.0,24
Union Lake,2019-09-30,19.940419769287132,0.011498900091586014,102263.83203125,3.3485845146399043,58.709127287069954,392.0912399291992,0.21600001056989035,0.0,24
Union Lake,2019-10-01,21.60542449951174,0.01152841680838416,101798.2578125,3.786488371004183,183.93196410437426,395.5112419128418,0.0,0.0,24
Union Lake,2019-10-04,19.326245880126976,0.010591141782545796,101477.22916666667,4.947028473197631,205.7981777191162,353.02374267578125,26.474667958915234,0.0,24
Union Lake,2019-10-05,11.51624704996747,0.005824987582551937,102612.55924479167,4.499488485174141,215.60496616363525,279.1929168701172,0.0,0.0,24
Union Lake,2019-10-06,15.867498016357445,0.009266091782289246,102433.4970703125,5.090806370363388,68.39737749099731,357.96874237060547,1.4800000389417012,0.0,24
Union Lake,2019-10-07,22.048752085367862,0.012541433524650833,101928.2568359375,6.127712783515502,128.14409001668295,409.1754086812337,51.2266691327095,0.0,24
Union Lake,2019-10-08,17.269582366943382,0.010503295925445855,101949.78287760417,5.733083938990454,49.336252530415855,382.8174934387207,49.360002905130386,0.0,24
Union Lake,2019-10-09,14.276667531331404,0.008734287655291459,102051.943359375,6.443490071451106,39.793043533960976,373.052490234375,0.0,0.0,24
Union Lake,2019-10-10,14.647918955485048,0.007628962630406022,102116.2138671875,6.593892644833949,91.93046347300212,370.29874420166016,0.0,0.0,24
Union Lake,2019-10-11,13.893743133544945,0.007225708415110906,101781.50390625,6.114050186036685,103.22392145792644,347.30499267578125,0.0,0.0,24
Union Lake,2019-10-12,15.783753967285179,0.008065058442298323,101405.10611979167,2.8981831486301814,168.37317411104837,350.8049964904785,0.0,0.0,24
Union Lake,2019-10-13,15.57416687011721,0.007317816761011879,101600.25553385417,2.0803059060344142,105.32813064257304,353.0191586812337,0.0,0.0,24
Union Lake,2019-10-14,15.659583028157575,0.008090116743308803,101361.2568359375,2.5267809030176216,191.2854674657186,342.46499252319336,0.0,0.0,24
Union Lake,2019-10-15,13.445012664794945,0.005806487616306792,101767.744140625,2.2202210907667492,191.3298454284668,284.65790939331055,0.0,0.0,24
Union Lake,2019-10-16,14.904588317871116,0.00927414585991452,100789.77734375,5.070748446965108,108.03858836491902,332.66999435424805,97.5173397064209,0.0,24
Union Lake,2019-10-17,12.767086283365908,0.006728016771376133,99664.3173828125,10.159294137259083,130.24958761533102,320.081241607666,10.677333752314249,0.0,24
Union Lake,2019-10-18,11.590835825602236,0.005705312573506187,100811.53287760417,6.29601050814669,186.13709179560342,295.2524948120117,0.0,0.0,24
Union Lake,2019-10-19,9.25333175659182,0.005157645849976689,101576.70572916667,2.880061246166367,187.4521766503652,262.3708267211914,0.0,0.0,24
Union Lake,2019-10-20,11.90750401814781,0.007692054321523756,101341.43717447917,3.6867603738440784,39.60025165478388,336.69041442871094,0.0,0.0,24
Union Lake,2019-10-21,15.050415293375673,0.008803225122392178,101387.95833333333,5.197523509790653,173.47713208198547,345.04623794555664,0.0,0.0,24
Union Lake,2019-10-22,15.046662902832054,0.009553133432442943,101353.58723958333,3.861476313531752,83.26137886444728,351.91124216715497,0.021333334346612293,6.6407997836358845,24
Union Lake,2020-07-07,25.12207946777346,0.016599633536922436,101615.16927083333,3.470741235125891,250.1647197405497,409.16040929158527,789.3040351867676,16.54239967511967,24
Union Lake,2020-07-08,25.912914530436222,0.01693140435963869,101422.009765625,3.466840456950095,308.56301244099933,395.8199920654297,850.952044169108,0.0,24
Union Lake,2020-07-09,26.142079925537132,0.01702061272226274,101269.5458984375,2.689860252208609,321.8593494097392,392.6670786539714,802.3146998087565,0.0,24
Union Lake,2020-07-10,23.937919871012394,0.017197379454349477,100907.6162109375,3.4018040765111226,138.5838826497396,413.23665618896484,262.2533473968506,92.41279670596123,24
Union Lake,2020-07-11,25.584994252522808,0.01769176257463793,100425.06184895833,3.673119764833448,228.8565904299418,416.5487429300944,1141.722711910804,0.3295999927795492,24
Union Lake,2020-07-12,25.906660970052105,0.015083554356048504,100569.99772135417,3.6881899855457263,325.6613051891327,383.61499404907227,282.3333498239517,0.0,24
Union Lake,2020-07-13,25.770832316080753,0.015220995876006782,100703.98209635417,2.9497449923171835,310.18080472946167,387.7412338256836,632.7466990152994,0.013599999248981476,24
Union Lake,2020-07-14,24.327912902832054,0.01294535433407873,101186.9111328125,2.945362608014618,325.4010171890259,363.7408256530762,98.53600678841273,0.0,24
Union Lake,2020-07-15,25.19125391642255,0.014282233508614203,101769.15592447917,2.647421515919224,277.5958460172017,395.20374298095703,56.5840030113856,5.959199791541323,24
Union Lake,2020-07-16,22.855833943684917,0.013980562682263553,102174.63053385417,4.13196949883675,263.5313883622487,374.5412406921387,14.869334111611048,0.0,24
Union Lake,2020-07-17,24.373743947347027,0.016230837868837018,101846.49934895833,4.494637241394016,201.59026114145914,415.7241617838542,647.10402739048,1.2171999774873257,24
Union Lake,2020-07-18,28.11166407267255,0.019194150265927117,101506.59537760417,2.3182383105474997,306.5736012856166,428.7324905395508,2232.298782348633,0.05039999820291996,24
Union Lake,2020-07-19,27.414585367838566,0.01789431704673916,101268.81477864583,3.283482950658905,310.16155648231506,390.3258285522461,1243.1653951009114,1.1400000266730785,24
Union Lake,2020-07-20,29.34499893188479,0.018650175149862964,100980.05013020833,3.805158768616913,304.93301379680634,424.43749237060547,1553.7734095255535,0.0,24
Union Lake,2020-07-21,28.88041458129885,0.016811608686111867,101282.82454427083,2.025093371655643,312.78209753831226,411.7237358093262,782.640040397644,1.1399999856948853,24
Union Lake,2020-07-22,29.146672821044945,0.018827379448339343,101411.6357421875,2.4038081647272427,299.25710020462674,429.6791572570801,1988.9574330647786,10.065199598670006,24
Union Lake,2020-07-23,28.719169871012394,0.019438229423637193,101466.3740234375,2.8554929859676434,258.49601179361343,434.36373647054035,2073.1120808919272,20.07199990004301,24
Union Lake,2020-07-24,27.516245778401714,0.018189812699953716,101545.22200520833,1.409954353225502,181.8801346818606,429.58165613810223,1623.8720703125,16.37139928340912,24
Union Lake,2020-07-25,26.308330790201847,0.016797983708480995,101687.82454427083,1.745942785681536,269.38634778062504,407.470406850179,930.6133842468262,0.0,24
Union Lake,2020-07-26,27.558333333333355,0.017717775035028655,101496.69173177083,3.8094202603299476,292.34247170637053,408.8654073079427,747.0240389506022,0.0,24
Union Lake,2020-07-27,27.905830637613956,0.01697442928949992,100998.41764322917,3.836996557105193,313.04142995675403,390.4091618855794,294.7493501504262,0.0,24
Union Lake,2020-07-31,26.44166717529299,0.017837966947505873,100704.83756510417,2.2511719512694794,142.87750736872354,428.8924903869629,931.4640375773112,21.255999399232678,24
Union Lake,2020-08-01,26.32958501180015,0.01668806265418728,101036.71842447917,1.714759660049709,271.0324276089668,421.9833170572917,231.55201053619385,0.0,24
Union Lake,2020-08-02,27.00916442871096,0.018194162597258885,101085.53841145833,4.904305817240767,254.24384862184525,416.1299934387207,1350.2480634053547,0.0,24
Union Lake,2020-08-03,27.466667429606144,0.0169892751534159,101318.87825520833,3.4233022264225066,272.9861793021361,413.6345672607422,978.0373770395914,9.794799980707467,24
Union Lake,2020-08-04,25.1104192097982,0.017460616771131754,100938.04817708333,6.046624025750627,161.90796663363776,418.7412414550781,575.7093634208044,40.79759907722473,24
Union Lake,2020-08-05,26.0395815531413,0.016050933472191293,101350.365234375,2.6022085394894297,304.19822202126187,398.87082926432294,642.9040298461914,1.9087999686598778,24
Union Lake,2020-08-06,25.662508900960308,0.016867796036725242,101575.89680989583,2.473011784615571,217.83784214158854,418.9349899291992,903.056048075358,24.374399507418275,24
Union Lake,2020-08-07,24.431250508626324,0.01584012107923627,101660.63671875,2.356798978887585,233.2679711729288,404.0724906921387,554.5680198669434,6.796800047159195,24
Union Lake,2020-08-08,24.48541412353518,0.015964866965077817,101814.37825520833,2.1348166579145036,220.15272045135498,412.7529042561849,638.890697479248,22.777600020170212,24
Union Lake,2020-08-09,24.931673940022808,0.01630863341658066,101750.26888020833,2.5147263081467712,277.6341381072998,389.51915486653644,902.893367767334,0.5583999752998352,24
Union Lake,2020-08-10,26.65624643961591,0.0180674793664366,101535.669921875,3.2573335743313163,287.43701521555585,405.73915990193683,1926.602762858073,0.0,24
Union Lake,2020-08-11,26.671254730224632,0.0181385544128716,101293.66569010417,3.7352530153681616,255.78626219431558,406.792906443278,1523.474739074707,0.0,24
Union Lake,2020-08-12,27.337915039062523,0.018649366761868198,101371.3154296875,2.8922845227490286,178.57696628570557,436.30957285563153,1743.4507497151692,6.396799607202411,24
Union Lake,2020-08-13,26.192498779296898,0.017428054241463542,101595.19954427083,1.6848214769325265,192.50750732421875,411.17791112263996,1057.5547129313152,9.53759966022335,24
Union Lake,2020-09-05,22.44791946411135,0.011161104193888605,101796.9384765625,2.683836765749946,259.1433865229289,344.7874946594238,0.5013333559036255,0.0,24
Union Lake,2020-09-06,21.61374944051109,0.01036793765767167,102040.2109375,1.902605532115448,252.722553730011,338.1908264160156,17.70133415857951,0.0,24
Union Lake,2020-09-07,21.743747965494816,0.012898483430035412,101678.87337239583,2.972825930919211,250.20938460032144,346.3395716349284,54.68000332514445,0.0,24
Union Lake,2020-09-08,23.075003560384136,0.014401066854285697,101718.2021484375,2.8219990182563657,245.65546735127768,365.7612419128418,288.3786803732316,0.0,24
Union Lake,2020-09-09,23.553338623046898,0.01545346260536462,102084.056640625,3.3845237993483965,157.714174191157,394.1312370300293,268.11467997233075,4.4547999408096075,24
Union Lake,2020-09-10,24.569165802001976,0.016745737520977855,102107.30143229167,2.5004321673649126,111.0321725209554,428.0816586812337,231.53601137797037,48.05559904198162,24
Union Lake,2020-09-11,23.70374450683596,0.01569123360483597,101773.662109375,3.1231223219952446,158.5504641532898,414.1224937438965,43.994669119517006,12.69399953156244,24
Union Lake,2020-10-16,16.06625137329104,0.010794800007715821,101440.29459635417,4.5442830084309875,46.616627176602684,371.1133270263672,27.354667738080025,30.35359967139084,24
Union Lake,2020-10-17,10.924993133544945,0.005806379272447278,102218.64225260417,4.300392702386367,191.33359257380167,292.53541056315106,0.0,1.1671000020578504,24
Union Lake,2020-10-18,11.264160410563173,0.005704195917739223,102758.81380208333,2.869742184634332,175.62634150187174,277.70708020528156,0.0,0.0,24
Union Lake,2020-10-19,15.412089284261091,0.009379641734994948,102394.3310546875,2.9435065741938655,155.6880900065104,326.32748794555664,10.773333807786306,0.0,24
Union Lake,2020-10-20,18.743745422363304,0.01184042931223909,102145.82096354167,2.2115430935981526,161.13938315709433,364.4924964904785,40.51200119654337,3.670799970626831,24
Union Lake,2020-10-21,19.184163665771507,0.012298366830994686,102199.97330729167,3.006630146948444,160.49988333384195,353.4895782470703,234.70667934417725,0.11519999336451292,24
Union Lake,2020-10-22,19.697080230712913,0.012760471009338895,102123.56868489583,2.364786036168249,169.7274670600891,350.1387405395508,242.05867966016135,0.0,24
Union Lake,2024-10-15,9.020832316080751,0.0040476624853909016,101089.65006510417,4.710949532463219,150.24871031443277,285.8520876566569,2.252499982714653,0.0,24
Union Lake,2024-10-16,8.786251322428408,0.00399164169599923,101459.1083984375,4.458709494845617,186.93350013097128,272.9020830790202,1.2825000161925952,0.0,24
Union Lake,2024-10-17,10.70541661580406,0.00451418332522735,102019.91634114583,4.221542072833564,134.88408533732095,320.1195831298828,0.9700000087420145,0.0,24
Union Lake,2024-10-18,10.872916158040388,0.0040438958870557444,102550.029296875,3.1912798822948116,186.64008776346842,269.22250175476074,0.0,0.0,24
Union Lake,2024-10-19,12.685414886474632,0.004833495826460421,103012.5126953125,1.3398420478829012,183.11645889282227,280.4358304341634,0.0,0.0,24
Union Lake,2024-10-20,13.207913970947288,0.005324775003828108,102557.38313802083,2.326649016550636,182.1832490762075,280.24416478474933,0.0,0.0,24
Union Lake,2024-10-21,14.997916158040388,0.005352820851840079,102108.56282552083,2.933909026921809,178.42666641871133,291.858336130778,0.0,0.0,24
Union Lake,2024-10-24,16.26833368937177,0.007381645904388279,101068.8037109375,4.717989736847367,168.64121095339456,317.9774971008301,13.68791671593984,0.0,24
Union Lake,2024-10-25,10.228751118977888,0.004535374988336116,101756.00813802083,3.591395562415505,173.94720870256424,265.9887523651123,0.0,0.0,24
Union Lake,2024-10-26,14.007498677571638,0.005717308299305539,101712.88411458333,4.652378996798124,162.57479194800058,317.86416753133136,0.0,0.023499999195337296,24
Union Lake,2024-10-27,8.812497711181663,0.0033268041928143552,102542.591796875,3.010819204664283,167.9204165637493,254.5374984741211,0.0,0.0,24
Union Lake,2024-10-28,8.946665700276716,0.0034616874957767627,102692.44140625,1.9581963416749213,149.13687451680502,269.984167098999,0.0,0.0,24
Union Lake,2024-10-29,11.522915140787783,0.005815233375566701,102764.88704427083,2.214381151063001,159.90745766957602,288.53708521525067,0.0,0.0,24
Union Lake,2024-10-30,16.112498219807964,0.00816852500429377,102527.17447916667,3.1615686650074104,155.25975195566812,338.9566650390625,0.0,0.0,24
Wawayanda Lake,2015-06-03,13.299164072672548,0.008377833408303559,98622.25423177083,2.7828917924163776,317.42755651474,319.05957794189453,1.2213334043820698,0.022799998987466097,24
Wawayanda Lake,2015-06-04,12.873330688476585,0.00811902096029371,98744.11653645833,3.455389284356509,236.70026278495789,315.17249425252277,0.0,0.0,24
Wawayanda Lake,2015-06-05,14.173332468668642,0.009526108469193181,98372.31022135417,1.5376513888179921,126.38242254654567,372.29707463582355,0.31466667850812274,0.0,24
Wawayanda Lake,2015-06-06,17.98791656494143,0.010853987691613535,97821.32259114583,3.1702517195593707,263.98084537188214,369.1812400817871,238.07734473546347,1.7311999028897844,24
Wawayanda Lake,2015-06-07,15.312080637613954,0.007939720914388696,98431.36751302083,3.682691933238869,278.95342961947125,309.9416618347168,0.10933333883682887,0.0,24
Wawayanda Lake,2015-06-08,17.154167429606144,0.011118516908027232,97936.66861979167,5.631417264781972,268.48451320330304,350.08666102091473,234.08267617225647,4.137599940964719,24
Wawayanda Lake,2015-06-09,21.220422363281273,0.013481616818656525,97103.55794270833,5.487756726457557,245.06771699587503,390.67998758951825,366.2320146560669,14.351199793629348,24
Wawayanda Lake,2016-07-07,25.792085266113304,0.016697795984024804,97429.84635416667,2.5293717075867517,254.48392613728842,398.7633221944173,1216.0960540771484,2.205199901247397,24
Wawayanda Lake,2016-07-08,25.10291188557945,0.015894929335142177,97459.87760416667,2.3393353103837895,268.09476168950397,398.8999900817871,508.97335561116535,11.132799656130373,24
Wawayanda Lake,2016-07-09,21.652491505940777,0.014977187655555705,97537.458984375,4.095936906346573,190.54609441757202,396.9974886576335,301.96534397204715,2.521999967750162,24
Wawayanda Lake,2016-07-10,19.985415395100933,0.012156504400384923,97627.86197916667,3.446131575820582,237.77172203858694,379.7749900817871,82.73067196210225,15.804799530655146,24
Wawayanda Lake,2016-07-11,19.875412241617862,0.011013645950394372,98223.55436197917,2.910784701971217,302.6345558166504,355.49499130249023,8.98933364947637,0.0,24
Wawayanda Lake,2016-07-12,21.422083791097027,0.010462029410215715,98372.88736979167,3.0836265690320492,326.2045977115631,334.82457224527997,0.33333334761361283,0.0,24
Wawayanda Lake,2016-07-13,22.46333465576174,0.013410704210400581,98235.96712239583,4.06497863330303,236.5777591864268,388.9258219401042,222.44001384576163,0.0,24
Wawayanda Lake,2016-09-21,21.88375116984052,0.010643425125939151,98563.16731770833,2.9675472562808345,218.68475977579752,335.1066614786784,59.18933548529943,0.0,24
Wawayanda Lake,2016-09-22,20.979165649414085,0.007734716792280476,98550.47005208333,1.6189005196699735,223.41121665636697,319.1374918619792,0.0,0.0,24
Wawayanda Lake,2016-09-23,20.12458190917971,0.009429737615088621,98198.43912760417,2.518626721743578,163.05050722757974,339.5787404378255,26.333334624767303,0.0,24
Wawayanda Lake,2016-09-24,17.486665344238304,0.009616045999185493,98286.259765625,3.007710236902355,133.5030505657196,365.9695765177409,12.365333822866281,3.520799808204174,24
Wawayanda Lake,2016-09-25,11.89124704996747,0.0051255917448240025,98582.02701822917,3.4425531949778083,223.05255317687988,276.41165860493976,0.0,0.0,24
Wawayanda Lake,2016-09-26,13.24875411987307,0.005246387590887025,98497.2880859375,3.481317435450521,207.4429301818212,289.15249315897626,0.0,0.0,24
Wawayanda Lake,2016-09-27,17.987081146240257,0.009438295926277837,97816.408203125,3.9964555133165605,204.4563846786817,350.273743947347,0.0,5.467199742794037,24
Wawayanda Lake,2017-04-20,10.73916905721031,0.007371350016910583,98401.01139322917,2.8656040504308717,158.00483973821005,355.33999252319336,0.024000000829497974,5.258999852463603,24
Wawayanda Lake,2017-04-21,12.62124913533531,0.008557404313857356,97832.79915364583,4.924355883223735,190.03146680196127,356.85957590738934,0.6240000128746033,11.017399605363607,24
Wawayanda Lake,2017-04-22,10.882920837402366,0.007345920933100085,97786.1865234375,3.343430873796416,96.65508715311687,337.9866574605306,4.8853336075941725,1.7819999223574996,24
Wawayanda Lake,2017-04-23,9.073757425944033,0.005204458391138663,98142.94303385417,3.1737751147301143,306.169721921285,269.8762435913086,1.6813334623972576,0.0,24
Wawayanda Lake,2017-04-24,11.383332824707054,0.006079237617086619,98373.19173177083,3.67170952667604,278.4383045832316,278.47957547505695,0.0,0.011599999852478504,24
Wawayanda Lake,2017-04-25,10.281245168050154,0.007138391704453777,98225.0419921875,6.859770624669469,78.98604607582092,348.82666015625,0.03466666769236326,5.3213998773135245,24
Wawayanda Lake,2017-04-26,14.223744964599632,0.009622945877102515,97360.7900390625,4.978227826836095,106.034255027771,377.10082753499347,6.0800001708169775,10.176799602806568,24
Wawayanda Lake,2017-05-24,14.260416920979841,0.00859366258373484,97270.43815104167,3.8155285415551625,215.28000871340433,332.1808268229167,0.352000016408662,0.0,24
Wawayanda Lake,2017-05-25,12.290006256103538,0.008484808475865671,97058.71419270833,6.183518822210682,134.89471499125162,354.8212407430013,8.504000457624594,15.483999773859978,24
Wawayanda Lake,2017-05-26,15.367911275227888,0.009560187657674154,96648.58430989583,4.807859921230556,238.6095519065857,355.1674919128418,25.053334517404437,17.797199219465256,24
Wawayanda Lake,2017-05-27,15.742079671223982,0.00937202499092867,97521.98014322917,2.393176658558778,171.33692395687103,359.97249094645184,11.338667179147402,0.0,24
Wawayanda Lake,2017-05-28,16.425414021809917,0.01057809176078687,97697.2099609375,3.8065651668600125,184.81763327121735,372.3504053751628,11.274667263031006,0.0,24
Wawayanda Lake,2017-05-29,12.965833282470726,0.009123108504960934,97804.125,4.146550964560155,90.46733939647675,363.57290776570636,0.22666667805363735,7.02659985050559,24
Wawayanda Lake,2017-05-30,12.94833653767906,0.008867141732480377,98392.03548177083,4.16749425223957,151.55354873339334,337.77957407633465,0.6506666938463846,0.2739999881014228,24
Wawayanda Lake,2017-05-31,16.08833211263023,0.010243945910284916,98064.01236979167,3.3417055853375146,262.5261359612147,348.8041572570801,511.09335921208066,1.6287999227643013,24
Wawayanda Lake,2017-06-01,17.496668752034527,0.009360821025135616,97858.888671875,4.182446661190276,308.456303914388,318.7445780436198,202.76267623901367,3.568799927830696,24
Wawayanda Lake,2017-06-02,16.14417165120445,0.007819150128246596,97860.38834635417,4.589439278743115,269.6617183685303,325.2174936930339,155.55733927090964,0.0,24
Wawayanda Lake,2017-06-03,13.190418497721376,0.006345883361063898,97955.82682291667,4.575730688533945,318.9742668469747,289.0991630554199,45.197336246569954,0.013599999248981476,24
Wawayanda Lake,2017-06-04,12.885415649414085,0.007300695908876757,97999.83561197917,2.511020328596238,152.75321276982626,317.3779067993164,0.7280000448226929,3.852399915456772,24
Wawayanda Lake,2017-06-05,17.526255544026714,0.011345546071728071,97286.61848958333,2.383485783207551,251.43726352850595,366.5891571044922,452.7573518753052,2.434399863705039,24
Wawayanda Lake,2017-06-06,14.029167429606142,0.00981962934990103,97268.54850260417,3.1862944437942233,125.46921356519063,361.7379099527995,36.45866805718591,10.82239962182939,24
Wawayanda Lake,2017-06-07,11.94041468302411,0.007370050045816849,97834.84407552083,2.885051416861895,268.28021999200183,334.67624282836914,11.786667088667551,0.011999999172985554,24
Wawayanda Lake,2017-06-08,15.814169820149763,0.008058516716118902,97963.037109375,2.845259639711682,329.10884857177734,310.4904098510742,1.9893334011236827,0.0,24
Wawayanda Lake,2017-06-09,16.08499933878583,0.008681050016699979,97374.27408854167,3.3787760717680873,289.6173065503438,324.8716583251953,216.4293451309204,0.0,24
Wawayanda Lake,2017-06-10,19.146245574951195,0.009862771024927497,97838.29427083333,4.828152182061209,294.0412228902181,337.76082611083984,187.1200077533722,0.0,24
Wawayanda Lake,2017-06-11,22.73041687011721,0.013161466806195676,98212.68815104167,5.046015325935866,332.43043120702106,353.83874130249023,293.9733492732048,0.0,24
Wawayanda Lake,2017-06-12,24.053753153483097,0.015014129341579974,98081.95540364583,3.647074583138505,332.3603054682414,359.3879102071126,971.9867240426441,0.0,24
Wawayanda Lake,2017-07-05,22.11708221435549,0.012305937591008842,98576.12662760417,3.3409574528512445,328.65947381655377,358.59124120076496,93.79200446605682,0.0,24
Wawayanda Lake,2017-07-06,20.438750203450542,0.012057833412351707,98488.62141927083,3.5022818341365443,244.98813756306967,364.4974950154622,4.30933353304863,0.0,24
Wawayanda Lake,2017-07-07,19.93833185831708,0.01339864187563459,97627.5107421875,2.561880566948946,183.4815080165863,393.8379096984863,110.16533877855788,52.755998439039104,24
Wawayanda Lake,2017-07-08,22.216667429606144,0.013653504351774851,97292.93196614583,3.6139191676643976,243.30505275726318,376.52665583292645,376.10401884714764,4.703599836677313,24
Wawayanda Lake,2017-07-09,19.000419871012394,0.009843045865030339,97877.31575520833,3.880915941885387,333.55209549268085,321.93666076660156,9.696000258127848,0.0,24
Wawayanda Lake,2017-07-10,20.59833170572919,0.010790000126386682,98163.9052734375,4.108708705771924,323.5584780375163,340.04040781656903,110.36800813674927,1.2927999272942543,24
Wawayanda Lake,2017-07-11,23.65499903361005,0.014914354309439659,97878.87434895833,3.993909230361526,293.31576585769653,394.6158256530762,786.8560409545898,8.961199935525656,24
Wawayanda Lake,2017-07-12,24.37875137329104,0.014576737691337863,98008.78092447917,3.4474051769162934,240.1713446776072,387.9812418619792,572.9093640645345,2.944399826345034,24
Wawayanda Lake,2017-07-13,24.51375605265302,0.015196633447582522,98114.587890625,2.5928836854766426,220.0095116297404,395.2449951171875,795.9227002461752,5.177599780261517,24
Wawayanda Lake,2017-07-14,21.943330383300804,0.015087554308896264,98262.43001302083,2.8186896091418148,168.43280084927878,405.87249120076496,139.3760073184967,35.15479944180697,24
Wawayanda Lake,2017-07-15,21.664165751139347,0.013546033490759632,97959.05891927083,3.0946061378384098,281.7994318008423,381.75998942057294,104.29600628465414,3.6569999451749027,24
Wawayanda Lake,2017-07-16,21.457500712076847,0.012172279336179296,97955.27799479167,2.6228995934000823,322.49405574798584,348.0295753479004,320.8160176752135,0.0,24
Wawayanda Lake,2017-07-17,23.7666692097982,0.01450992930525293,98150.7158203125,3.075847027387205,302.7158055305481,373.9937451680501,1277.2027180989583,6.888799769803882,24
Wawayanda Lake,2017-08-04,22.612086232503277,0.014701179422748586,98197.36686197917,3.952302380801895,211.3996355930964,394.12624104817706,939.2773768107096,2.8451999054523185,24
Wawayanda Lake,2017-08-05,21.420008595784527,0.013487720978446305,97783.15592447917,4.099696722283198,241.7550120552381,376.5658264160156,482.4986928304036,8.87519970536232,24
Wawayanda Lake,2017-08-06,17.847080485026066,0.009259862670054039,98158.78190104167,4.2501839066961535,262.2999278505643,320.01040776570636,5.429333647092183,0.0,24
Wawayanda Lake,2017-08-07,16.620835876464866,0.010250887639510134,98261.32161458333,2.906947192740763,92.3571718732516,358.92749404907227,5.8960003306468325,8.487199813127518,24
Wawayanda Lake,2017-08-08,18.647498067220074,0.011249800057460865,97939.12890625,2.463969360380998,272.7663457082429,363.82873916625977,81.6773372888565,0.15839999169111252,24
Wawayanda Lake,2017-08-09,19.850413258870464,0.009970037615858018,98542.8701171875,2.1134867825313757,305.58818340301514,327.4449920654297,23.79200106859207,0.0,24
Wawayanda Lake,2017-08-10,21.093747711181663,0.010861158448581895,98779.86588541667,2.1137462753817746,299.5156370798747,340.0637435913086,58.15733548005422,0.0,24
Wawayanda Lake,2017-09-21,21.22500381469729,0.012388608496015271,98150.21614583333,4.045677124478978,210.2466790676117,355.9212392171224,15.576000774900118,0.0,24
Wawayanda Lake,2017-09-22,18.712917582194034,0.00987005012575537,98259.9130859375,4.130352662240242,198.94026192029318,334.46457544962567,0.0,0.0,24
Wawayanda Lake,2017-09-23,20.841664886474632,0.011084504309110343,98210.51790364583,3.5386962327314677,219.9412616888682,364.9099871317546,0.0,0.0,24
Wawayanda Lake,2017-09-24,22.154163614908878,0.011657508516994616,98298.29134114583,1.9679304683648935,213.97367628415427,354.05249277750653,115.15200630823772,0.0,24
Wawayanda Lake,2017-09-25,23.883753712972027,0.013773421019626161,98282.1220703125,1.7137754815970805,211.1260942618052,371.17706807454425,472.69601885477704,0.0,24
Wawayanda Lake,2017-09-26,22.24332707722984,0.01370341272559017,98219.0361328125,2.33665427665917,205.81680150826773,369.18415959676105,209.04801006118456,0.0,24
Wawayanda Lake,2017-09-27,22.647083536783878,0.013783362655279538,97831.171875,1.9514485281028155,188.2890076637268,370.70665740966797,257.0586771921565,0.0,24
Wawayanda Lake,2017-09-28,19.986665344238304,0.011399479350075126,97451.84733072917,5.28642440921927,213.29238561789194,336.91582616170246,107.57333882649739,0.0,24
Wawayanda Lake,2017-09-29,11.657500203450544,0.0060166167677380145,98062.310546875,3.50060625355534,174.866007010142,295.51374435424805,0.3520000179608663,0.0,24
Wawayanda Lake,2017-09-30,12.648748016357445,0.006722441758029163,98338.15885416667,4.482550717486569,143.24288256963095,318.70749282836914,10.538667299163839,1.6391999460756779,24
Wawayanda Lake,2017-10-01,11.685419972737654,0.0062146625520351035,99121.1171875,2.4741344882641267,213.67488461732864,301.4383265177409,0.0,0.0,24
Wawayanda Lake,2017-10-02,12.40458450317385,0.0054796501256835954,99213.13899739583,2.2712060896025297,214.1137559314569,269.48833020528156,0.0,0.0,24
Wawayanda Lake,2017-10-03,13.474582926432314,0.006693895964417607,99798.94075520833,2.8019838189473067,190.21659178535143,299.6354103088379,0.9200000564257304,0.0,24
Wawayanda Lake,2017-10-04,14.55042165120445,0.008082191770275434,99338.18587239583,4.309772359678135,204.81738440195718,298.31332778930664,0.0,0.0,24
Wawayanda Lake,2018-06-26,16.319993591308616,0.008309095923323184,98680.64127604167,2.9538537450434763,314.5140579541524,313.4429105122884,0.0,0.0,24
Wawayanda Lake,2018-06-27,18.40791473388674,0.011682758495832482,98254.97688802083,4.651903811141277,167.97992372512817,361.01165771484375,33.01333510875702,3.858799920824822,24
Wawayanda Lake,2018-06-28,20.782083129882835,0.013864029354105393,97503.0888671875,4.007956979290793,223.03663539886475,392.4691556294759,362.560016810894,17.63039963506162,24
Wawayanda Lake,2018-06-29,23.247082010904972,0.013954379168959955,97835.638671875,3.6317116214109606,331.92505224545795,361.9195734659831,480.2000178496043,0.0,24
Wawayanda Lake,2018-06-30,24.138748423258487,0.014052741772805652,98196.62141927083,3.264610146606073,330.0356771151225,360.8662414550781,449.38401385148364,0.0,24
Wawayanda Lake,2018-07-01,26.07166442871096,0.01653302526877572,98130.3642578125,2.9718784973677543,310.00917887687683,381.5112419128418,1768.1120783487956,0.0,24
Wawayanda Lake,2018-07-02,27.066669718424503,0.017448421102017164,98284.01009114583,2.63513738795619,327.31009523073834,385.36415990193683,1966.3334376017253,0.0,24
Wawayanda Lake,2018-07-05,26.187917327880882,0.01786565858249863,98938.74934895833,3.1238085590369398,288.1693474451701,413.29957326253253,1771.4667510986328,0.9935999512672424,24
Wawayanda Lake,2018-07-06,24.932495371500675,0.016298125109945733,98259.71842447917,4.91119877244129,236.51180386543274,404.8345769246419,955.9493696689606,1.6703999633318745,24
Wawayanda Lake,2018-07-07,16.95916392008466,0.00851125840563327,98906.06673177083,3.3913218711866246,339.78318214416504,299.0995750427246,0.0,0.0,24
Wawayanda Lake,2018-07-08,18.534997558593773,0.00867607508553192,99146.20279947917,0.882990259084758,335.29860003789264,315.6166585286458,0.0,0.0,24
Wawayanda Lake,2018-07-09,20.162496185302757,0.010407516946240017,98677.162109375,3.3136164175291962,332.402223110199,327.22082773844403,0.0,0.0,24
Wawayanda Lake,2018-07-10,22.3137514750163,0.012545712641440332,97943.91536458333,3.537076393876425,328.3656388918559,346.8583285013835,296.9786834716797,0.0,24
Wawayanda Lake,2018-07-11,23.216664886474632,0.012941266836908957,97907.4580078125,3.588161029909246,263.8310527006785,371.4908256530762,496.64002497990924,2.434799909591675,24
Wawayanda Lake,2018-09-12,20.699577585856144,0.01372847108480831,98758.91243489583,2.1371366932854805,161.1378824710846,393.78498967488605,202.5893435527881,3.7339998157694936,24
Wawayanda Lake,2018-09-13,19.372500356038433,0.013013054345113536,98943.673828125,2.924729721406862,146.86213159561157,389.326655069987,124.00800496712327,0.2555999932810664,24
Wawayanda Lake,2018-09-14,20.51084162394208,0.013611141902705034,98831.33430989583,3.316190549189677,204.0330102443695,373.6879069010417,92.33333788563807,0.2976000066846609,24
Wawayanda Lake,2018-09-15,20.702920532226585,0.013436875112044314,98726.2333984375,1.6919090749799166,223.57734187444052,365.9862429300944,135.144007841746,0.0,24
Wawayanda Lake,2018-09-16,22.05249938964846,0.013807266911802193,98698.9375,2.1083773620580026,231.8053423166275,358.71666208902997,177.9946772058805,0.0,24
Wawayanda Lake,2018-09-17,21.613328552246116,0.013693879203250011,98491.87825520833,3.1311693059181493,199.5815519442161,364.5629081726074,97.34667005141576,7.706400036811829,24
Wawayanda Lake,2018-09-18,21.21124674479169,0.014792450160409013,97544.32096354167,3.331304969172622,116.80513167381287,403.04707590738934,65.68800320972998,13.911599652958103,24
Wawayanda Lake,2018-10-12,15.465833282470726,0.009632871039987853,96833.7705078125,6.077711670725374,187.52996889750162,326.85582605997723,5.6800003526732326,0.22159999422729015,24
Wawayanda Lake,2018-10-13,6.8479171752929915,0.005298079243705918,97403.9755859375,3.7270693337242746,91.10100467999776,293.40082867940265,8.245333651701609,5.028399992734194,24
Wawayanda Lake,2018-10-14,7.003742472330752,0.005003579213128735,98436.78385416667,3.048914484023374,113.52804780006409,279.24207878112793,0.0,0.0,24
Wawayanda Lake,2018-10-15,10.179579671223982,0.007382000098004937,98205.869140625,4.756759111887464,60.80062818527222,331.3049901326497,2.9253334204355874,0.6551999812945724,24
Wawayanda Lake,2018-10-16,10.1608342488607,0.005985395944056411,98045.10416666667,6.199336450416468,184.31613397598267,282.8595784505208,9.898666967948278,3.848799914121628,24
Wawayanda Lake,2018-10-17,6.758334096272809,0.004603108391165733,97811.22298177083,5.8065483176753085,142.96017281214395,265.58832931518555,17.00266756614049,0.017999999225139618,24
Wawayanda Lake,2018-10-18,4.032088216145856,0.0033659958474648497,98606.25260416667,7.429434052109754,138.39846444129944,285.21124267578125,12.301333655292789,0.0,24
Wawayanda Lake,2019-09-11,21.869588470459007,0.014045704311380783,98629.82779947917,4.266037073875201,236.8753867149353,375.72582244873047,792.9706996480624,0.0,24
Wawayanda Lake,2019-09-12,22.69083684285484,0.01460337518559148,98324.4169921875,2.9185225518874596,120.94709002971649,389.1699918111165,700.5040292739868,0.0,24
Wawayanda Lake,2019-09-13,15.583748118082704,0.009173866710625589,99296.9580078125,4.994248940339568,238.45730010668436,333.09791310628253,1.128000055750211,0.0,24
Wawayanda Lake,2019-09-14,14.831245676676454,0.009776991772620628,99051.47233072917,4.27780512620758,86.99925428628922,358.94040934244794,0.0,0.0013999999355291948,24
Wawayanda Lake,2019-09-15,19.844171142578148,0.011478037612202266,98549.36555989583,3.4370577210337654,236.46355406443277,350.56165822347003,43.54133542378744,0.0015999999595806003,24
Wawayanda Lake,2019-09-16,18.21749903361005,0.010267150239087641,98230.76692708333,2.2176351758495385,121.06458956003189,363.7591603597005,28.637334917982418,0.0,24
Wawayanda Lake,2019-09-17,16.403750356038433,0.00811263753954942,98386.26953125,3.1546865990495405,238.32676261663437,306.3662452697754,0.8320000171661377,0.0,24
Wawayanda Lake,2019-09-20,14.342500305175804,0.006712737609632313,98834.4345703125,3.5447162072194716,230.32225942611694,284.07124582926434,0.0,0.0,24
Wawayanda Lake,2019-09-21,17.503335571289085,0.008554645949819436,98728.1376953125,3.1195459062035904,228.81859318415323,307.89416249593097,0.0,0.0,24
Wawayanda Lake,2019-09-22,19.870010630289737,0.010716633405536413,98532.755859375,3.093549921537735,219.71051247914633,336.3341585795085,57.20000284910202,0.0,24
Wawayanda Lake,2019-09-23,22.47916692097984,0.012868071052556237,97742.60188802083,4.919143564016209,213.13859248161316,365.61082458496094,41.03466821896533,0.0,24
Wawayanda Lake,2019-09-24,19.347915903727237,0.010164741737147173,97349.2890625,5.047564581708623,214.84034458796182,340.1374905904134,89.2880037377278,0.0,24
Wawayanda Lake,2019-09-25,16.359585062662784,0.008415783328625063,97641.0,3.419833638711861,219.2128054300944,319.8395741780599,2.002666711807251,0.0,24
Wawayanda Lake,2019-09-26,18.413749949137394,0.00944651261670515,97435.80110677083,4.144800731229631,157.55888374646506,333.90915934244794,17.229334274927776,0.0009999999747378752,24
Wawayanda Lake,2019-09-27,15.422909037272158,0.00732482090825215,98208.1474609375,3.3487511160126213,215.84129798412323,293.10124588012695,0.0,0.00019999999494757503,24
Wawayanda Lake,2019-09-28,17.6908266703288,0.010143962649938961,98361.70703125,4.247946153500678,203.9717986981074,335.8704096476237,349.85601647694904,0.0,24
Wawayanda Lake,2019-09-29,20.11499938964846,0.011074779264163226,98686.90690104167,3.659576414069748,209.24530255794525,343.6612408955892,281.1253427819659,0.0,24
Wawayanda Lake,2019-09-30,13.970000203450544,0.007473750020532559,99002.65787760417,3.397717959026427,100.38388056556384,340.57332611083984,0.0,0.0,24
Wawayanda Lake,2019-10-01,18.005423482259136,0.011009966838173568,98346.33821614583,4.518165632377681,192.2823015153408,376.0291608174642,116.52000586191814,0.0,24
Wawayanda Lake,2019-10-04,13.51416676839195,0.007940441738658896,98179.14908854167,4.935414610093653,189.2335106531779,325.2283223470052,2.86133340994517,0.0007999999797903001,24
Wawayanda Lake,2019-10-05,7.057911173502627,0.004261987526357795,99227.11946614583,3.0414120720971387,210.71713415781656,244.49499448140463,0.0,0.0,24
Wawayanda Lake,2019-10-06,10.221667226155622,0.007139508399025847,99016.24381510417,4.733021798202201,64.75471107165019,324.0491574605306,0.024000000829497974,0.0,24
Wawayanda Lake,2019-10-07,17.97583414713544,0.011517150211147964,98490.9228515625,6.366903037144941,66.65091919898987,389.7004114786784,26.821334817757208,0.0015999999595806003,24
Wawayanda Lake,2019-10-08,14.22208175659182,0.0078113626029031975,98787.46354166667,4.394500642460916,167.78259404500326,342.98457590738934,1.2640000780423482,0.00439999985974282,24
Wawayanda Lake,2019-10-09,10.328749593098982,0.006357604210885863,98891.00944010417,5.060472896629556,75.26971205075581,322.4241600036621,0.0,0.003399999826797284,24
Wawayanda Lake,2019-10-10,11.825832621256533,0.006393995912124713,98936.45345052083,5.4398595422422025,142.57163063685098,334.44123967488605,0.0,0.0,24
Wawayanda Lake,2019-10-11,11.939577992757185,0.005852725026973833,98553.69205729167,5.387426712494588,138.86175560951233,329.1987368265788,0.0,0.0,24
Wawayanda Lake,2019-10-12,13.012499745686872,0.0074687417363747954,98032.99934895833,2.6997542105145342,159.84800815582275,342.9266586303711,0.0,0.0,24
Wawayanda Lake,2019-10-13,13.320003763834658,0.006860133435111493,98112.46907552083,2.7481329876544898,187.60463539759317,298.65290959676105,0.0,0.0,24
Wawayanda Lake,2019-10-14,12.294999694824241,0.006184100076400985,97888.37662760417,3.897266117171475,185.4344630241394,283.7362416585286,0.0,0.0,24
Wawayanda Lake,2019-10-15,9.856678263346376,0.004809687573773165,98327.55696614583,3.0877167020517855,184.04617444674173,264.23082733154297,0.0,0.0,24
Wawayanda Lake,2019-10-16,10.14291915893557,0.006506729327763121,97607.05794270833,5.846566543232396,123.96458903948466,298.66707674662274,32.36266858316958,0.0,24
Wawayanda Lake,2019-10-17,10.24750671386721,0.006806383394480993,95681.09049479167,9.969464329595104,73.37258740266164,330.21165974934894,0.6933333612978458,0.0,24
Wawayanda Lake,2019-10-18,8.75791956583661,0.005287712556309998,97146.73307291667,7.955068739711725,168.6067582766215,289.9404074350993,0.0,0.0,24
Wawayanda Lake,2019-10-19,6.6758285522461165,0.004676262518235792,98047.6923828125,3.1836956990630383,177.19550546010336,252.0595785776774,0.0,0.0,24
Wawayanda Lake,2019-10-20,8.785422261556013,0.005673904262948781,98045.27799479167,2.2765653970738886,67.32408601045609,300.6104094187419,0.0,0.00279999990016222,24
Wawayanda Lake,2019-10-21,11.609999593098982,0.007329308447272827,98121.55826822917,3.1141060638770615,169.53580025831857,307.6095784505208,0.0,0.00039999998989515007,24
Wawayanda Lake,2019-10-22,11.774162546793642,0.00784501681725184,98105.18684895833,4.756255631018857,78.89837805430095,327.6070734659831,0.0,3.011999954469502,24
Wawayanda Lake,2020-07-07,22.61915740966799,0.015223900166650614,98368.90234375,3.8930160461365677,311.62139042218524,381.27957407633465,991.1627124150594,0.07040000008419156,24
Wawayanda Lake,2020-07-08,23.6033276875814,0.016182987795521814,98136.46158854167,3.29161059846151,226.90667335192362,400.98332595825195,938.3040440877279,4.550399839878082,24
Wawayanda Lake,2020-07-09,24.780413564046246,0.01614244608208537,98019.2783203125,2.823742449369935,320.1138490835826,387.51540501912433,832.8453733126322,0.0,24
Wawayanda Lake,2020-07-10,22.750418599446636,0.015973979180368286,97869.69759114583,4.451024551621134,166.46221645673117,389.13915761311847,318.7626797358195,50.92679822444916,24
Wawayanda Lake,2020-07-11,21.46874516805015,0.014328362691837052,97129.1953125,4.150145702123918,248.5369287331899,400.6808268229167,525.0400170286497,11.773199800401926,24
Wawayanda Lake,2020-07-12,23.13041203816734,0.01396128760340313,97107.30436197917,4.901234356127453,323.0867239634196,369.46082433064777,330.4613521893819,0.017999999225139618,24
Wawayanda Lake,2020-07-13,23.575424448649112,0.013404629309661686,97365.76953125,3.538253886380625,312.5403087933858,379.53124237060547,512.8026917775472,3.025999903678894,24
Wawayanda Lake,2020-07-14,22.19916687011721,0.012189020946001014,97809.07096354167,3.5866562420014443,322.240181684494,365.8395767211914,405.7813533147176,0.0,24
Wawayanda Lake,2020-07-15,21.582920328776066,0.012235633485640088,98519.66276041667,2.7093733110482705,286.26234499613446,363.74749120076496,92.97600475947063,0.00559999980032444,24
Wawayanda Lake,2020-07-16,21.115833536783878,0.013257679296657443,98891.9091796875,4.418557847188106,257.06722140312195,377.39040756225586,13.162667284409205,0.0,24
Wawayanda Lake,2020-07-17,20.34666722615562,0.01371205442895492,98517.53971354167,3.7180355026099208,199.53275922934213,394.0804087320964,469.57869050900143,0.3255999907851219,24
Wawayanda Lake,2020-07-18,25.159579213460308,0.015602983495530983,98286.99446614583,2.1625427937867028,321.01942960421246,375.3108253479004,981.8613840738932,0.18399999383836985,24
Wawayanda Lake,2020-07-19,25.32124989827476,0.014661400113254786,97952.54817708333,4.417938277702005,316.0692210992177,370.90207926432294,707.8027021884918,0.0,24
Wawayanda Lake,2020-07-20,27.004582977294945,0.017685975413769484,97627.33040364583,4.508317653560203,309.4501787026723,407.83707936604816,1534.4960835774739,0.15360000170767307,24
Wawayanda Lake,2020-07-21,24.884582773844425,0.014151641827387115,98031.51888020833,2.8541419548921536,314.6095968087514,371.4091606140137,267.9520174441859,0.0,24
Wawayanda Lake,2020-07-22,26.31083450317385,0.015491595957428217,98130.51529947917,2.047404430147547,271.01609607537586,404.32623926798504,736.3840415477753,3.8527998432982713,24
Wawayanda Lake,2020-07-23,25.54250233968101,0.016438479147230584,98111.86751302083,3.701093289501103,236.7780137459437,413.32290776570636,1046.5387058258057,1.4599999284837395,24
Wawayanda Lake,2020-07-24,24.669163004557316,0.014993562751139203,98312.02213541667,2.311542084651653,289.1668020884196,383.45415751139325,599.4400310516357,0.48159999679774046,24
Wawayanda Lake,2020-07-25,24.20958226521812,0.014503966745299598,98348.65266927083,2.7056171244827847,310.18567752838135,371.49707285563153,487.6800225575765,0.0,24
Wawayanda Lake,2020-07-26,25.36708221435549,0.015352991914066175,98093.81087239583,4.334541600227557,312.69722433884937,378.2104085286458,191.21867410341898,0.0,24
Wawayanda Lake,2020-07-27,25.251666005452496,0.015221379309271773,97588.09765625,4.462964194114056,312.851269642512,371.6020736694336,404.1413552102943,0.0,24
Wawayanda Lake,2020-07-31,23.29916915893557,0.01349976685984681,97562.59733072917,2.3990990172610434,236.56751385331154,387.46749114990234,174.94933911940703,11.34719982452225,24
Wawayanda Lake,2020-08-01,23.758334096272808,0.013120329395557443,97777.70475260417,1.684437527987403,303.48509590824443,373.4266586303711,65.82400369644165,0.0,24
Wawayanda Lake,2020-08-02,23.547497049967472,0.015640029412073393,97830.8720703125,4.116285568897852,177.85467561334372,406.76207478841144,699.938697921733,5.219599945354275,24
Wawayanda Lake,2020-08-03,24.402497863769554,0.014503875165246427,97923.38444010417,4.3994462857304715,305.06718249122304,375.8737449645996,466.6373556243877,0.5243999767117202,24
Wawayanda Lake,2020-08-04,22.401671346028667,0.015029483513596157,97745.0078125,4.823654243214961,126.28929877281189,405.0087420145671,360.5760182936986,82.44319725449895,24
Wawayanda Lake,2020-08-05,21.08791249593101,0.012287000194191933,97980.79329427083,3.599435629996736,306.6952233513196,356.57457478841144,46.20000212391218,3.1019999980926514,24
Wawayanda Lake,2020-08-06,20.78751398722333,0.01067296260346969,98344.9091796875,2.896706595803828,284.92668148875237,353.0474917093913,2.112000103419026,0.0,24
Wawayanda Lake,2020-08-07,19.591250356038433,0.011044854298233986,98501.70345052083,3.333395617026032,166.97163123637438,372.70582326253253,27.869334747393925,2.3507999181747437,24
Wawayanda Lake,2020-08-08,20.810414886474632,0.013115216900284091,98570.53776041667,2.5305578120485754,218.69855455557504,378.62749608357746,615.23469455416,1.3783999234437943,24
Wawayanda Lake,2020-08-09,22.988341267903667,0.01432706683408469,98415.14876302083,3.0887651469417867,277.5873057047526,371.99707412719727,737.6080385843912,0.0,24
Wawayanda Lake,2020-08-10,24.85833384195966,0.01532537944149226,98173.9638671875,3.386491077581327,288.7993491490682,386.97499084472656,998.6453971862793,0.0,24
Wawayanda Lake,2020-08-11,25.67875442504885,0.016751271090470254,97947.37174479167,4.092063749593394,265.20959663391113,396.8949915568034,1499.1120732625325,0.0,24
Wawayanda Lake,2020-08-12,26.1887514750163,0.01688806697105368,98080.75618489583,2.6745478673859275,265.5934702555339,416.1966552734375,1243.0320663452148,0.05200000014156103,24
Wawayanda Lake,2020-08-13,25.016665395100933,0.015310354414395988,98348.74641927083,2.054040042765546,250.6015125910441,386.1554069519043,1003.5520343780518,0.0,24
Wawayanda Lake,2020-09-05,17.83125203450523,0.008114687555159131,98427.0712890625,3.66556356524395,261.15471839904785,308.4624951680501,0.1066666692495346,0.0,24
Wawayanda Lake,2020-09-06,18.033752695719425,0.008662654339180639,98604.87825520833,3.1436845390698713,228.5053866704305,335.99665959676105,25.322667891780537,0.0,24
Wawayanda Lake,2020-09-07,19.157495117187523,0.010978900167780617,98322.259765625,4.360128050770194,247.3643887837728,337.12999216715497,9.362667183081308,0.00839999970048666,24
Wawayanda Lake,2020-09-08,20.651671346028667,0.011858933450033268,98503.00065104167,2.7363561450952965,248.10780096054077,348.0770746866862,9.27466700039804,0.0,24
Wawayanda Lake,2020-09-09,21.179170227050804,0.011984862697621187,98944.91080729167,2.6447462954858514,228.9252610206604,349.6083272298177,25.517334311579663,0.0,24
Wawayanda Lake,2020-09-10,19.98541412353518,0.01358010433614254,98931.75455729167,1.757503606238734,92.08342285950978,392.62124252319336,34.480001844776176,15.640399648807943,24
Wawayanda Lake,2020-09-11,20.44124501546226,0.012746566906571388,98602.00813802083,2.923520487978875,201.22697003682455,374.97582626342773,7.962667067845662,0.6591999921947718,24
Wawayanda Lake,2020-10-16,13.30874913533531,0.009145300136879086,98067.73404947917,3.938464381308749,47.79929437239965,351.8787422180176,3.4320001800855002,9.954199776053429,24
Wawayanda Lake,2020-10-17,8.752079264322939,0.0050838625951049226,98697.6025390625,3.7900923577482035,181.26509364446005,282.93915939331055,0.0,0.4550999905914068,24
Wawayanda Lake,2020-10-18,9.157492574056013,0.0042719292105175555,99324.2265625,3.4852024278768763,165.59934043884277,264.5483277638753,0.0,0.0,24
Wawayanda Lake,2020-10-19,11.585000610351585,0.007844758414042493,99023.6103515625,3.5302125255698407,90.7445876399676,321.6958236694336,11.277333706617355,0.2809999957680702,24
Wawayanda Lake,2020-10-20,15.714164988199892,0.010139679264587661,98739.10026041667,3.2590272326907357,97.33171331882477,366.30540720621747,12.349334049038589,0.0,24
Wawayanda Lake,2020-10-21,16.722913360595726,0.010644550163609287,98828.77311197917,3.978254131150828,146.25688260793686,338.38457616170246,159.67467625935873,0.0,24
Wawayanda Lake,2020-10-22,18.060825602213566,0.011164704337716103,98770.15559895833,2.8069324756162595,145.95196376244226,342.7683219909668,127.96800514062245,0.0,24
Wawayanda Lake,2024-10-15,5.535002644856793,0.00415264170927306,97465.7001953125,4.853549362921083,114.14037315050761,276.93458048502606,16.390833415091038,0.0,24
Wawayanda Lake,2024-10-16,6.807497914632184,0.004330208350438625,97856.8203125,5.177426542509484,136.84646113713583,291.9333356221517,2.781249982615312,0.0,24
Wawayanda Lake,2024-10-17,6.922500864664737,0.0041473416398124146,98641.970703125,2.9449065756948936,180.77050050099692,255.93666712443033,0.0,0.0,24
Wawayanda Lake,2024-10-18,8.824168141682966,0.0042865999760882305,99143.88313802083,3.2426889341480414,176.42437736193338,256.8595822652181,0.0,0.0,24
Wawayanda Lake,2024-10-19,11.281251525878929,0.004723512548177193,99574.54264322917,1.5147809604810645,174.58404322465262,265.22291564941406,0.0,0.0,24
Wawayanda Lake,2024-10-20,12.11750183105471,0.005335762495330225,99051.728515625,3.158245126531679,173.64991744359335,265.7233320871989,0.0,0.0,24
Wawayanda Lake,2024-10-21,14.46833190917971,0.0059551207814365625,98616.94173177083,3.5645238213950585,151.72266680002213,302.0225016276042,0.0,0.0,24
Wawayanda Lake,2024-10-24,14.999583180745466,0.007330208357113103,97761.08365885417,4.7680058830562855,161.13087622324625,306.94375228881836,5.6662500103314715,0.13280000232043676,24
Wawayanda Lake,2024-10-25,8.277502950032575,0.004635179143709441,98257.982421875,3.359451702260262,163.25183169047037,253.75499852498373,0.0,0.0,24
Wawayanda Lake,2024-10-26,10.684997812906923,0.004715454182587564,98196.728515625,5.576133361582134,142.41150029500326,304.6208330790202,4.036250000198682,0.0,24
Wawayanda Lake,2024-10-27,6.677082316080752,0.003119612520094961,99030.37434895833,3.641613927018776,162.30229028066,238.28666496276855,0.0,0.0,24
Wawayanda Lake,2024-10-28,7.60416437784833,0.0034432499669492245,99223.9462890625,2.438522038732809,145.1292495727539,279.04250208536786,0.0,0.0,24
Wawayanda Lake,2024-10-29,9.295828755696638,0.0061011208648172515,99406.11653645833,4.258026870315728,111.13804117838542,307.6599979400635,12.437499841054281,0.0,24
Wawayanda Lake,2024-10-30,14.987919108072939,0.008699841622728854,99016.15006510417,3.5378982612623773,146.07391834259033,334.3129145304362,1.428333322207133,0.0,24
